1;2023-05-05;02:32:08.0000000;2001;480
2;2023-09-30;10:19:30.0000000;573;43
3;2023-05-11;14:30:02.0000000;1221;203
4;2024-12-25;23:26:28.0000000;3167;634
5;2023-02-08;06:39:22.0000000;3035;784
6;2022-08-13;05:17:39.0000000;2721;290
7;2022-01-01;18:12:00.0000000;3148;285
8;2022-10-13;13:04:26.0000000;2456;601
9;2023-11-16;03:27:57.0000000;674;405
10;2022-02-05;09:46:15.0000000;2847;1011
11;2022-01-28;21:33:58.0000000;688;471
12;2024-01-07;16:38:26.0000000;1692;252
13;2023-10-21;06:01:19.0000000;2957;976
14;2024-04-13;20:07:31.0000000;1829;257
15;2023-04-20;01:26:58.0000000;3091;919
16;2023-11-05;12:56:11.0000000;2197;544
17;2024-05-23;17:46:17.0000000;3322;679
18;2022-09-12;20:27:30.0000000;3430;130
19;2024-07-07;07:26:25.0000000;2788;596
20;2022-11-03;06:11:47.0000000;1901;204
21;2024-11-25;00:21:45.0000000;1574;408
22;2022-03-20;02:58:11.0000000;1724;688
23;2022-01-22;13:02:29.0000000;827;559
24;2022-10-25;23:07:13.0000000;3585;154
25;2023-03-25;21:39:11.0000000;2636;433
26;2022-08-10;23:49:48.0000000;1530;972
27;2023-03-20;20:03:18.0000000;430;588
28;2022-04-24;16:01:33.0000000;520;90
29;2023-08-21;17:32:07.0000000;3135;597
30;2022-05-29;01:52:53.0000000;1850;148
31;2023-12-16;22:23:24.0000000;3413;773
32;2022-12-19;19:37:19.0000000;919;30
33;2023-05-24;21:27:46.0000000;1441;430
34;2022-02-01;10:21:07.0000000;228;126
35;2024-03-16;17:22:49.0000000;1541;128
36;2022-10-10;18:41:45.0000000;344;1006
37;2022-09-10;17:20:35.0000000;125;697
38;2024-07-06;19:47:18.0000000;415;509
39;2023-05-06;18:39:22.0000000;608;383
40;2024-08-02;07:39:50.0000000;1185;342
41;2023-03-27;23:15:33.0000000;3414;989
42;2024-01-09;10:00:44.0000000;2899;859
43;2022-07-05;07:52:57.0000000;2530;707
44;2022-01-28;00:11:12.0000000;334;10
45;2024-08-01;05:19:21.0000000;893;608
46;2022-03-24;00:37:43.0000000;2988;970
47;2023-11-14;17:40:16.0000000;1743;884
48;2024-04-26;23:03:45.0000000;1190;285
49;2023-05-08;05:55:03.0000000;509;789
50;2022-11-24;15:12:19.0000000;1729;665
51;2024-01-18;20:48:41.0000000;267;722
52;2024-04-04;19:16:10.0000000;2057;52
53;2024-06-17;01:06:05.0000000;77;436
54;2022-02-15;16:26:26.0000000;1000;723
55;2022-03-03;06:25:54.0000000;1768;716
56;2023-03-10;17:36:05.0000000;1455;988
57;2022-11-10;13:15:08.0000000;1716;587
58;2023-06-27;09:17:18.0000000;2747;424
59;2024-01-26;03:09:55.0000000;1487;616
60;2024-09-04;23:14:26.0000000;2164;835
61;2024-01-19;15:51:32.0000000;3231;485
62;2024-10-02;00:44:13.0000000;93;615
63;2024-09-22;23:12:46.0000000;1935;482
64;2023-04-18;03:08:48.0000000;1594;207
65;2024-10-31;05:34:47.0000000;3071;67
66;2024-05-17;10:26:03.0000000;3239;111
67;2024-02-03;12:08:41.0000000;997;475
68;2024-11-03;17:23:27.0000000;2393;181
69;2023-08-31;18:41:11.0000000;191;283
70;2022-04-07;09:08:53.0000000;1396;265
71;2023-07-17;03:56:55.0000000;3201;463
72;2023-04-19;08:18:06.0000000;1970;384
73;2022-09-22;15:10:56.0000000;562;741
74;2023-12-22;01:13:03.0000000;3189;567
75;2023-04-24;13:39:43.0000000;1211;29
76;2023-06-12;23:57:59.0000000;3250;19
77;2024-04-03;05:43:22.0000000;181;305
78;2023-09-12;04:06:06.0000000;1280;603
79;2022-12-01;04:28:29.0000000;3349;435
80;2023-11-11;04:24:25.0000000;1047;129
81;2022-12-03;23:13:53.0000000;2659;450
82;2022-03-13;08:14:35.0000000;1472;461
83;2022-06-20;01:07:42.0000000;2695;901
84;2022-04-20;23:47:13.0000000;519;177
85;2024-08-03;12:48:03.0000000;1648;519
86;2023-11-13;14:31:14.0000000;1593;317
87;2022-09-23;11:57:32.0000000;775;400
88;2024-08-18;14:33:20.0000000;2047;766
89;2023-06-14;15:13:56.0000000;3275;939
90;2023-01-14;08:13:38.0000000;3291;933
91;2022-05-17;01:08:09.0000000;1748;906
92;2022-04-24;11:23:52.0000000;2477;788
93;2023-08-31;11:34:44.0000000;1213;183
94;2024-06-12;21:45:59.0000000;337;175
95;2023-03-05;06:34:32.0000000;1220;618
96;2024-12-09;03:19:43.0000000;2478;749
97;2023-01-01;20:49:53.0000000;2835;829
98;2022-08-14;09:31:31.0000000;1841;108
99;2023-07-05;22:48:07.0000000;3573;57
100;2023-12-16;11:09:07.0000000;1791;289
101;2024-10-31;14:18:15.0000000;3251;57
102;2024-06-16;12:25:19.0000000;2759;868
103;2023-05-16;04:48:19.0000000;2111;802
104;2023-04-25;10:16:39.0000000;137;666
105;2023-03-23;17:29:22.0000000;2498;950
106;2022-04-06;17:38:31.0000000;527;443
107;2022-09-14;23:59:08.0000000;3198;977
108;2023-07-14;20:41:18.0000000;1578;982
109;2024-11-10;23:32:54.0000000;2488;856
110;2023-09-29;07:13:16.0000000;1852;292
111;2023-02-08;19:53:45.0000000;1828;860
112;2022-03-26;12:47:31.0000000;573;903
113;2024-11-16;18:40:16.0000000;1640;627
114;2024-05-03;16:23:56.0000000;1151;221
115;2024-10-09;09:53:17.0000000;474;152
116;2024-01-26;23:06:17.0000000;772;180
117;2022-04-17;23:59:59.0000000;1595;657
118;2022-02-16;13:02:45.0000000;1082;485
119;2023-06-07;03:55:11.0000000;1837;287
120;2022-03-21;04:21:38.0000000;1179;723
121;2023-11-17;18:37:16.0000000;512;891
122;2023-07-12;08:13:48.0000000;313;476
123;2024-01-31;23:11:20.0000000;2931;598
124;2022-11-10;07:25:56.0000000;3329;263
125;2023-03-19;19:26:03.0000000;1433;924
126;2023-02-06;10:58:57.0000000;2230;496
127;2024-12-30;14:58:36.0000000;1238;800
128;2022-04-17;18:12:15.0000000;2916;137
129;2022-07-28;10:35:30.0000000;1490;647
130;2023-06-27;22:33:12.0000000;507;105
131;2023-01-12;10:10:35.0000000;578;469
132;2022-06-17;02:27:14.0000000;2033;432
133;2022-06-08;08:54:17.0000000;2279;1008
134;2024-11-12;08:55:58.0000000;1924;926
135;2023-03-19;07:11:19.0000000;2516;263
136;2022-08-29;20:01:27.0000000;1276;150
137;2023-07-05;05:38:52.0000000;2954;61
138;2024-10-01;11:05:03.0000000;1692;382
139;2023-05-12;02:15:47.0000000;2364;260
140;2022-09-23;14:24:52.0000000;1308;446
141;2024-06-26;02:16:55.0000000;1918;114
142;2023-10-08;06:29:52.0000000;535;839
143;2023-09-06;19:44:18.0000000;2417;644
144;2022-08-14;13:27:04.0000000;538;443
145;2022-07-12;22:16:04.0000000;3566;777
146;2024-05-15;20:46:51.0000000;518;476
147;2023-11-23;06:57:20.0000000;1255;535
148;2022-02-24;15:01:43.0000000;1331;441
149;2023-11-26;08:39:46.0000000;2135;148
150;2023-05-06;13:09:57.0000000;333;499
151;2022-01-29;13:55:30.0000000;2611;880
152;2022-05-28;03:41:27.0000000;522;283
153;2022-08-18;12:01:30.0000000;2195;791
154;2024-05-16;18:59:59.0000000;2635;34
155;2023-11-27;12:33:03.0000000;2388;11
156;2023-05-09;11:01:47.0000000;2708;971
157;2023-05-02;22:27:01.0000000;2488;216
158;2023-08-29;16:24:30.0000000;2318;121
159;2023-06-08;07:09:58.0000000;3548;268
160;2023-10-19;09:28:05.0000000;196;119
161;2022-07-08;19:01:44.0000000;2677;948
162;2024-05-24;12:59:29.0000000;2353;216
163;2024-02-11;23:10:22.0000000;2627;742
164;2024-06-02;00:38:55.0000000;2578;107
165;2022-03-17;10:01:31.0000000;2639;175
166;2023-11-26;22:28:02.0000000;1013;469
167;2022-08-07;15:23:59.0000000;1867;161
168;2022-10-19;07:10:40.0000000;255;417
169;2023-07-12;07:17:04.0000000;1712;874
170;2024-03-21;05:39:29.0000000;845;550
171;2022-04-09;15:45:41.0000000;598;221
172;2023-08-18;13:16:24.0000000;2952;938
173;2024-01-29;00:11:42.0000000;3535;828
174;2024-09-04;22:37:09.0000000;1643;331
175;2024-06-10;22:16:52.0000000;1527;479
176;2022-07-30;03:06:52.0000000;444;745
177;2023-02-13;00:57:16.0000000;1920;272
178;2023-03-03;19:11:02.0000000;1851;643
179;2024-08-22;13:27:04.0000000;406;89
180;2023-08-29;11:21:35.0000000;1583;60
181;2022-04-23;05:06:18.0000000;1026;159
182;2022-03-23;09:34:56.0000000;1351;700
183;2023-04-09;05:35:56.0000000;1290;552
184;2022-05-08;14:04:36.0000000;662;158
185;2024-08-30;14:40:14.0000000;1922;511
186;2023-07-31;17:22:02.0000000;1273;346
187;2023-08-29;17:06:18.0000000;378;303
188;2024-01-08;21:50:38.0000000;1882;764
189;2024-03-03;12:32:03.0000000;2399;636
190;2024-06-14;04:02:52.0000000;217;779
191;2023-12-13;15:41:57.0000000;2457;427
192;2024-01-13;16:44:22.0000000;2208;469
193;2023-04-24;21:13:00.0000000;450;970
194;2023-10-08;03:26:08.0000000;1093;247
195;2023-05-25;17:06:11.0000000;1661;346
196;2024-04-17;20:47:19.0000000;1650;724
197;2022-12-15;17:46:37.0000000;2311;242
198;2023-08-05;08:11:13.0000000;2276;18
199;2023-09-28;14:24:56.0000000;1592;105
200;2023-01-14;22:50:36.0000000;3140;243
201;2024-11-02;13:09:03.0000000;3390;10
202;2024-01-03;16:09:53.0000000;2512;374
203;2024-04-02;10:45:20.0000000;406;584
204;2024-08-20;00:32:09.0000000;3265;106
205;2022-01-23;14:40:50.0000000;1507;852
206;2023-06-09;11:18:04.0000000;2477;25
207;2023-07-11;03:45:52.0000000;2058;400
208;2024-01-03;16:06:39.0000000;169;174
209;2024-11-24;05:01:00.0000000;1374;282
210;2023-09-11;21:18:50.0000000;1881;79
211;2024-03-31;10:38:58.0000000;2121;733
212;2023-03-18;01:11:46.0000000;2521;344
213;2023-12-06;16:01:12.0000000;1619;329
214;2024-08-12;20:45:55.0000000;3461;617
215;2022-11-02;00:02:09.0000000;1387;393
216;2023-05-06;08:58:32.0000000;2097;100
217;2023-07-26;17:34:18.0000000;2912;398
218;2024-12-03;07:02:01.0000000;1955;640
219;2023-01-05;09:04:59.0000000;1366;558
220;2022-08-17;23:01:31.0000000;2400;407
221;2023-06-16;01:01:51.0000000;2980;645
222;2022-08-01;14:00:56.0000000;1953;823
223;2022-11-11;19:08:48.0000000;2695;416
224;2022-03-31;17:59:30.0000000;942;16
225;2024-10-03;03:49:44.0000000;1977;318
226;2022-08-18;06:36:48.0000000;2586;754
227;2024-07-18;08:50:39.0000000;3455;341
228;2023-08-23;15:08:35.0000000;3375;897
229;2023-12-14;04:49:32.0000000;2355;837
230;2022-10-21;00:49:06.0000000;87;770
231;2023-12-10;09:20:22.0000000;1725;877
232;2023-11-17;00:16:31.0000000;2838;731
233;2022-06-09;20:05:57.0000000;2065;279
234;2023-02-28;19:33:28.0000000;1941;56
235;2022-07-29;01:22:37.0000000;575;428
236;2022-05-04;04:55:58.0000000;2307;616
237;2024-11-24;07:42:14.0000000;1969;113
238;2024-05-31;04:56:15.0000000;1295;320
239;2022-09-26;02:40:19.0000000;2193;174
240;2023-12-07;02:05:23.0000000;1461;273
241;2024-02-03;16:14:54.0000000;1993;705
242;2023-01-10;07:30:53.0000000;1019;515
243;2023-07-16;06:05:24.0000000;1232;99
244;2023-01-30;22:01:09.0000000;1229;29
245;2023-06-28;08:49:36.0000000;859;823
246;2024-01-01;11:33:11.0000000;1975;247
247;2023-06-10;09:13:15.0000000;3267;218
248;2023-10-22;04:51:07.0000000;509;568
249;2024-08-21;10:07:08.0000000;2234;147
250;2023-02-18;02:09:44.0000000;1626;560
251;2023-10-28;20:54:49.0000000;3176;304
252;2022-09-19;10:51:28.0000000;182;513
253;2023-05-09;06:23:23.0000000;2935;502
254;2024-04-15;09:06:49.0000000;1821;250
255;2023-03-28;15:45:40.0000000;1972;206
256;2024-03-12;06:55:00.0000000;3401;183
257;2023-03-15;02:33:42.0000000;2312;433
258;2022-08-02;19:59:33.0000000;457;545
259;2022-03-13;23:14:21.0000000;2413;405
260;2022-03-17;21:57:48.0000000;217;951
261;2023-03-31;13:05:40.0000000;2623;144
262;2023-07-31;16:30:30.0000000;420;23
263;2024-04-16;09:07:10.0000000;2948;944
264;2023-11-18;07:00:21.0000000;2800;159
265;2022-06-10;16:13:15.0000000;2264;48
266;2022-10-06;23:53:51.0000000;2684;260
267;2023-12-30;05:07:37.0000000;2674;237
268;2023-12-22;11:51:39.0000000;1186;833
269;2023-08-12;05:55:59.0000000;2655;652
270;2024-09-21;13:55:14.0000000;3158;970
271;2024-07-10;13:10:11.0000000;2361;160
272;2024-07-03;17:05:23.0000000;3035;957
273;2022-06-17;12:12:05.0000000;727;500
274;2024-10-01;05:29:06.0000000;3440;187
275;2024-11-27;11:35:09.0000000;158;800
276;2022-10-07;05:41:47.0000000;2039;172
277;2022-05-01;12:45:10.0000000;3077;579
278;2022-09-10;18:22:56.0000000;163;965
279;2023-03-25;15:59:10.0000000;2336;451
280;2023-09-08;01:00:22.0000000;1382;244
281;2023-05-30;01:25:09.0000000;2636;517
282;2022-11-24;07:07:19.0000000;2033;458
283;2022-02-27;16:04:10.0000000;2075;967
284;2024-10-25;02:58:10.0000000;799;158
285;2022-03-27;03:59:52.0000000;675;359
286;2024-03-07;06:05:32.0000000;1063;224
287;2023-03-22;07:42:14.0000000;3027;527
288;2022-06-02;09:53:25.0000000;1218;262
289;2024-03-23;07:53:03.0000000;3111;749
290;2023-03-13;03:03:06.0000000;2512;228
291;2024-08-31;23:46:57.0000000;1761;402
292;2024-02-29;07:35:22.0000000;365;386
293;2022-08-19;11:41:03.0000000;400;101
294;2023-11-19;13:13:44.0000000;1965;757
295;2024-06-05;01:17:32.0000000;1026;333
296;2024-06-17;13:08:05.0000000;1581;524
297;2023-12-30;07:49:48.0000000;3097;466
298;2023-02-19;12:26:02.0000000;1360;49
299;2023-11-24;00:45:24.0000000;2970;141
300;2022-01-21;05:42:41.0000000;1081;406
301;2022-07-01;00:47:17.0000000;977;724
302;2022-03-26;04:44:42.0000000;494;1007
303;2023-07-14;23:39:51.0000000;664;418
304;2024-05-28;04:57:57.0000000;2068;879
305;2022-02-22;05:17:42.0000000;490;342
306;2022-06-20;00:03:47.0000000;2527;836
307;2023-01-09;14:50:26.0000000;557;430
308;2022-04-04;03:00:54.0000000;1873;748
309;2022-09-04;09:48:39.0000000;1713;492
310;2022-03-28;14:52:23.0000000;1938;119
311;2022-11-01;01:39:16.0000000;2730;74
312;2024-05-19;17:00:27.0000000;1023;389
313;2024-05-22;00:08:12.0000000;3235;354
314;2022-10-04;20:07:22.0000000;1839;978
315;2022-12-20;23:04:58.0000000;1491;756
316;2023-07-25;21:00:06.0000000;2320;335
317;2022-05-16;21:26:36.0000000;3404;630
318;2023-05-03;20:23:41.0000000;2080;933
319;2022-06-19;18:18:37.0000000;2208;441
320;2022-12-08;09:22:33.0000000;1353;79
321;2024-08-28;10:15:46.0000000;486;793
322;2024-06-17;16:13:25.0000000;2398;285
323;2022-08-15;00:31:24.0000000;2100;178
324;2022-01-21;03:16:00.0000000;237;283
325;2022-06-26;09:39:18.0000000;2112;361
326;2022-08-01;06:17:16.0000000;2319;305
327;2022-03-25;02:56:18.0000000;1903;176
328;2023-04-07;08:18:16.0000000;99;816
329;2022-12-24;18:47:09.0000000;3354;228
330;2023-02-05;16:46:53.0000000;902;415
331;2024-09-07;16:31:39.0000000;195;473
332;2022-09-06;07:37:21.0000000;2878;3
333;2023-06-10;03:58:18.0000000;256;368
334;2024-01-10;03:55:09.0000000;1943;995
335;2024-03-17;14:02:44.0000000;1684;349
336;2024-11-13;16:29:01.0000000;564;918
337;2024-06-10;15:15:02.0000000;1576;230
338;2022-12-28;11:31:06.0000000;1556;23
339;2023-09-01;23:21:05.0000000;2806;609
340;2024-10-29;06:36:27.0000000;2686;345
341;2022-11-03;22:31:53.0000000;741;113
342;2023-05-09;05:24:39.0000000;2176;214
343;2023-11-02;19:01:12.0000000;922;970
344;2023-12-08;13:53:02.0000000;103;484
345;2023-12-09;16:34:34.0000000;2768;289
346;2022-07-14;06:12:44.0000000;2188;417
347;2023-11-15;09:02:50.0000000;950;185
348;2022-11-15;06:06:02.0000000;1427;375
349;2023-07-09;22:14:47.0000000;782;908
350;2023-10-12;16:10:30.0000000;3325;920
351;2022-05-29;20:40:15.0000000;3147;606
352;2022-06-22;01:22:07.0000000;854;564
353;2024-09-24;06:51:17.0000000;2442;48
354;2024-06-16;17:29:13.0000000;2458;105
355;2022-05-29;10:32:29.0000000;3043;380
356;2022-01-18;12:16:48.0000000;1807;93
357;2023-02-27;02:23:42.0000000;899;325
358;2023-08-07;21:56:52.0000000;2073;278
359;2022-09-06;01:39:12.0000000;3351;879
360;2022-03-03;04:55:46.0000000;2375;997
361;2023-06-05;03:52:00.0000000;2764;549
362;2024-08-03;11:06:00.0000000;1246;831
363;2023-03-12;15:28:45.0000000;2145;566
364;2023-07-03;08:33:30.0000000;1240;568
365;2024-06-02;20:07:21.0000000;2290;294
366;2022-09-02;22:04:13.0000000;3021;101
367;2023-07-21;08:34:08.0000000;2790;775
368;2024-12-17;16:13:25.0000000;2040;30
369;2022-06-15;18:29:08.0000000;1420;227
370;2024-10-28;21:49:57.0000000;2158;854
371;2023-12-19;02:52:42.0000000;1715;325
372;2024-05-14;15:46:29.0000000;1238;917
373;2022-08-05;10:08:15.0000000;3100;453
374;2022-12-12;19:14:28.0000000;997;1009
375;2023-11-28;08:27:48.0000000;3522;690
376;2022-09-17;23:32:08.0000000;1906;889
377;2023-04-29;20:16:46.0000000;1700;1007
378;2024-01-28;01:08:52.0000000;2180;561
379;2024-12-15;23:55:03.0000000;1004;327
380;2023-11-09;09:53:21.0000000;1362;956
381;2024-05-18;03:47:27.0000000;1852;903
382;2022-10-01;21:04:42.0000000;2203;666
383;2023-04-23;20:42:19.0000000;1109;805
384;2023-07-08;17:27:19.0000000;2487;260
385;2023-03-27;04:49:46.0000000;3588;674
386;2024-12-17;04:30:26.0000000;3305;910
387;2024-04-12;19:55:45.0000000;2760;551
388;2024-08-01;00:37:02.0000000;1973;456
389;2024-10-28;17:53:26.0000000;1373;720
390;2022-10-17;07:39:09.0000000;72;632
391;2024-09-17;13:12:19.0000000;788;947
392;2022-05-17;18:52:25.0000000;3099;796
393;2022-03-23;10:36:42.0000000;1003;163
394;2022-10-04;23:25:44.0000000;847;202
395;2024-08-28;13:26:27.0000000;990;827
396;2024-03-13;21:25:08.0000000;3186;802
397;2024-02-29;08:15:46.0000000;1919;924
398;2022-06-07;07:11:41.0000000;1481;812
399;2022-05-17;14:27:35.0000000;1483;367
400;2023-03-27;02:59:05.0000000;2046;676
401;2023-03-20;14:09:40.0000000;3298;780
402;2024-10-06;11:05:08.0000000;3449;24
403;2024-01-08;08:35:24.0000000;842;829
404;2023-07-11;06:08:03.0000000;1705;988
405;2023-04-16;11:06:24.0000000;3549;761
406;2023-01-22;06:55:39.0000000;607;75
407;2023-07-08;22:49:46.0000000;2276;672
408;2024-05-08;13:02:46.0000000;2959;16
409;2024-03-03;04:21:10.0000000;634;896
410;2024-05-08;13:08:09.0000000;952;590
411;2022-02-24;16:01:46.0000000;3423;730
412;2022-10-08;16:01:12.0000000;2265;962
413;2022-07-22;20:55:34.0000000;3136;671
414;2022-11-29;09:25:44.0000000;2973;909
415;2024-08-27;00:05:24.0000000;699;78
416;2023-03-27;16:25:13.0000000;583;659
417;2023-02-26;13:14:17.0000000;763;901
418;2024-06-11;04:49:49.0000000;250;938
419;2024-12-02;05:23:25.0000000;3446;518
420;2022-07-30;18:29:49.0000000;3360;824
421;2024-02-29;03:31:12.0000000;36;51
422;2024-05-31;12:10:45.0000000;3461;543
423;2023-11-07;12:28:05.0000000;2906;259
424;2024-03-23;18:02:14.0000000;905;685
425;2023-12-26;09:30:35.0000000;1538;322
426;2022-08-04;04:22:53.0000000;2622;762
427;2024-09-27;14:13:16.0000000;1989;160
428;2022-04-27;01:22:17.0000000;37;845
429;2024-04-03;18:37:55.0000000;1694;571
430;2023-11-03;18:10:25.0000000;2178;90
431;2024-02-07;14:27:30.0000000;1184;995
432;2023-03-02;20:03:46.0000000;3340;74
433;2024-06-15;13:33:17.0000000;744;964
434;2023-03-09;04:28:05.0000000;404;358
435;2022-01-07;14:04:22.0000000;997;901
436;2023-03-03;10:36:49.0000000;2166;136
437;2022-05-24;17:00:21.0000000;1461;346
438;2024-01-27;00:45:04.0000000;1635;548
439;2023-05-05;14:20:47.0000000;1673;675
440;2022-12-11;06:38:03.0000000;1006;936
441;2022-01-01;17:26:47.0000000;2811;660
442;2024-02-11;18:41:11.0000000;3525;839
443;2022-10-04;06:10:21.0000000;1670;78
444;2024-06-26;11:51:55.0000000;2273;774
445;2024-06-02;19:14:53.0000000;2618;857
446;2023-03-06;02:54:29.0000000;711;493
447;2022-06-03;22:01:33.0000000;3472;307
448;2023-07-10;21:13:32.0000000;3222;577
449;2024-04-16;21:06:39.0000000;3524;15
450;2023-09-09;05:02:44.0000000;2173;974
451;2024-06-04;08:43:14.0000000;875;958
452;2022-04-05;21:06:34.0000000;1120;421
453;2024-09-15;20:52:20.0000000;314;602
454;2024-08-26;12:45:14.0000000;2234;745
455;2022-01-31;08:16:56.0000000;144;199
456;2022-04-14;01:15:49.0000000;3493;255
457;2023-06-08;22:51:41.0000000;858;324
458;2022-02-27;12:55:56.0000000;3091;990
459;2023-08-24;07:51:33.0000000;325;892
460;2023-04-08;06:21:28.0000000;2319;301
461;2023-09-09;07:05:45.0000000;3428;684
462;2024-05-26;23:46:40.0000000;2224;372
463;2024-02-25;01:42:19.0000000;3104;295
464;2022-01-21;18:00:57.0000000;2833;483
465;2023-09-14;20:32:01.0000000;3063;997
466;2022-04-06;21:30:28.0000000;410;861
467;2022-01-21;08:59:21.0000000;3445;274
468;2022-01-16;21:58:05.0000000;2488;651
469;2022-12-30;22:07:33.0000000;2449;851
470;2023-04-26;06:33:19.0000000;3178;442
471;2022-04-16;03:12:49.0000000;2607;711
472;2022-09-02;14:37:23.0000000;1855;111
473;2022-01-28;01:56:09.0000000;1467;93
474;2022-12-06;06:56:29.0000000;1547;161
475;2024-07-29;06:17:22.0000000;2794;859
476;2024-12-26;16:31:09.0000000;1566;248
477;2023-08-18;09:04:26.0000000;2543;936
478;2024-04-30;03:52:12.0000000;1019;295
479;2022-12-30;20:14:56.0000000;1107;604
480;2023-04-24;14:58:13.0000000;2925;615
481;2022-08-31;21:14:12.0000000;1605;58
482;2022-07-12;08:30:24.0000000;446;821
483;2022-11-14;22:53:11.0000000;1272;382
484;2022-02-06;15:47:23.0000000;3128;554
485;2023-10-09;12:30:55.0000000;552;578
486;2023-07-17;13:48:20.0000000;1775;747
487;2023-03-27;16:08:55.0000000;2282;523
488;2023-11-23;14:35:35.0000000;433;720
489;2023-11-22;01:40:52.0000000;1459;501
490;2022-09-03;00:23:09.0000000;2455;973
491;2023-06-07;23:49:40.0000000;1338;12
492;2023-10-30;21:44:57.0000000;1205;588
493;2023-10-16;08:16:42.0000000;3201;997
494;2022-07-10;05:47:02.0000000;2301;555
495;2022-07-18;01:20:22.0000000;2144;582
496;2024-08-24;20:32:41.0000000;1569;271
497;2023-07-26;15:00:33.0000000;1111;99
498;2024-06-21;08:25:19.0000000;2029;168
499;2023-09-01;17:22:48.0000000;694;161
500;2023-10-24;16:32:32.0000000;1734;745
501;2022-12-16;12:01:27.0000000;3215;345
502;2022-10-11;05:16:49.0000000;1040;409
503;2024-11-19;21:11:18.0000000;2570;405
504;2023-11-29;17:10:46.0000000;2535;620
505;2024-02-24;17:10:45.0000000;448;673
506;2022-02-11;19:56:50.0000000;37;337
507;2022-06-10;21:44:56.0000000;3457;930
508;2023-04-11;19:49:55.0000000;3303;799
509;2022-05-17;05:23:47.0000000;1381;167
510;2022-10-10;18:22:47.0000000;3383;212
511;2024-01-31;21:56:06.0000000;1240;190
512;2023-12-17;14:27:15.0000000;2857;657
513;2024-12-02;00:44:23.0000000;1296;17
514;2022-11-23;11:30:21.0000000;1641;177
515;2022-09-22;06:42:34.0000000;3020;341
516;2022-02-13;05:09:27.0000000;2368;683
517;2024-05-04;18:13:43.0000000;1550;194
518;2024-05-05;08:23:38.0000000;3228;364
519;2022-08-08;13:13:57.0000000;476;1011
520;2023-04-14;01:17:59.0000000;2435;193
521;2024-03-30;23:46:59.0000000;2802;238
522;2024-04-28;20:13:27.0000000;2988;698
523;2022-07-07;10:11:55.0000000;2911;654
524;2022-12-04;08:01:00.0000000;3277;637
525;2024-01-15;02:53:49.0000000;2847;269
526;2022-04-04;00:58:41.0000000;3482;338
527;2022-09-16;00:07:37.0000000;2055;600
528;2024-07-10;02:28:56.0000000;1250;28
529;2024-10-11;21:48:18.0000000;2707;436
530;2022-10-14;20:05:55.0000000;1743;682
531;2023-10-21;21:50:19.0000000;1849;378
532;2022-09-12;09:04:41.0000000;2394;760
533;2022-10-02;02:52:37.0000000;2085;847
534;2022-01-19;11:22:06.0000000;160;900
535;2024-01-02;13:19:41.0000000;3337;827
536;2023-07-20;13:31:56.0000000;2623;681
537;2023-01-17;01:02:13.0000000;3159;181
538;2022-03-16;17:14:22.0000000;2732;326
539;2022-06-26;02:03:31.0000000;2660;246
540;2023-04-08;00:04:00.0000000;2316;707
541;2022-03-31;06:04:22.0000000;3092;85
542;2024-12-12;01:12:45.0000000;3271;97
543;2023-10-23;10:15:36.0000000;53;896
544;2023-07-16;19:04:29.0000000;919;744
545;2024-04-26;07:23:59.0000000;2134;593
546;2022-06-23;14:28:26.0000000;2826;724
547;2022-01-07;14:48:02.0000000;1835;270
548;2023-09-09;16:47:33.0000000;1906;18
549;2023-02-19;13:11:21.0000000;2059;915
550;2023-08-13;18:56:40.0000000;110;958
551;2023-08-22;21:35:18.0000000;1220;484
552;2024-05-18;23:27:02.0000000;361;27
553;2024-06-18;18:47:11.0000000;3000;931
554;2024-06-22;21:52:23.0000000;1287;432
555;2024-10-31;00:13:24.0000000;3222;365
556;2022-09-09;05:20:22.0000000;1988;848
557;2024-03-21;18:57:19.0000000;409;893
558;2023-06-03;14:45:33.0000000;2863;250
559;2023-05-31;09:42:35.0000000;285;764
560;2024-04-30;02:20:43.0000000;3328;923
561;2023-03-14;11:47:13.0000000;3488;804
562;2022-03-20;18:10:51.0000000;457;272
563;2023-01-27;22:42:58.0000000;3043;13
564;2022-08-03;13:39:44.0000000;724;149
565;2024-03-18;07:16:07.0000000;1365;319
566;2024-07-26;06:44:38.0000000;1902;88
567;2024-07-08;06:53:39.0000000;1669;174
568;2024-01-15;15:20:56.0000000;2633;162
569;2023-06-05;00:03:48.0000000;129;520
570;2022-05-14;12:00:19.0000000;818;332
571;2022-10-20;21:58:37.0000000;1769;412
572;2023-11-12;23:32:05.0000000;2896;224
573;2023-03-28;00:20:47.0000000;1150;653
574;2023-08-05;18:03:54.0000000;426;417
575;2022-04-19;11:22:49.0000000;1508;820
576;2022-10-02;02:26:48.0000000;1884;528
577;2022-09-12;21:02:52.0000000;2757;36
578;2024-10-21;11:23:38.0000000;2627;687
579;2024-08-20;16:33:17.0000000;1601;168
580;2023-08-01;17:04:35.0000000;2414;903
581;2024-05-28;04:50:55.0000000;1451;188
582;2024-08-19;12:28:18.0000000;716;182
583;2022-11-27;15:15:32.0000000;2526;305
584;2024-04-06;17:29:47.0000000;2762;532
585;2023-07-01;15:03:24.0000000;492;399
586;2023-08-09;13:34:06.0000000;489;366
587;2024-04-06;11:51:27.0000000;2850;792
588;2022-01-16;04:53:45.0000000;1601;922
589;2022-04-29;04:00:46.0000000;574;580
590;2022-01-12;16:34:36.0000000;1742;461
591;2024-03-04;22:03:33.0000000;2613;853
592;2024-07-18;10:54:50.0000000;2652;779
593;2023-11-29;01:46:01.0000000;693;497
594;2024-11-10;12:14:07.0000000;584;375
595;2024-12-19;03:33:09.0000000;3458;887
596;2022-04-29;16:51:08.0000000;229;925
597;2022-10-28;16:22:52.0000000;49;508
598;2024-07-22;15:22:41.0000000;809;566
599;2023-02-11;09:41:05.0000000;2310;232
600;2022-08-01;12:47:01.0000000;2037;666
601;2024-10-25;22:50:13.0000000;2024;394
602;2022-02-16;15:46:43.0000000;3450;218
603;2024-12-25;22:47:47.0000000;695;988
604;2022-01-04;14:50:13.0000000;136;788
605;2023-05-04;20:20:43.0000000;143;688
606;2022-12-24;10:12:23.0000000;2212;168
607;2024-04-11;00:01:04.0000000;3207;803
608;2022-02-25;08:08:39.0000000;3051;236
609;2022-03-29;22:41:03.0000000;2102;660
610;2023-06-05;03:03:00.0000000;477;559
611;2024-06-15;11:09:05.0000000;2234;627
612;2022-05-11;09:58:39.0000000;3379;680
613;2022-10-06;23:36:53.0000000;2954;932
614;2024-08-15;13:00:18.0000000;905;480
615;2023-12-03;17:55:20.0000000;3024;757
616;2024-10-15;04:12:42.0000000;3593;735
617;2022-10-01;06:48:13.0000000;1086;886
618;2023-02-25;19:38:23.0000000;3355;739
619;2022-07-27;03:06:21.0000000;3554;249
620;2024-04-30;10:41:04.0000000;3335;124
621;2022-07-14;22:47:31.0000000;3330;392
622;2022-09-24;06:45:14.0000000;1446;695
623;2024-11-25;21:05:35.0000000;1763;948
624;2024-08-30;20:24:45.0000000;580;2
625;2024-05-23;01:09:06.0000000;857;84
626;2024-11-02;10:58:59.0000000;1446;533
627;2023-11-04;11:58:37.0000000;2454;684
628;2024-02-20;16:57:00.0000000;1335;455
629;2023-04-09;15:48:23.0000000;2355;351
630;2024-04-10;17:14:03.0000000;3524;172
631;2023-01-17;16:44:34.0000000;2792;557
632;2022-04-21;04:32:18.0000000;3082;955
633;2023-03-02;04:48:57.0000000;252;738
634;2023-05-25;13:12:06.0000000;2696;769
635;2024-09-25;08:07:14.0000000;3557;731
636;2023-04-01;22:31:20.0000000;609;137
637;2024-05-13;12:41:45.0000000;1023;35
638;2024-07-23;14:59:37.0000000;592;21
639;2023-07-25;10:31:02.0000000;1110;859
640;2022-03-06;14:27:39.0000000;1861;362
641;2023-01-21;01:27:02.0000000;3264;50
642;2024-05-20;11:19:24.0000000;2121;263
643;2022-02-20;00:18:58.0000000;1521;340
644;2024-04-11;11:49:36.0000000;2009;777
645;2022-04-09;16:52:52.0000000;20;280
646;2023-08-28;15:50:15.0000000;1887;248
647;2023-08-12;09:07:10.0000000;269;762
648;2024-09-25;08:55:56.0000000;902;269
649;2022-01-19;11:10:35.0000000;877;834
650;2024-04-17;16:15:21.0000000;1332;617
651;2024-11-21;12:19:04.0000000;2251;271
652;2022-01-24;10:48:42.0000000;2328;112
653;2022-11-29;19:37:49.0000000;1417;606
654;2022-07-13;17:46:21.0000000;417;215
655;2022-08-29;07:10:44.0000000;518;408
656;2024-05-24;18:28:43.0000000;1879;134
657;2023-07-11;11:34:06.0000000;1762;834
658;2023-09-02;20:12:58.0000000;550;421
659;2023-05-02;05:57:40.0000000;3591;577
660;2024-08-18;03:21:25.0000000;2691;485
661;2024-04-16;17:56:04.0000000;347;182
662;2022-03-23;07:27:39.0000000;2667;887
663;2024-11-27;13:01:27.0000000;1633;537
664;2024-03-10;06:43:48.0000000;2874;263
665;2024-12-17;01:54:29.0000000;2694;627
666;2022-03-24;07:40:43.0000000;399;739
667;2022-04-01;03:01:06.0000000;1963;1001
668;2023-02-04;10:44:09.0000000;2441;477
669;2023-04-08;20:09:07.0000000;2795;132
670;2024-08-22;22:18:37.0000000;43;410
671;2024-08-17;04:36:43.0000000;503;366
672;2022-06-28;14:56:12.0000000;551;446
673;2022-06-18;20:06:15.0000000;947;747
674;2023-06-17;23:05:10.0000000;3003;173
675;2023-08-03;12:06:05.0000000;1293;826
676;2024-06-04;12:29:23.0000000;1235;402
677;2022-05-23;15:15:29.0000000;3178;816
678;2023-06-24;13:08:27.0000000;2783;321
679;2022-02-24;14:25:53.0000000;2182;493
680;2024-04-04;06:35:53.0000000;2509;242
681;2023-09-28;14:24:14.0000000;1448;990
682;2024-11-04;11:51:20.0000000;3074;115
683;2024-04-11;00:12:34.0000000;1696;122
684;2023-07-29;05:17:45.0000000;1822;5
685;2023-05-06;06:00:35.0000000;421;706
686;2023-02-11;12:49:05.0000000;514;948
687;2022-01-06;15:48:39.0000000;1582;1010
688;2023-08-30;13:18:45.0000000;1768;741
689;2024-12-03;06:31:31.0000000;582;336
690;2024-01-31;19:13:36.0000000;2650;395
691;2023-01-19;20:17:33.0000000;2276;345
692;2023-03-25;23:01:17.0000000;2963;378
693;2023-07-03;10:54:35.0000000;3200;969
694;2022-04-05;12:30:10.0000000;3479;226
695;2024-05-08;05:17:46.0000000;2130;600
696;2023-06-25;00:13:45.0000000;782;327
697;2022-01-03;19:59:20.0000000;2656;711
698;2022-07-03;11:11:45.0000000;3261;773
699;2024-04-20;23:29:38.0000000;1590;907
700;2022-05-06;02:29:11.0000000;2056;255
701;2022-08-28;07:29:31.0000000;2173;216
702;2023-04-11;20:35:26.0000000;1306;868
703;2024-02-19;06:01:53.0000000;3535;468
704;2024-03-27;07:50:36.0000000;1506;406
705;2024-05-24;17:43:24.0000000;717;178
706;2022-12-21;16:57:36.0000000;3165;692
707;2023-04-29;22:11:20.0000000;2415;714
708;2024-02-08;11:53:00.0000000;1083;450
709;2024-02-11;00:02:38.0000000;257;597
710;2022-06-23;23:52:30.0000000;1183;747
711;2022-04-29;02:57:34.0000000;1711;377
712;2022-01-10;04:35:03.0000000;1657;431
713;2023-09-25;14:34:15.0000000;2207;14
714;2024-06-04;12:04:57.0000000;635;466
715;2022-10-08;20:29:32.0000000;1279;412
716;2023-03-12;18:17:16.0000000;842;213
717;2023-07-02;14:59:32.0000000;1348;540
718;2022-09-13;03:21:47.0000000;2608;544
719;2022-12-22;12:25:11.0000000;2871;69
720;2024-05-02;08:36:21.0000000;3477;739
721;2023-01-10;08:25:36.0000000;1011;58
722;2024-05-07;15:51:57.0000000;1789;464
723;2023-06-26;23:55:34.0000000;2517;927
724;2022-02-01;17:57:35.0000000;1276;47
725;2023-01-19;21:49:29.0000000;61;16
726;2023-03-24;04:57:31.0000000;56;53
727;2023-01-14;09:49:48.0000000;1430;618
728;2023-06-08;09:09:27.0000000;3217;210
729;2022-07-28;01:42:50.0000000;1533;428
730;2024-12-28;08:24:07.0000000;3209;808
731;2023-05-23;03:50:14.0000000;493;40
732;2024-10-15;13:20:41.0000000;3315;190
733;2022-06-07;05:44:22.0000000;2155;237
734;2022-04-30;19:50:41.0000000;2927;572
735;2023-10-17;21:56:08.0000000;325;103
736;2024-05-10;02:06:10.0000000;2102;686
737;2024-11-19;07:44:15.0000000;2056;586
738;2023-05-06;12:14:14.0000000;1516;800
739;2022-05-22;14:17:17.0000000;3177;765
740;2024-09-20;15:40:56.0000000;2360;656
741;2022-11-24;01:59:04.0000000;3044;191
742;2024-10-15;10:00:40.0000000;190;43
743;2024-10-06;04:59:21.0000000;198;1003
744;2022-12-06;10:23:28.0000000;1578;844
745;2022-07-17;18:21:29.0000000;3522;611
746;2023-01-26;18:45:03.0000000;3299;237
747;2024-11-06;10:19:26.0000000;1328;131
748;2024-03-14;21:42:15.0000000;2960;797
749;2023-11-27;19:35:32.0000000;3393;134
750;2022-07-09;13:24:09.0000000;1537;667
751;2024-05-22;00:11:05.0000000;2767;751
752;2024-05-05;20:59:09.0000000;924;533
753;2022-11-01;03:00:05.0000000;1652;554
754;2024-11-14;15:28:11.0000000;1915;788
755;2024-02-26;16:07:33.0000000;3470;373
756;2023-12-23;19:12:43.0000000;363;592
757;2024-09-28;04:35:40.0000000;42;414
758;2024-08-25;19:16:59.0000000;1204;150
759;2022-09-24;06:18:05.0000000;1254;911
760;2023-12-06;20:18:47.0000000;1910;347
761;2023-01-09;06:04:34.0000000;2030;937
762;2022-12-18;06:10:31.0000000;2248;1001
763;2022-09-14;23:10:48.0000000;36;879
764;2023-05-08;03:01:13.0000000;964;651
765;2024-11-10;00:10:24.0000000;2614;562
766;2022-11-03;17:53:16.0000000;1382;332
767;2023-09-02;17:42:12.0000000;2702;645
768;2024-04-21;11:55:41.0000000;3033;289
769;2023-05-11;17:46:35.0000000;850;343
770;2023-05-12;08:26:55.0000000;1729;610
771;2023-02-11;20:02:13.0000000;255;166
772;2024-01-11;02:54:42.0000000;1156;913
773;2024-08-05;06:46:47.0000000;958;16
774;2024-01-17;23:14:06.0000000;2880;438
775;2024-03-22;20:45:52.0000000;3073;396
776;2024-11-24;07:35:47.0000000;401;1004
777;2024-12-09;22:33:43.0000000;2620;881
778;2022-05-28;04:03:39.0000000;2434;518
779;2022-09-08;17:22:15.0000000;1791;853
780;2023-06-12;14:38:22.0000000;1204;410
781;2023-03-22;16:14:19.0000000;1300;659
782;2024-07-19;16:30:11.0000000;3417;757
783;2023-07-30;06:41:05.0000000;1864;562
784;2022-05-23;01:44:42.0000000;315;848
785;2023-12-02;08:53:40.0000000;3204;451
786;2024-04-13;18:56:04.0000000;646;56
787;2024-09-23;20:43:15.0000000;1851;394
788;2024-12-07;07:09:11.0000000;1675;43
789;2022-02-17;16:03:58.0000000;1477;100
790;2024-05-08;07:06:28.0000000;1272;960
791;2023-08-05;14:25:45.0000000;3501;681
792;2023-09-26;05:34:06.0000000;655;142
793;2024-09-07;02:18:03.0000000;2896;833
794;2024-01-03;20:51:36.0000000;890;565
795;2024-08-31;20:43:23.0000000;383;397
796;2022-06-17;19:42:31.0000000;1467;931
797;2024-07-17;16:10:35.0000000;210;660
798;2022-04-13;13:43:38.0000000;3369;804
799;2022-07-24;13:14:48.0000000;1666;929
800;2024-01-23;23:04:24.0000000;3074;181
801;2024-08-02;15:23:05.0000000;397;700
802;2022-12-29;20:01:38.0000000;3302;395
803;2023-05-05;02:39:19.0000000;58;886
804;2023-08-25;22:32:47.0000000;3208;837
805;2023-01-23;09:47:10.0000000;821;514
806;2023-06-21;16:23:44.0000000;2821;468
807;2022-11-14;12:20:42.0000000;2410;463
808;2024-10-08;15:37:35.0000000;3339;454
809;2022-06-01;22:25:29.0000000;274;81
810;2022-09-17;05:30:43.0000000;2655;197
811;2024-08-25;18:39:08.0000000;537;321
812;2022-04-28;15:22:18.0000000;3480;846
813;2023-10-11;01:15:00.0000000;184;97
814;2024-12-15;05:30:10.0000000;698;3
815;2024-07-28;22:34:09.0000000;3375;51
816;2023-03-05;12:17:41.0000000;130;752
817;2022-10-16;11:57:26.0000000;1757;505
818;2022-06-29;10:20:53.0000000;889;574
819;2024-08-13;06:21:43.0000000;1156;710
820;2022-09-19;11:35:27.0000000;618;563
821;2024-03-04;03:08:20.0000000;2546;75
822;2023-05-06;10:23:18.0000000;2661;508
823;2022-11-22;03:54:18.0000000;1697;157
824;2022-07-12;04:23:25.0000000;259;541
825;2023-02-19;21:27:37.0000000;1578;702
826;2023-08-15;00:46:04.0000000;826;595
827;2024-11-24;14:09:40.0000000;2593;646
828;2022-07-14;21:06:42.0000000;89;432
829;2024-06-22;12:23:45.0000000;2931;389
830;2024-08-24;23:47:38.0000000;2240;254
831;2024-07-02;12:47:42.0000000;2326;41
832;2024-09-01;11:09:40.0000000;1600;708
833;2022-03-23;23:51:18.0000000;116;438
834;2023-04-18;23:29:53.0000000;907;656
835;2023-08-29;00:11:50.0000000;3330;340
836;2023-07-22;07:24:34.0000000;3322;999
837;2024-07-03;08:18:07.0000000;1474;296
838;2023-06-19;21:01:14.0000000;663;833
839;2022-12-03;09:51:51.0000000;2700;46
840;2022-09-02;17:33:18.0000000;2195;299
841;2022-04-21;01:34:04.0000000;908;472
842;2024-01-16;14:40:04.0000000;3276;738
843;2023-11-09;07:15:00.0000000;3447;269
844;2023-07-10;13:43:07.0000000;978;163
845;2023-02-19;03:45:09.0000000;3312;433
846;2022-08-03;08:58:06.0000000;2433;716
847;2023-09-21;06:35:59.0000000;2879;424
848;2024-07-27;01:09:33.0000000;2335;861
849;2023-01-17;01:23:54.0000000;2316;80
850;2022-07-02;18:12:27.0000000;3329;75
851;2024-09-25;21:51:23.0000000;1275;834
852;2024-07-02;13:37:31.0000000;165;118
853;2023-09-27;10:15:54.0000000;962;202
854;2023-07-23;16:05:30.0000000;91;377
855;2022-09-06;02:01:03.0000000;12;590
856;2022-05-02;23:49:34.0000000;2525;555
857;2024-06-29;01:44:43.0000000;544;779
858;2023-03-18;12:28:35.0000000;736;855
859;2022-01-15;22:33:06.0000000;99;509
860;2023-02-26;22:51:59.0000000;2896;315
861;2022-03-11;08:24:58.0000000;464;835
862;2023-01-27;21:49:32.0000000;1504;831
863;2022-03-07;04:37:07.0000000;2895;246
864;2024-07-07;15:17:38.0000000;423;776
865;2024-07-19;21:51:36.0000000;1331;798
866;2023-01-12;03:31:24.0000000;655;897
867;2024-10-10;07:26:12.0000000;2628;754
868;2024-01-28;12:49:15.0000000;1309;254
869;2023-03-16;19:25:36.0000000;2311;392
870;2024-03-24;15:11:45.0000000;1471;844
871;2023-08-13;03:35:25.0000000;2422;662
872;2022-11-07;14:21:19.0000000;1266;169
873;2024-08-11;11:18:29.0000000;737;428
874;2024-09-29;15:02:38.0000000;2885;678
875;2024-03-06;00:45:18.0000000;3494;324
876;2022-12-24;17:42:10.0000000;755;672
877;2022-01-26;03:57:36.0000000;3322;852
878;2023-12-13;01:00:16.0000000;2629;693
879;2024-10-14;18:42:44.0000000;2042;947
880;2023-04-03;23:29:50.0000000;3062;110
881;2023-05-31;23:29:48.0000000;1430;690
882;2024-03-18;05:13:45.0000000;2615;795
883;2024-01-21;07:18:44.0000000;2913;19
884;2024-10-29;00:24:17.0000000;56;712
885;2022-01-03;11:34:47.0000000;1032;70
886;2022-01-20;14:55:44.0000000;1061;799
887;2023-09-29;04:45:45.0000000;15;911
888;2022-05-08;01:58:25.0000000;1804;189
889;2024-09-06;16:20:24.0000000;691;307
890;2024-12-15;16:28:51.0000000;1561;961
891;2022-06-17;20:14:22.0000000;1547;591
892;2023-01-25;16:54:29.0000000;1973;734
893;2022-01-27;00:30:18.0000000;3115;582
894;2024-03-14;06:01:18.0000000;1858;876
895;2022-05-06;21:18:14.0000000;3474;470
896;2022-11-14;04:37:35.0000000;92;113
897;2024-10-03;07:24:47.0000000;438;247
898;2023-09-03;08:00:50.0000000;706;2
899;2023-01-17;09:59:05.0000000;3008;195
900;2023-08-16;21:04:00.0000000;391;840
901;2023-10-24;18:23:13.0000000;2523;280
902;2022-03-23;21:53:08.0000000;136;587
903;2024-11-26;03:45:56.0000000;2687;363
904;2022-03-10;14:07:40.0000000;1788;852
905;2022-01-03;09:31:29.0000000;424;990
906;2022-05-21;09:48:25.0000000;788;453
907;2024-08-02;13:22:39.0000000;2279;75
908;2023-01-10;16:31:25.0000000;2715;30
909;2022-09-24;14:24:42.0000000;982;481
910;2023-07-20;23:18:02.0000000;1619;266
911;2022-07-06;16:57:21.0000000;3450;857
912;2023-04-03;09:58:50.0000000;233;35
913;2022-04-01;00:28:06.0000000;1761;513
914;2022-03-14;12:42:47.0000000;3384;437
915;2024-06-11;07:12:17.0000000;827;43
916;2024-01-14;06:43:39.0000000;857;195
917;2024-12-14;11:27:01.0000000;1205;636
918;2022-09-02;15:44:39.0000000;3466;149
919;2023-12-02;05:22:31.0000000;3224;762
920;2023-10-01;00:31:44.0000000;2013;725
921;2022-08-02;02:17:18.0000000;2639;428
922;2023-07-23;04:25:41.0000000;767;429
923;2024-04-19;02:26:57.0000000;1572;438
924;2022-04-25;06:30:38.0000000;1835;343
925;2024-04-26;00:59:17.0000000;1811;645
926;2022-01-20;06:11:19.0000000;936;921
927;2024-09-08;19:28:26.0000000;262;890
928;2023-01-20;08:11:24.0000000;2862;472
929;2022-10-24;05:47:08.0000000;2746;846
930;2024-09-23;18:09:21.0000000;2227;870
931;2024-09-25;12:28:35.0000000;3108;471
932;2022-09-24;05:16:34.0000000;2277;889
933;2022-02-03;21:01:54.0000000;1595;1010
934;2022-10-16;20:58:08.0000000;2203;543
935;2024-11-16;07:27:05.0000000;975;182
936;2024-12-10;00:43:09.0000000;333;127
937;2024-07-29;09:45:58.0000000;3507;210
938;2022-01-02;06:39:37.0000000;2349;465
939;2022-12-09;22:56:05.0000000;2350;909
940;2022-06-11;19:15:45.0000000;502;135
941;2022-04-18;13:20:00.0000000;694;731
942;2023-01-07;07:12:07.0000000;799;28
943;2024-01-11;06:03:33.0000000;1744;110
944;2022-09-11;03:12:46.0000000;1793;459
945;2022-04-15;21:08:41.0000000;2579;422
946;2024-03-31;22:11:18.0000000;2447;505
947;2022-07-03;22:57:39.0000000;2988;308
948;2023-05-08;09:33:15.0000000;1599;305
949;2023-10-12;11:56:25.0000000;2271;986
950;2024-11-26;17:19:04.0000000;1141;842
951;2022-11-09;12:41:07.0000000;3587;607
952;2024-05-18;11:46:40.0000000;2878;920
953;2024-07-25;04:09:44.0000000;2150;680
954;2024-11-18;02:40:43.0000000;1707;368
955;2024-05-02;02:02:44.0000000;2330;712
956;2022-09-10;02:57:59.0000000;3116;812
957;2024-06-03;12:05:50.0000000;442;549
958;2024-02-27;08:12:41.0000000;423;161
959;2024-03-17;17:18:20.0000000;2203;903
960;2022-09-16;16:38:59.0000000;1693;522
961;2022-11-30;01:24:21.0000000;2692;630
962;2024-04-09;14:05:45.0000000;2504;733
963;2023-12-31;00:32:36.0000000;715;827
964;2024-03-27;13:11:01.0000000;599;567
965;2023-03-06;20:37:44.0000000;2798;90
966;2024-11-13;20:19:59.0000000;1631;690
967;2024-08-03;17:24:24.0000000;983;300
968;2024-05-18;13:30:13.0000000;1956;15
969;2024-12-05;00:30:06.0000000;1535;814
970;2022-05-15;15:17:47.0000000;3358;504
971;2022-05-12;00:43:50.0000000;1158;855
972;2024-11-15;12:15:25.0000000;2861;89
973;2024-11-03;22:20:51.0000000;3569;626
974;2022-10-01;22:58:24.0000000;1240;1001
975;2022-05-18;14:50:09.0000000;3392;779
976;2024-09-25;15:42:50.0000000;2995;716
977;2024-01-20;03:42:14.0000000;2654;57
978;2023-10-25;23:56:43.0000000;1819;684
979;2024-05-31;09:51:22.0000000;3384;560
980;2022-06-19;16:45:35.0000000;1994;838
981;2022-01-30;18:13:34.0000000;1541;311
982;2022-06-12;19:33:57.0000000;3251;885
983;2024-03-13;03:44:59.0000000;1284;575
984;2022-09-26;16:38:08.0000000;565;160
985;2022-02-11;06:45:53.0000000;2339;525
986;2023-02-08;05:01:50.0000000;799;1003
987;2024-12-14;00:16:10.0000000;246;306
988;2022-04-28;22:49:36.0000000;1879;478
989;2024-10-26;21:51:32.0000000;1486;940
990;2024-01-18;19:22:01.0000000;1518;934
991;2024-04-10;13:43:57.0000000;1635;538
992;2022-11-08;05:24:16.0000000;135;364
993;2024-11-09;11:40:18.0000000;2012;809
994;2023-07-08;23:52:04.0000000;737;699
995;2022-09-19;11:24:44.0000000;2268;969
996;2023-10-22;12:56:23.0000000;679;688
997;2024-02-06;17:14:30.0000000;3413;819
998;2024-03-10;23:45:52.0000000;122;48
999;2024-07-19;07:13:23.0000000;677;672
1000;2024-11-22;20:43:51.0000000;887;217
1001;2024-05-26;20:22:19.0000000;932;880
1002;2023-08-15;09:29:48.0000000;2678;139
1003;2023-08-03;14:37:54.0000000;92;439
1004;2023-06-03;08:27:14.0000000;551;527
1005;2024-02-23;23:05:27.0000000;3290;489
1006;2023-09-17;13:43:39.0000000;1043;726
1007;2024-03-03;18:21:50.0000000;1261;925
1008;2024-05-27;09:39:50.0000000;1552;788
1009;2022-07-21;20:29:44.0000000;1042;921
1010;2023-01-18;06:23:08.0000000;1247;970
1011;2022-02-03;02:55:50.0000000;2564;278
1012;2022-02-24;21:53:21.0000000;429;103
1013;2022-12-06;09:45:13.0000000;2723;616
1014;2022-02-08;17:31:36.0000000;2661;297
1015;2022-08-29;11:49:49.0000000;1167;412
1016;2024-01-20;17:45:23.0000000;452;771
1017;2023-10-09;19:12:40.0000000;1387;437
1018;2022-01-02;07:57:40.0000000;1341;840
1019;2023-07-24;14:36:16.0000000;2697;860
1020;2022-05-12;05:40:09.0000000;624;676
1021;2022-04-12;07:23:29.0000000;994;145
1022;2024-09-06;11:55:45.0000000;3521;987
1023;2024-03-28;19:43:27.0000000;2715;157
1024;2023-05-31;18:25:06.0000000;583;409
1025;2023-06-19;06:45:34.0000000;2047;59
1026;2023-03-19;10:51:11.0000000;1724;937
1027;2023-07-09;06:28:25.0000000;3027;495
1028;2024-12-05;22:55:52.0000000;2910;720
1029;2024-09-16;19:50:29.0000000;787;300
1030;2022-12-22;18:20:21.0000000;2931;731
1031;2024-04-11;21:25:53.0000000;2199;671
1032;2022-10-28;12:52:33.0000000;2761;739
1033;2022-07-05;05:10:39.0000000;1239;537
1034;2022-01-17;19:44:02.0000000;2703;259
1035;2023-02-15;19:53:58.0000000;1213;931
1036;2022-02-05;06:04:05.0000000;534;219
1037;2023-03-04;19:53:44.0000000;3320;90
1038;2024-12-20;14:13:17.0000000;759;648
1039;2023-12-31;14:44:17.0000000;375;285
1040;2024-11-14;23:04:18.0000000;924;367
1041;2023-02-09;02:44:29.0000000;3238;820
1042;2024-09-28;02:44:14.0000000;1077;577
1043;2023-03-01;21:47:17.0000000;1909;724
1044;2022-10-30;03:42:24.0000000;229;588
1045;2022-10-08;18:12:00.0000000;2552;381
1046;2024-03-16;10:44:18.0000000;806;233
1047;2024-05-05;10:18:07.0000000;3563;660
1048;2022-11-22;06:34:32.0000000;1232;221
1049;2024-11-23;03:09:05.0000000;3576;574
1050;2024-10-22;22:58:30.0000000;830;610
1051;2022-07-31;06:41:23.0000000;2342;596
1052;2024-10-15;10:31:19.0000000;1305;88
1053;2023-03-19;16:34:05.0000000;341;503
1054;2023-12-13;03:19:15.0000000;2594;591
1055;2022-01-17;08:51:17.0000000;2608;392
1056;2023-02-11;16:54:47.0000000;1861;516
1057;2022-04-23;12:18:07.0000000;3127;985
1058;2023-12-03;23:38:50.0000000;3141;261
1059;2022-05-27;13:32:33.0000000;3226;785
1060;2024-09-11;16:06:26.0000000;2526;490
1061;2023-10-08;19:06:17.0000000;1768;836
1062;2022-03-04;00:23:13.0000000;1965;777
1063;2022-12-06;06:42:54.0000000;164;820
1064;2024-12-04;07:14:44.0000000;3002;394
1065;2024-07-30;00:50:02.0000000;67;501
1066;2024-08-14;06:54:25.0000000;3422;54
1067;2023-07-11;20:41:03.0000000;83;815
1068;2024-02-01;18:48:28.0000000;3014;803
1069;2022-09-27;00:26:20.0000000;2850;54
1070;2024-03-27;08:48:39.0000000;538;192
1071;2023-06-10;08:50:44.0000000;2071;989
1072;2024-08-01;00:42:02.0000000;694;32
1073;2024-03-03;20:48:07.0000000;197;588
1074;2022-07-22;05:47:32.0000000;1201;598
1075;2023-12-28;20:41:04.0000000;2141;694
1076;2024-12-26;20:55:57.0000000;1393;973
1077;2022-12-31;00:32:16.0000000;2823;648
1078;2022-07-29;23:54:13.0000000;2017;220
1079;2022-01-13;16:12:05.0000000;781;743
1080;2023-08-29;12:34:37.0000000;3335;758
1081;2023-10-19;13:16:46.0000000;945;839
1082;2024-10-12;08:55:45.0000000;547;118
1083;2022-06-15;01:14:57.0000000;99;614
1084;2024-02-17;09:58:46.0000000;702;147
1085;2023-05-20;13:04:04.0000000;2922;458
1086;2023-01-25;17:21:28.0000000;3600;421
1087;2024-05-11;18:04:09.0000000;2200;241
1088;2024-11-23;16:17:35.0000000;2442;566
1089;2022-12-21;15:18:21.0000000;452;717
1090;2022-02-01;06:03:23.0000000;2835;997
1091;2023-07-20;11:49:48.0000000;1829;487
1092;2024-01-04;19:23:01.0000000;2251;91
1093;2022-12-26;06:02:36.0000000;2884;584
1094;2023-04-07;07:56:27.0000000;2857;336
1095;2023-06-13;16:38:12.0000000;1733;186
1096;2024-12-07;05:56:42.0000000;2141;883
1097;2022-11-23;07:53:31.0000000;2490;621
1098;2024-04-28;04:32:58.0000000;3412;103
1099;2024-10-15;20:51:46.0000000;2954;286
1100;2022-05-22;20:34:59.0000000;1167;917
1101;2022-10-22;10:11:18.0000000;445;376
1102;2022-08-19;20:56:31.0000000;2504;12
1103;2023-08-29;04:04:42.0000000;1087;146
1104;2022-02-08;15:19:02.0000000;836;102
1105;2024-03-20;04:00:46.0000000;1688;913
1106;2023-03-14;16:41:34.0000000;171;942
1107;2023-03-06;22:34:36.0000000;860;937
1108;2023-11-02;09:27:47.0000000;970;362
1109;2022-03-05;09:50:27.0000000;2761;952
1110;2023-10-18;16:10:05.0000000;462;985
1111;2024-12-20;17:41:05.0000000;2033;1011
1112;2022-08-31;22:16:29.0000000;378;641
1113;2023-09-27;05:20:57.0000000;2973;565
1114;2024-07-19;09:00:04.0000000;1058;78
1115;2023-07-14;18:39:55.0000000;1222;948
1116;2023-06-08;02:29:40.0000000;215;193
1117;2023-12-19;07:56:00.0000000;725;980
1118;2023-07-21;20:15:51.0000000;1200;377
1119;2023-07-01;04:15:01.0000000;2782;896
1120;2024-02-18;14:17:43.0000000;3035;710
1121;2022-12-25;09:05:36.0000000;3496;439
1122;2024-08-02;16:28:59.0000000;3499;945
1123;2022-11-27;13:45:26.0000000;2660;312
1124;2024-03-31;02:38:30.0000000;1474;910
1125;2024-08-23;21:55:19.0000000;2556;498
1126;2023-12-05;07:36:21.0000000;3012;825
1127;2023-01-18;12:35:31.0000000;3348;848
1128;2024-08-25;06:19:18.0000000;476;734
1129;2022-03-28;08:46:16.0000000;1879;912
1130;2022-01-16;02:05:38.0000000;1589;951
1131;2024-07-24;11:59:51.0000000;1737;626
1132;2024-07-20;18:12:45.0000000;552;401
1133;2023-08-09;13:34:25.0000000;3468;550
1134;2024-10-03;00:50:28.0000000;1714;715
1135;2022-09-17;14:02:54.0000000;3296;786
1136;2023-08-21;11:49:45.0000000;1804;428
1137;2024-06-14;16:20:12.0000000;1565;677
1138;2022-05-24;13:50:45.0000000;128;434
1139;2022-06-24;13:57:09.0000000;2009;403
1140;2023-06-10;22:36:06.0000000;1694;32
1141;2023-08-29;19:02:06.0000000;269;467
1142;2022-08-13;17:10:04.0000000;1297;799
1143;2023-09-14;05:26:02.0000000;3566;112
1144;2024-11-24;16:33:28.0000000;3055;438
1145;2024-01-31;03:29:11.0000000;2324;588
1146;2024-12-16;03:58:40.0000000;2753;20
1147;2022-08-28;18:34:12.0000000;2152;438
1148;2023-07-04;07:29:01.0000000;1782;304
1149;2022-07-12;07:04:29.0000000;1426;629
1150;2022-05-10;04:16:25.0000000;3446;907
1151;2024-01-02;01:42:37.0000000;2520;670
1152;2022-05-10;06:16:09.0000000;2645;731
1153;2022-09-05;17:17:13.0000000;3486;722
1154;2023-06-05;19:11:52.0000000;2040;598
1155;2022-06-22;14:05:05.0000000;3087;490
1156;2024-02-28;02:28:44.0000000;996;42
1157;2023-07-28;16:40:04.0000000;1149;444
1158;2024-05-02;14:38:42.0000000;922;766
1159;2022-12-02;10:20:53.0000000;1560;904
1160;2022-05-04;01:38:49.0000000;972;966
1161;2023-07-22;02:16:41.0000000;1829;546
1162;2023-08-14;18:34:06.0000000;370;107
1163;2024-03-02;20:07:33.0000000;1304;629
1164;2022-07-31;11:16:59.0000000;3062;77
1165;2023-04-29;10:11:43.0000000;1662;744
1166;2022-09-18;04:39:47.0000000;2292;377
1167;2023-10-22;11:14:53.0000000;3392;651
1168;2024-12-21;14:23:02.0000000;2484;541
1169;2024-07-13;13:29:32.0000000;1257;66
1170;2022-02-11;00:15:11.0000000;857;44
1171;2024-08-30;15:30:02.0000000;1406;882
1172;2022-06-06;03:02:53.0000000;232;531
1173;2024-08-08;19:33:53.0000000;1871;663
1174;2024-07-07;12:13:27.0000000;3153;555
1175;2024-07-04;20:24:26.0000000;1947;331
1176;2024-08-14;13:23:29.0000000;1863;823
1177;2022-10-15;10:44:55.0000000;3120;891
1178;2024-12-03;00:56:49.0000000;1408;894
1179;2023-10-19;00:08:30.0000000;2605;340
1180;2024-12-18;19:09:28.0000000;2148;642
1181;2024-08-04;10:45:52.0000000;445;877
1182;2022-04-11;12:01:43.0000000;682;924
1183;2023-09-29;12:27:30.0000000;3376;327
1184;2024-10-24;14:14:42.0000000;1051;218
1185;2022-10-05;03:45:09.0000000;778;490
1186;2022-07-09;00:55:04.0000000;3500;188
1187;2022-06-10;11:16:25.0000000;1882;625
1188;2022-01-01;01:04:04.0000000;1394;76
1189;2022-06-12;06:27:41.0000000;1707;770
1190;2022-10-08;00:14:22.0000000;2603;774
1191;2022-06-27;09:47:26.0000000;3172;907
1192;2023-04-13;06:38:29.0000000;2707;220
1193;2024-04-26;13:53:31.0000000;2075;425
1194;2022-04-18;17:02:11.0000000;2053;954
1195;2023-07-25;04:22:57.0000000;3025;876
1196;2022-04-25;11:35:22.0000000;1782;280
1197;2022-04-23;21:18:50.0000000;2092;918
1198;2022-03-24;19:28:52.0000000;2379;273
1199;2023-09-08;22:05:34.0000000;3349;766
1200;2022-04-07;18:32:40.0000000;1596;911
1201;2022-05-29;00:00:49.0000000;1328;974
1202;2022-10-27;03:02:59.0000000;1585;243
1203;2023-02-28;11:25:57.0000000;2846;206
1204;2022-09-18;12:54:22.0000000;1639;497
1205;2022-06-28;03:42:27.0000000;1214;401
1206;2023-09-02;08:14:40.0000000;556;55
1207;2022-10-13;07:52:50.0000000;2477;300
1208;2023-08-14;01:38:46.0000000;3463;806
1209;2022-05-10;08:59:16.0000000;1295;623
1210;2022-03-19;11:09:08.0000000;900;415
1211;2023-04-11;03:30:33.0000000;2566;983
1212;2023-01-30;01:08:47.0000000;1424;230
1213;2022-06-09;18:04:55.0000000;2672;503
1214;2023-09-28;18:50:40.0000000;2232;164
1215;2022-09-11;22:55:04.0000000;482;46
1216;2022-04-16;09:51:26.0000000;1977;469
1217;2022-10-06;06:32:44.0000000;2742;454
1218;2022-10-22;07:43:20.0000000;3073;707
1219;2023-01-30;03:56:14.0000000;3480;43
1220;2024-11-20;00:46:54.0000000;62;848
1221;2024-06-10;09:07:08.0000000;113;167
1222;2024-03-16;14:14:42.0000000;227;29
1223;2024-06-07;23:47:28.0000000;1103;916
1224;2024-08-20;14:15:28.0000000;2809;555
1225;2022-02-26;00:48:09.0000000;3448;560
1226;2024-12-01;21:14:48.0000000;3222;983
1227;2024-02-15;05:10:37.0000000;3096;255
1228;2022-01-27;04:35:24.0000000;1479;904
1229;2022-04-26;04:05:25.0000000;2533;464
1230;2022-01-04;05:22:37.0000000;928;736
1231;2024-01-04;12:31:19.0000000;983;977
1232;2023-09-11;05:11:58.0000000;3273;779
1233;2023-01-17;22:03:12.0000000;2731;218
1234;2023-01-30;10:28:32.0000000;1572;526
1235;2022-10-05;10:29:19.0000000;3238;180
1236;2022-04-25;14:26:10.0000000;2271;955
1237;2023-06-16;20:56:18.0000000;3056;635
1238;2024-08-12;09:57:19.0000000;2551;293
1239;2023-09-16;05:39:40.0000000;933;756
1240;2022-06-05;05:56:07.0000000;2420;806
1241;2022-10-13;04:23:56.0000000;2481;447
1242;2022-04-16;21:18:19.0000000;2979;731
1243;2022-01-12;05:04:39.0000000;1848;482
1244;2022-11-21;17:43:00.0000000;315;1006
1245;2022-09-02;18:36:36.0000000;721;769
1246;2024-09-16;00:01:56.0000000;1555;98
1247;2024-07-21;16:16:28.0000000;1153;471
1248;2024-09-02;03:04:05.0000000;542;716
1249;2024-07-06;01:27:52.0000000;3475;254
1250;2023-04-15;15:22:55.0000000;1363;429
1251;2023-06-28;13:14:27.0000000;644;382
1252;2022-04-22;00:20:56.0000000;1331;811
1253;2024-12-19;22:57:02.0000000;3178;777
1254;2022-06-18;15:51:06.0000000;2721;5
1255;2023-09-01;15:42:34.0000000;3245;473
1256;2024-04-12;20:47:09.0000000;1476;550
1257;2024-11-21;16:52:08.0000000;2908;907
1258;2022-02-26;15:59:05.0000000;910;469
1259;2024-08-11;04:48:31.0000000;289;139
1260;2023-05-29;21:34:09.0000000;1713;211
1261;2023-09-11;10:14:24.0000000;1662;366
1262;2023-09-02;00:43:47.0000000;916;969
1263;2024-02-18;02:24:58.0000000;1369;146
1264;2024-03-01;03:40:23.0000000;1212;297
1265;2023-02-01;23:08:29.0000000;3092;883
1266;2022-04-18;07:20:59.0000000;1955;91
1267;2022-10-05;12:01:11.0000000;3090;601
1268;2022-12-01;00:21:19.0000000;2749;225
1269;2024-04-22;00:24:36.0000000;994;459
1270;2022-02-23;16:03:39.0000000;2554;488
1271;2024-08-24;11:20:54.0000000;173;214
1272;2023-12-25;08:33:53.0000000;3271;440
1273;2023-10-05;11:04:44.0000000;1060;754
1274;2024-06-07;23:24:29.0000000;1168;338
1275;2022-03-19;04:54:20.0000000;2127;410
1276;2023-03-16;23:15:40.0000000;3298;111
1277;2023-04-02;01:46:21.0000000;2003;499
1278;2024-04-13;15:34:29.0000000;2678;92
1279;2023-08-31;17:26:47.0000000;2114;924
1280;2023-08-25;10:47:34.0000000;403;178
1281;2024-12-10;23:44:29.0000000;3177;807
1282;2022-12-31;04:46:42.0000000;40;400
1283;2022-01-31;04:38:07.0000000;2755;511
1284;2024-02-03;19:38:03.0000000;2817;911
1285;2022-03-20;09:21:21.0000000;435;975
1286;2022-11-26;09:10:42.0000000;3404;912
1287;2023-07-26;15:28:29.0000000;3355;301
1288;2022-01-02;10:18:10.0000000;2820;297
1289;2024-06-21;01:07:15.0000000;1890;60
1290;2024-11-28;21:07:33.0000000;368;809
1291;2022-11-28;00:30:44.0000000;739;305
1292;2022-11-02;10:35:20.0000000;298;947
1293;2024-10-27;17:15:44.0000000;942;461
1294;2022-09-14;12:10:54.0000000;1599;666
1295;2023-12-13;12:26:44.0000000;1666;472
1296;2024-12-05;08:11:22.0000000;79;272
1297;2023-11-05;16:36:22.0000000;494;1011
1298;2024-02-23;21:23:30.0000000;2637;25
1299;2022-02-21;19:09:55.0000000;3106;819
1300;2022-05-12;09:34:58.0000000;2880;85
1301;2023-12-16;15:34:21.0000000;2069;997
1302;2024-12-11;12:04:18.0000000;3233;219
1303;2022-07-10;13:39:17.0000000;364;746
1304;2024-09-08;11:05:22.0000000;1802;867
1305;2023-12-05;16:57:56.0000000;3377;697
1306;2024-08-11;08:41:25.0000000;650;307
1307;2024-11-21;06:25:49.0000000;568;438
1308;2022-12-15;13:42:15.0000000;3276;726
1309;2023-05-20;11:35:08.0000000;2607;904
1310;2023-10-20;20:39:23.0000000;2784;386
1311;2023-08-29;09:31:39.0000000;55;33
1312;2024-06-27;01:38:00.0000000;2283;211
1313;2022-06-10;19:53:30.0000000;181;964
1314;2022-04-25;13:20:17.0000000;2453;913
1315;2024-07-11;06:16:32.0000000;2252;456
1316;2022-10-11;08:23:38.0000000;870;606
1317;2023-02-13;05:04:17.0000000;1700;937
1318;2022-08-01;12:33:42.0000000;669;265
1319;2022-07-10;17:11:19.0000000;2536;627
1320;2024-03-27;11:48:50.0000000;479;784
1321;2022-09-01;20:20:06.0000000;3285;881
1322;2022-10-19;04:53:43.0000000;232;203
1323;2024-01-20;22:25:29.0000000;2650;994
1324;2023-09-11;09:53:31.0000000;1200;622
1325;2022-03-07;07:28:18.0000000;412;908
1326;2024-08-22;18:18:21.0000000;2388;966
1327;2023-08-22;03:46:47.0000000;1365;734
1328;2022-06-10;19:50:17.0000000;2759;462
1329;2023-05-17;18:16:06.0000000;1177;398
1330;2023-09-19;11:42:00.0000000;802;49
1331;2024-11-24;01:47:18.0000000;1855;974
1332;2022-10-04;00:51:43.0000000;2710;645
1333;2024-04-14;09:22:32.0000000;2402;652
1334;2022-10-12;21:58:10.0000000;2331;16
1335;2022-03-29;11:31:05.0000000;1305;941
1336;2023-01-25;05:16:48.0000000;29;404
1337;2024-10-11;06:24:40.0000000;3228;700
1338;2024-05-02;10:57:29.0000000;3040;379
1339;2023-06-07;18:18:43.0000000;3451;854
1340;2022-06-24;03:32:30.0000000;2793;791
1341;2024-05-28;03:48:38.0000000;1975;175
1342;2024-03-11;10:25:17.0000000;1479;365
1343;2023-02-25;10:44:10.0000000;2269;322
1344;2024-06-11;01:39:03.0000000;2654;97
1345;2023-03-25;05:00:35.0000000;3457;794
1346;2023-08-13;19:22:33.0000000;3395;572
1347;2023-12-29;13:10:35.0000000;2216;729
1348;2022-03-26;07:58:31.0000000;3014;260
1349;2022-02-17;14:08:58.0000000;318;207
1350;2024-08-18;22:27:31.0000000;2087;423
1351;2022-02-26;01:38:36.0000000;2393;377
1352;2023-03-16;09:05:22.0000000;3160;781
1353;2023-04-13;01:02:52.0000000;160;773
1354;2024-08-31;03:37:28.0000000;2236;856
1355;2023-04-02;18:02:01.0000000;2688;236
1356;2023-06-21;06:28:49.0000000;1617;183
1357;2023-10-06;01:55:29.0000000;3172;80
1358;2022-04-21;14:08:12.0000000;3520;514
1359;2024-02-14;14:26:24.0000000;1913;230
1360;2024-04-04;00:45:29.0000000;380;945
1361;2024-11-22;23:13:25.0000000;2066;961
1362;2023-07-27;14:14:06.0000000;988;781
1363;2022-01-07;17:08:42.0000000;689;207
1364;2024-01-30;04:15:46.0000000;1837;784
1365;2024-10-25;04:25:19.0000000;2329;128
1366;2024-01-07;11:37:41.0000000;3582;562
1367;2022-02-19;15:54:20.0000000;3008;491
1368;2023-09-24;16:28:38.0000000;1479;422
1369;2022-01-31;16:58:27.0000000;3128;267
1370;2024-04-15;23:44:13.0000000;267;914
1371;2024-08-03;16:53:06.0000000;968;58
1372;2023-07-24;07:26:57.0000000;856;920
1373;2024-10-26;03:52:13.0000000;3251;778
1374;2022-09-13;03:54:08.0000000;1933;849
1375;2024-08-23;02:32:53.0000000;200;743
1376;2022-06-21;19:16:46.0000000;1337;638
1377;2023-04-01;05:37:16.0000000;2145;355
1378;2022-04-02;16:55:19.0000000;3048;648
1379;2023-10-19;21:47:02.0000000;2239;657
1380;2024-08-23;01:19:25.0000000;1552;80
1381;2023-06-07;11:36:18.0000000;2417;756
1382;2023-01-19;04:36:20.0000000;1040;968
1383;2023-10-22;03:47:49.0000000;922;275
1384;2023-01-16;02:52:25.0000000;1455;841
1385;2024-01-06;04:30:44.0000000;3256;799
1386;2024-06-03;10:18:00.0000000;2484;841
1387;2024-04-02;20:01:47.0000000;579;325
1388;2022-02-14;16:42:37.0000000;952;731
1389;2024-02-29;21:29:06.0000000;2645;993
1390;2022-04-02;01:42:03.0000000;625;447
1391;2024-08-05;12:04:03.0000000;1493;255
1392;2023-10-15;21:27:50.0000000;3356;304
1393;2023-12-09;07:14:14.0000000;953;819
1394;2022-03-24;21:28:47.0000000;1362;552
1395;2023-11-26;10:49:08.0000000;2775;676
1396;2022-07-20;13:44:02.0000000;873;283
1397;2024-08-01;05:12:58.0000000;2661;172
1398;2024-10-25;05:47:04.0000000;1008;731
1399;2023-07-02;20:03:42.0000000;2359;825
1400;2022-04-03;14:06:14.0000000;561;150
1401;2022-12-18;16:30:54.0000000;2354;332
1402;2023-09-02;04:56:55.0000000;691;233
1403;2024-11-24;07:42:57.0000000;747;832
1404;2024-10-09;12:57:56.0000000;1670;764
1405;2022-01-01;09:38:21.0000000;2318;90
1406;2022-11-26;05:09:36.0000000;2957;957
1407;2023-01-14;02:27:17.0000000;361;867
1408;2022-11-15;03:29:59.0000000;2494;49
1409;2023-07-09;00:36:28.0000000;1982;308
1410;2022-12-19;10:29:06.0000000;3411;354
1411;2022-10-26;17:28:35.0000000;594;712
1412;2023-10-11;02:18:46.0000000;3153;789
1413;2023-07-09;19:44:39.0000000;2711;557
1414;2024-11-16;05:38:08.0000000;696;809
1415;2023-09-18;00:01:09.0000000;1867;719
1416;2022-03-11;04:01:59.0000000;291;119
1417;2022-11-01;15:31:40.0000000;1588;539
1418;2024-05-04;23:32:33.0000000;77;542
1419;2024-07-09;12:56:53.0000000;3530;306
1420;2023-03-29;23:37:53.0000000;1729;684
1421;2022-09-09;03:13:58.0000000;404;269
1422;2024-11-04;12:33:34.0000000;2528;853
1423;2022-09-24;04:00:38.0000000;3220;204
1424;2024-10-21;20:43:47.0000000;3091;292
1425;2022-01-20;19:40:01.0000000;1985;945
1426;2023-09-24;17:52:19.0000000;2481;525
1427;2023-03-06;03:58:37.0000000;14;767
1428;2022-02-26;07:58:06.0000000;1733;590
1429;2022-08-28;06:40:14.0000000;187;104
1430;2022-06-15;15:10:36.0000000;949;351
1431;2024-11-07;02:08:35.0000000;3158;600
1432;2024-08-15;13:25:08.0000000;2422;694
1433;2024-08-20;09:13:16.0000000;1752;682
1434;2023-08-28;16:13:32.0000000;1964;543
1435;2022-01-27;23:19:39.0000000;3528;619
1436;2024-08-24;05:32:45.0000000;2460;169
1437;2024-02-08;23:29:52.0000000;1065;166
1438;2024-02-05;11:47:04.0000000;2914;253
1439;2023-09-21;04:52:21.0000000;2150;224
1440;2024-07-29;05:46:11.0000000;39;745
1441;2022-02-28;18:11:39.0000000;851;694
1442;2023-04-26;05:29:09.0000000;1493;128
1443;2023-03-26;04:26:05.0000000;1755;202
1444;2023-08-18;20:13:13.0000000;1080;774
1445;2024-05-13;18:00:37.0000000;2322;128
1446;2022-10-01;03:22:07.0000000;1138;709
1447;2024-04-04;03:28:10.0000000;844;732
1448;2023-10-07;07:57:25.0000000;3220;203
1449;2024-07-01;07:31:44.0000000;742;465
1450;2022-10-04;04:48:25.0000000;2282;986
1451;2024-04-29;08:58:37.0000000;1266;396
1452;2022-10-26;11:02:01.0000000;3181;642
1453;2022-07-13;20:47:05.0000000;575;60
1454;2024-02-25;15:49:41.0000000;951;555
1455;2024-01-03;15:29:38.0000000;2874;397
1456;2024-10-12;11:13:11.0000000;888;443
1457;2023-10-17;19:07:24.0000000;3229;573
1458;2022-12-23;15:16:42.0000000;2265;191
1459;2022-09-23;06:17:51.0000000;2813;648
1460;2023-08-22;19:52:45.0000000;1603;1010
1461;2023-07-10;07:04:11.0000000;383;977
1462;2023-12-11;20:25:16.0000000;2468;54
1463;2024-01-28;22:58:37.0000000;272;601
1464;2024-12-22;11:57:37.0000000;1528;396
1465;2022-10-24;18:15:23.0000000;164;370
1466;2024-07-02;05:32:31.0000000;1651;18
1467;2024-03-22;21:28:11.0000000;2144;55
1468;2024-03-23;18:21:27.0000000;2457;112
1469;2024-04-29;18:32:36.0000000;3178;649
1470;2023-01-26;10:15:58.0000000;2034;544
1471;2022-07-23;20:03:58.0000000;836;613
1472;2024-03-23;03:38:58.0000000;807;875
1473;2024-10-12;23:51:44.0000000;2465;50
1474;2023-10-21;10:51:21.0000000;2870;818
1475;2024-06-12;05:40:55.0000000;704;504
1476;2022-02-25;05:01:58.0000000;989;316
1477;2022-01-27;00:49:57.0000000;654;753
1478;2022-11-03;18:25:22.0000000;3203;687
1479;2022-12-05;10:43:21.0000000;2752;371
1480;2024-06-14;12:41:30.0000000;2410;646
1481;2023-04-09;11:30:01.0000000;72;989
1482;2022-09-09;07:28:33.0000000;379;81
1483;2023-12-27;09:38:20.0000000;2984;51
1484;2022-10-08;21:16:12.0000000;2397;789
1485;2024-06-29;05:23:16.0000000;3350;961
1486;2023-12-25;22:13:56.0000000;2493;155
1487;2024-05-07;15:10:50.0000000;1664;138
1488;2023-12-30;15:25:20.0000000;1079;393
1489;2022-06-25;11:31:52.0000000;2083;249
1490;2024-12-05;01:00:01.0000000;306;109
1491;2024-05-15;19:08:05.0000000;1402;456
1492;2024-07-16;04:36:57.0000000;2112;208
1493;2022-07-20;19:58:36.0000000;2213;327
1494;2022-01-26;15:38:03.0000000;2853;963
1495;2024-06-14;12:28:24.0000000;1554;296
1496;2023-03-01;01:54:55.0000000;3163;897
1497;2024-07-19;00:41:41.0000000;1401;440
1498;2024-08-05;21:40:11.0000000;1897;303
1499;2022-08-27;22:35:27.0000000;122;583
1500;2022-02-03;23:00:09.0000000;1066;461
1501;2023-06-12;23:59:12.0000000;2605;210
1502;2022-10-13;20:15:03.0000000;2882;715
1503;2023-04-11;14:31:09.0000000;1303;124
1504;2022-05-30;08:30:44.0000000;1456;762
1505;2023-06-16;04:08:25.0000000;49;291
1506;2022-07-23;14:24:32.0000000;1186;859
1507;2023-11-08;19:54:37.0000000;2769;50
1508;2023-03-15;04:27:13.0000000;2281;329
1509;2023-04-25;20:16:57.0000000;1295;35
1510;2023-04-01;05:05:52.0000000;2359;526
1511;2024-11-23;00:17:31.0000000;3066;409
1512;2023-08-03;19:11:10.0000000;3029;72
1513;2023-04-09;14:09:27.0000000;3022;373
1514;2024-05-21;14:26:11.0000000;1097;963
1515;2024-01-16;07:10:09.0000000;840;552
1516;2023-03-10;08:32:15.0000000;2543;895
1517;2024-02-25;16:45:01.0000000;3200;379
1518;2022-06-07;12:01:39.0000000;331;899
1519;2024-12-17;23:08:16.0000000;37;56
1520;2023-12-09;11:48:16.0000000;183;691
1521;2024-06-17;23:58:04.0000000;2552;720
1522;2023-08-19;00:03:49.0000000;2363;353
1523;2023-08-10;10:53:20.0000000;759;190
1524;2022-11-06;13:09:36.0000000;1639;149
1525;2022-06-23;11:43:19.0000000;2372;631
1526;2022-09-30;18:14:26.0000000;2163;662
1527;2022-05-14;15:49:31.0000000;2224;287
1528;2023-04-09;12:28:01.0000000;1432;576
1529;2024-04-18;14:23:16.0000000;2821;367
1530;2022-11-18;14:03:16.0000000;503;219
1531;2023-06-14;07:28:09.0000000;1302;686
1532;2022-01-13;01:03:39.0000000;2771;736
1533;2024-10-04;00:57:14.0000000;2389;338
1534;2022-03-16;22:48:40.0000000;1491;292
1535;2024-10-22;07:19:16.0000000;1073;917
1536;2022-03-12;02:53:38.0000000;1086;892
1537;2022-07-25;15:10:56.0000000;1940;72
1538;2023-06-02;19:17:49.0000000;1508;918
1539;2022-05-02;04:25:58.0000000;1746;800
1540;2024-02-14;07:01:29.0000000;2880;884
1541;2023-02-13;18:14:53.0000000;3509;536
1542;2024-03-13;09:43:25.0000000;1856;84
1543;2022-05-05;09:32:00.0000000;547;665
1544;2022-04-23;08:28:55.0000000;946;157
1545;2023-05-18;21:16:02.0000000;1115;456
1546;2022-10-10;02:57:53.0000000;1780;749
1547;2024-04-29;11:06:30.0000000;607;271
1548;2023-04-12;04:59:44.0000000;3310;125
1549;2023-10-14;11:01:30.0000000;1736;374
1550;2024-08-15;14:19:50.0000000;3489;358
1551;2024-07-06;06:47:43.0000000;2961;103
1552;2024-08-02;20:52:42.0000000;2003;562
1553;2023-10-25;02:50:12.0000000;2312;54
1554;2024-07-16;14:53:37.0000000;1641;200
1555;2022-01-15;07:09:03.0000000;679;536
1556;2023-06-20;16:02:20.0000000;3343;196
1557;2024-05-06;11:38:42.0000000;3446;44
1558;2022-10-18;07:44:02.0000000;3059;877
1559;2024-03-24;07:44:24.0000000;1488;165
1560;2024-11-08;05:11:12.0000000;2293;301
1561;2022-05-01;01:01:00.0000000;91;688
1562;2022-12-18;03:34:34.0000000;1448;772
1563;2022-01-10;14:33:50.0000000;2372;745
1564;2022-04-09;06:42:52.0000000;2668;782
1565;2023-12-10;10:18:01.0000000;3206;686
1566;2024-07-01;17:42:08.0000000;1341;981
1567;2022-12-08;04:47:43.0000000;3183;329
1568;2024-10-24;07:16:19.0000000;331;110
1569;2023-04-23;02:13:33.0000000;1183;886
1570;2022-04-27;22:19:12.0000000;603;72
1571;2023-06-23;10:55:52.0000000;3318;988
1572;2022-04-27;07:46:20.0000000;2595;458
1573;2024-09-23;00:53:40.0000000;1667;438
1574;2022-07-03;00:57:17.0000000;673;943
1575;2023-06-01;12:03:15.0000000;1294;711
1576;2023-01-08;00:10:51.0000000;1203;164
1577;2023-11-04;01:09:44.0000000;2650;163
1578;2023-06-28;09:48:21.0000000;1832;279
1579;2022-06-01;10:46:33.0000000;2414;110
1580;2024-09-25;03:21:27.0000000;1854;588
1581;2024-11-22;04:11:08.0000000;763;227
1582;2024-01-05;05:29:36.0000000;2990;246
1583;2024-04-14;18:58:59.0000000;1040;44
1584;2022-03-29;20:03:47.0000000;693;179
1585;2022-07-18;02:22:07.0000000;401;829
1586;2023-04-19;14:10:10.0000000;1948;407
1587;2022-05-09;17:12:59.0000000;117;908
1588;2024-11-12;20:39:32.0000000;3143;618
1589;2024-03-14;02:33:19.0000000;1085;284
1590;2024-07-24;22:24:32.0000000;355;448
1591;2024-04-21;20:22:24.0000000;949;15
1592;2022-08-17;13:18:45.0000000;1173;885
1593;2023-04-26;04:50:36.0000000;527;1
1594;2022-03-13;23:22:45.0000000;3444;967
1595;2022-05-01;15:22:40.0000000;153;204
1596;2024-07-30;21:49:44.0000000;1342;986
1597;2023-06-27;23:54:44.0000000;3577;991
1598;2023-06-11;06:19:25.0000000;1125;780
1599;2024-01-25;17:21:24.0000000;563;253
1600;2022-10-01;07:49:56.0000000;2430;732
1601;2024-04-12;07:19:31.0000000;2594;1000
1602;2024-01-14;00:07:20.0000000;2154;273
1603;2023-11-27;00:28:15.0000000;1432;698
1604;2023-06-15;02:18:43.0000000;940;422
1605;2022-03-14;10:42:45.0000000;1271;957
1606;2023-05-18;04:11:36.0000000;1074;278
1607;2023-08-11;19:08:07.0000000;53;563
1608;2022-12-14;00:58:57.0000000;3349;472
1609;2024-05-19;11:33:43.0000000;1184;232
1610;2022-04-09;14:18:18.0000000;44;29
1611;2022-05-02;14:35:07.0000000;3104;368
1612;2024-11-25;11:19:12.0000000;47;335
1613;2022-03-28;22:00:13.0000000;1209;996
1614;2022-08-01;06:38:52.0000000;3273;826
1615;2022-10-03;15:43:05.0000000;1540;1002
1616;2023-05-18;17:15:13.0000000;2306;236
1617;2022-04-24;13:44:01.0000000;1033;892
1618;2023-12-07;04:07:09.0000000;3029;346
1619;2022-08-03;08:02:52.0000000;1559;62
1620;2022-10-18;04:17:12.0000000;334;426
1621;2022-09-23;16:11:12.0000000;991;491
1622;2023-05-11;23:29:21.0000000;3286;141
1623;2024-11-04;03:00:26.0000000;2852;200
1624;2024-12-30;14:00:53.0000000;2666;88
1625;2023-12-12;06:35:52.0000000;1111;651
1626;2023-11-29;18:01:28.0000000;3505;966
1627;2022-04-27;10:47:07.0000000;569;89
1628;2023-09-26;00:00:30.0000000;2618;127
1629;2024-10-18;12:18:22.0000000;1864;540
1630;2022-11-04;09:16:59.0000000;2560;422
1631;2023-04-15;19:41:45.0000000;1323;970
1632;2023-02-18;03:33:05.0000000;213;110
1633;2022-11-08;19:16:10.0000000;771;1003
1634;2023-06-16;20:48:16.0000000;1112;218
1635;2024-08-16;03:31:55.0000000;1805;10
1636;2022-08-19;05:55:46.0000000;379;782
1637;2023-11-23;10:54:49.0000000;2031;901
1638;2023-06-15;00:20:13.0000000;1731;814
1639;2023-09-04;03:38:50.0000000;3284;86
1640;2022-01-15;07:02:43.0000000;1909;498
1641;2023-01-30;10:12:57.0000000;338;554
1642;2024-07-29;09:19:20.0000000;1101;364
1643;2023-01-05;00:31:16.0000000;2234;830
1644;2022-04-05;00:21:40.0000000;797;215
1645;2023-10-14;22:34:46.0000000;1572;623
1646;2022-09-21;03:23:37.0000000;3156;454
1647;2024-04-16;18:12:47.0000000;3168;664
1648;2023-12-22;23:35:22.0000000;3031;148
1649;2023-04-23;08:44:14.0000000;1897;618
1650;2022-06-02;21:14:16.0000000;2737;590
1651;2024-12-16;02:16:53.0000000;1603;293
1652;2022-09-03;19:34:54.0000000;1333;52
1653;2024-04-07;04:09:59.0000000;2992;707
1654;2023-06-07;02:22:37.0000000;2261;185
1655;2024-10-25;17:04:40.0000000;1047;481
1656;2024-11-21;09:12:33.0000000;1233;263
1657;2022-03-08;21:14:30.0000000;223;900
1658;2024-12-26;05:49:43.0000000;472;421
1659;2024-10-23;00:57:28.0000000;1788;654
1660;2024-11-28;10:02:47.0000000;695;697
1661;2023-07-27;13:58:03.0000000;500;822
1662;2023-03-17;21:21:41.0000000;1005;230
1663;2023-06-20;02:48:35.0000000;182;737
1664;2023-03-09;22:00:52.0000000;2839;867
1665;2024-10-30;16:07:03.0000000;2452;462
1666;2022-05-29;18:57:06.0000000;3167;235
1667;2022-12-11;10:13:31.0000000;655;539
1668;2022-02-22;08:32:32.0000000;2819;284
1669;2023-05-09;09:09:09.0000000;3121;671
1670;2024-08-15;09:49:14.0000000;1466;137
1671;2023-12-11;01:51:28.0000000;2206;313
1672;2022-05-13;09:13:34.0000000;2008;195
1673;2022-06-19;06:20:23.0000000;2297;399
1674;2022-12-10;11:37:50.0000000;1806;233
1675;2023-08-22;19:13:25.0000000;2833;650
1676;2023-08-18;09:51:55.0000000;2977;847
1677;2022-12-16;17:18:11.0000000;171;579
1678;2022-05-25;09:02:34.0000000;1802;978
1679;2023-11-02;22:37:37.0000000;2233;1010
1680;2024-05-01;12:12:03.0000000;2331;926
1681;2023-08-08;12:40:01.0000000;1434;509
1682;2023-05-09;05:33:05.0000000;1928;175
1683;2022-01-26;20:46:00.0000000;3415;802
1684;2022-06-18;00:05:05.0000000;3534;768
1685;2022-09-16;23:39:43.0000000;292;540
1686;2024-09-17;03:14:09.0000000;1850;125
1687;2024-04-17;23:52:48.0000000;1088;490
1688;2022-10-28;21:20:57.0000000;1869;569
1689;2024-05-21;04:13:48.0000000;2623;863
1690;2023-12-06;22:54:57.0000000;3015;384
1691;2023-05-01;15:46:20.0000000;86;247
1692;2022-04-07;01:27:18.0000000;1501;475
1693;2022-07-13;09:10:27.0000000;1323;911
1694;2023-10-12;10:10:22.0000000;2217;578
1695;2022-12-17;03:40:58.0000000;2156;371
1696;2024-02-19;18:55:02.0000000;2268;976
1697;2022-11-24;13:37:43.0000000;1169;6
1698;2022-12-07;16:12:41.0000000;2635;520
1699;2024-08-22;04:36:32.0000000;404;156
1700;2022-07-06;18:51:01.0000000;283;261
1701;2022-05-27;18:27:43.0000000;541;591
1702;2023-03-06;09:01:25.0000000;138;302
1703;2024-11-12;06:29:22.0000000;1998;686
1704;2024-12-10;03:43:02.0000000;140;507
1705;2023-02-07;09:48:58.0000000;3435;524
1706;2022-11-04;01:53:41.0000000;2016;417
1707;2022-03-28;01:15:43.0000000;2882;164
1708;2024-12-25;19:28:23.0000000;211;155
1709;2023-10-15;05:29:07.0000000;2491;157
1710;2023-02-26;09:43:59.0000000;864;896
1711;2023-09-25;07:41:01.0000000;3418;992
1712;2024-09-28;14:44:13.0000000;3290;616
1713;2023-11-27;16:11:23.0000000;2295;292
1714;2023-03-10;02:26:47.0000000;1521;536
1715;2022-11-29;21:39:30.0000000;2536;693
1716;2022-03-17;02:32:51.0000000;176;8
1717;2023-08-18;03:11:29.0000000;1254;90
1718;2024-05-02;21:43:19.0000000;894;631
1719;2023-05-01;13:52:49.0000000;424;1009
1720;2022-10-16;08:57:08.0000000;1588;948
1721;2024-11-22;02:40:39.0000000;2165;570
1722;2022-10-03;06:46:57.0000000;2571;432
1723;2024-10-11;14:39:45.0000000;3078;181
1724;2022-07-09;17:46:42.0000000;3066;688
1725;2022-01-08;15:59:31.0000000;2625;42
1726;2023-11-26;23:20:24.0000000;2772;753
1727;2024-07-06;09:56:12.0000000;2734;733
1728;2023-09-09;21:44:32.0000000;436;210
1729;2023-09-18;04:12:42.0000000;748;138
1730;2022-05-01;09:41:37.0000000;2077;913
1731;2022-03-07;10:58:23.0000000;657;974
1732;2024-06-07;16:42:14.0000000;1824;156
1733;2024-06-11;15:43:43.0000000;1300;582
1734;2023-12-16;09:29:51.0000000;3470;928
1735;2022-04-30;01:28:00.0000000;3140;820
1736;2022-03-13;23:53:55.0000000;2983;314
1737;2023-11-19;05:47:17.0000000;995;227
1738;2023-04-20;06:46:01.0000000;886;48
1739;2023-09-01;09:16:01.0000000;2263;91
1740;2024-11-14;00:31:56.0000000;1863;21
1741;2022-10-15;13:27:52.0000000;1636;834
1742;2024-04-17;23:12:39.0000000;151;129
1743;2024-01-06;14:40:41.0000000;76;1003
1744;2024-01-13;14:23:32.0000000;1246;666
1745;2023-01-07;23:03:22.0000000;918;547
1746;2023-12-13;00:14:20.0000000;1299;330
1747;2023-05-02;05:43:19.0000000;3376;221
1748;2023-05-22;04:57:12.0000000;2277;214
1749;2023-12-18;13:58:19.0000000;2347;845
1750;2024-08-02;03:15:53.0000000;396;48
1751;2024-03-13;22:42:47.0000000;1466;987
1752;2022-10-05;05:10:19.0000000;1095;255
1753;2022-01-21;22:43:08.0000000;2394;701
1754;2022-10-04;08:52:24.0000000;1059;235
1755;2024-09-17;04:16:35.0000000;2346;885
1756;2023-02-05;19:15:35.0000000;900;909
1757;2024-10-03;22:23:46.0000000;1339;770
1758;2024-12-20;16:41:07.0000000;2009;152
1759;2022-09-26;03:07:56.0000000;400;383
1760;2024-08-23;22:54:26.0000000;1240;307
1761;2024-12-01;08:25:01.0000000;3320;665
1762;2023-11-28;22:56:10.0000000;331;7
1763;2023-06-22;16:53:30.0000000;3167;349
1764;2022-10-25;15:23:07.0000000;3357;634
1765;2024-08-24;15:08:35.0000000;3564;468
1766;2023-11-25;15:46:24.0000000;3165;570
1767;2024-06-24;02:18:46.0000000;2683;322
1768;2022-12-13;00:03:31.0000000;56;566
1769;2022-06-04;16:12:35.0000000;1258;487
1770;2022-07-26;10:15:07.0000000;1317;435
1771;2022-02-15;00:42:48.0000000;622;346
1772;2024-05-03;14:07:09.0000000;2868;607
1773;2022-02-07;07:28:11.0000000;216;1011
1774;2024-03-12;01:27:02.0000000;1835;994
1775;2023-11-22;21:26:20.0000000;2077;25
1776;2024-11-25;21:13:42.0000000;1779;741
1777;2023-03-22;20:01:50.0000000;1625;860
1778;2024-09-12;16:20:21.0000000;1386;472
1779;2023-11-06;18:50:59.0000000;2350;994
1780;2022-11-17;00:44:02.0000000;1645;249
1781;2022-01-07;04:11:06.0000000;1642;709
1782;2023-08-12;19:19:16.0000000;3179;646
1783;2022-11-01;02:25:43.0000000;562;770
1784;2024-06-17;20:24:21.0000000;821;702
1785;2023-04-03;05:11:46.0000000;2681;565
1786;2023-08-25;18:46:47.0000000;2308;829
1787;2023-11-21;16:07:54.0000000;2157;238
1788;2022-01-05;22:58:34.0000000;303;362
1789;2023-08-13;09:17:24.0000000;1771;143
1790;2023-12-13;06:44:54.0000000;2369;944
1791;2024-09-22;18:36:30.0000000;2761;91
1792;2024-11-21;14:54:24.0000000;1506;789
1793;2024-12-24;01:35:24.0000000;1323;784
1794;2023-11-23;09:51:18.0000000;2694;271
1795;2022-08-18;23:30:15.0000000;1258;764
1796;2024-03-18;18:13:03.0000000;2534;942
1797;2023-02-24;05:44:34.0000000;607;832
1798;2024-09-28;18:09:59.0000000;3361;500
1799;2022-04-30;03:36:28.0000000;2817;711
1800;2024-04-21;14:48:48.0000000;3113;29
1801;2024-12-30;13:20:30.0000000;3039;738
1802;2022-05-22;18:41:57.0000000;2553;509
1803;2022-07-19;17:23:28.0000000;3419;402
1804;2023-03-13;04:10:04.0000000;1416;365
1805;2023-09-02;22:41:04.0000000;1853;447
1806;2024-06-27;06:56:45.0000000;1369;522
1807;2023-03-02;03:00:05.0000000;2213;724
1808;2023-12-02;13:53:26.0000000;2248;159
1809;2022-10-20;06:27:29.0000000;1069;380
1810;2024-08-01;05:51:22.0000000;2561;452
1811;2023-10-30;09:43:50.0000000;2872;195
1812;2022-01-03;17:06:15.0000000;2397;937
1813;2022-03-14;04:23:43.0000000;1056;231
1814;2023-05-26;04:38:58.0000000;1173;414
1815;2024-07-21;00:31:14.0000000;2862;560
1816;2022-10-13;15:49:41.0000000;227;3
1817;2024-07-19;07:48:09.0000000;44;164
1818;2022-05-14;23:17:33.0000000;2714;69
1819;2024-10-14;06:25:03.0000000;3500;527
1820;2023-03-29;02:58:05.0000000;451;680
1821;2023-07-22;14:27:49.0000000;3562;381
1822;2023-12-31;01:56:10.0000000;1569;796
1823;2022-02-10;12:23:13.0000000;417;319
1824;2023-07-30;06:25:10.0000000;3560;55
1825;2022-12-31;21:01:51.0000000;370;580
1826;2023-02-21;12:34:45.0000000;2060;137
1827;2022-04-23;17:42:17.0000000;2928;990
1828;2023-10-15;23:52:38.0000000;1023;253
1829;2024-07-22;00:11:47.0000000;1376;1001
1830;2023-05-06;07:00:38.0000000;3059;447
1831;2024-03-06;19:00:39.0000000;1430;968
1832;2022-03-09;23:31:39.0000000;2570;654
1833;2024-05-26;19:21:46.0000000;2063;403
1834;2022-02-23;20:13:03.0000000;263;769
1835;2022-10-06;20:37:22.0000000;1595;73
1836;2022-09-07;08:19:34.0000000;2283;702
1837;2022-12-25;22:22:17.0000000;631;703
1838;2022-07-29;00:12:30.0000000;1619;84
1839;2023-02-09;10:45:35.0000000;2999;273
1840;2024-05-12;03:11:37.0000000;2787;259
1841;2024-09-26;03:59:48.0000000;2572;386
1842;2023-03-30;06:37:44.0000000;994;500
1843;2023-12-20;03:48:52.0000000;1756;862
1844;2023-08-15;16:36:48.0000000;2489;479
1845;2022-01-03;00:14:09.0000000;2230;367
1846;2022-06-23;07:23:05.0000000;2682;547
1847;2022-03-18;03:15:30.0000000;2227;101
1848;2024-06-15;12:30:59.0000000;575;401
1849;2022-06-18;12:27:04.0000000;2898;342
1850;2023-04-10;04:31:05.0000000;563;539
1851;2023-10-06;02:30:32.0000000;3164;630
1852;2022-04-05;08:00:51.0000000;2323;393
1853;2023-10-07;23:21:29.0000000;287;129
1854;2024-08-20;08:04:03.0000000;2956;317
1855;2023-09-05;17:22:20.0000000;1310;632
1856;2023-06-18;04:11:05.0000000;130;890
1857;2024-05-31;22:19:04.0000000;1705;291
1858;2024-02-21;01:16:38.0000000;1824;743
1859;2022-04-03;12:32:14.0000000;3201;384
1860;2022-02-25;10:15:45.0000000;548;898
1861;2023-12-08;04:57:14.0000000;3132;771
1862;2024-04-01;19:40:06.0000000;1103;624
1863;2022-02-16;00:40:38.0000000;2518;360
1864;2022-07-28;01:07:03.0000000;961;168
1865;2023-05-15;08:44:37.0000000;116;940
1866;2024-06-22;18:44:44.0000000;2828;464
1867;2023-09-20;15:15:16.0000000;2067;685
1868;2022-10-01;23:27:40.0000000;2926;177
1869;2022-07-27;22:11:38.0000000;3500;871
1870;2022-06-13;01:52:16.0000000;1950;993
1871;2022-01-03;14:03:16.0000000;801;121
1872;2022-04-07;17:35:46.0000000;1683;988
1873;2023-02-11;02:08:31.0000000;1115;876
1874;2023-12-10;20:30:46.0000000;3050;161
1875;2024-02-29;13:11:24.0000000;847;726
1876;2022-01-20;17:01:36.0000000;1809;263
1877;2022-01-03;20:49:00.0000000;2827;378
1878;2022-07-15;05:23:48.0000000;1884;562
1879;2024-03-08;03:09:17.0000000;1668;623
1880;2023-08-07;04:12:48.0000000;3021;310
1881;2024-12-17;23:09:07.0000000;1291;914
1882;2023-02-22;16:07:32.0000000;3051;374
1883;2024-02-24;03:53:28.0000000;2206;34
1884;2022-03-04;08:01:16.0000000;3597;383
1885;2022-01-31;08:57:02.0000000;457;159
1886;2024-10-03;10:30:41.0000000;3397;31
1887;2024-11-23;07:00:20.0000000;1016;726
1888;2022-08-30;07:23:05.0000000;1630;54
1889;2024-08-18;05:14:23.0000000;1596;312
1890;2023-01-25;04:28:51.0000000;2593;460
1891;2023-05-21;05:50:58.0000000;1202;252
1892;2024-02-21;05:47:42.0000000;1257;255
1893;2023-01-22;03:30:22.0000000;691;379
1894;2024-11-29;13:36:53.0000000;2521;703
1895;2023-12-23;15:24:54.0000000;2127;868
1896;2022-07-02;07:24:19.0000000;3409;951
1897;2023-11-20;08:46:45.0000000;2969;302
1898;2024-07-26;00:57:11.0000000;746;218
1899;2023-04-24;07:23:11.0000000;2861;945
1900;2022-03-14;03:08:57.0000000;1620;957
1901;2023-12-21;19:45:37.0000000;1856;952
1902;2023-08-29;04:20:55.0000000;1868;139
1903;2022-03-12;18:25:42.0000000;2928;860
1904;2024-08-16;08:26:26.0000000;1872;657
1905;2024-12-30;15:00:31.0000000;1337;637
1906;2024-02-13;19:53:23.0000000;3013;58
1907;2023-02-11;07:09:21.0000000;477;719
1908;2022-12-18;21:07:17.0000000;1496;221
1909;2024-10-22;08:17:39.0000000;2907;755
1910;2023-02-27;22:10:04.0000000;3250;742
1911;2024-02-02;17:36:53.0000000;664;876
1912;2022-10-02;16:25:39.0000000;1568;915
1913;2024-10-13;15:25:14.0000000;709;640
1914;2023-07-12;08:15:54.0000000;3578;571
1915;2023-03-14;22:58:04.0000000;3568;408
1916;2024-02-24;09:07:05.0000000;3160;96
1917;2024-04-30;15:35:59.0000000;1271;996
1918;2023-12-30;17:26:50.0000000;3158;408
1919;2024-02-23;13:43:38.0000000;2575;894
1920;2024-09-03;00:46:26.0000000;548;334
1921;2023-09-05;05:26:52.0000000;2560;852
1922;2024-11-14;09:56:16.0000000;1888;366
1923;2023-03-01;19:13:45.0000000;2052;497
1924;2023-02-10;02:21:46.0000000;33;537
1925;2023-12-02;21:13:40.0000000;2031;966
1926;2023-08-17;13:20:34.0000000;2421;158
1927;2023-11-05;13:16:26.0000000;1689;363
1928;2024-04-01;18:09:31.0000000;2472;840
1929;2022-09-04;14:52:26.0000000;1012;356
1930;2024-10-24;09:35:26.0000000;2548;239
1931;2022-08-30;16:36:06.0000000;3390;261
1932;2022-10-12;10:48:13.0000000;767;381
1933;2022-04-21;19:16:36.0000000;2685;724
1934;2022-02-21;07:00:31.0000000;605;26
1935;2022-02-13;21:47:13.0000000;2377;581
1936;2023-05-31;20:36:03.0000000;1366;903
1937;2024-12-26;06:09:21.0000000;456;344
1938;2024-10-05;21:31:04.0000000;670;467
1939;2023-10-26;11:37:18.0000000;2717;8
1940;2024-04-18;13:24:56.0000000;3234;592
1941;2024-04-13;09:36:19.0000000;1875;179
1942;2024-02-03;23:20:22.0000000;156;350
1943;2024-08-05;01:53:08.0000000;1235;25
1944;2023-05-01;10:03:02.0000000;1562;547
1945;2022-03-04;03:04:43.0000000;1760;382
1946;2023-03-23;12:31:57.0000000;1209;602
1947;2023-03-17;06:53:13.0000000;509;720
1948;2023-12-29;09:05:29.0000000;2168;425
1949;2024-07-23;23:43:58.0000000;869;386
1950;2022-03-13;00:44:56.0000000;248;213
1951;2022-07-17;02:58:35.0000000;2998;191
1952;2023-10-17;08:03:28.0000000;1991;153
1953;2024-04-25;11:18:51.0000000;3238;841
1954;2024-08-30;07:10:31.0000000;2503;833
1955;2024-10-06;10:36:31.0000000;2162;408
1956;2024-11-14;06:02:18.0000000;1459;247
1957;2023-08-09;03:55:32.0000000;2314;140
1958;2024-04-25;12:02:05.0000000;2996;176
1959;2023-10-17;11:25:51.0000000;3319;361
1960;2024-09-07;15:20:00.0000000;2506;297
1961;2022-03-08;17:15:10.0000000;1199;247
1962;2022-06-23;01:56:50.0000000;494;155
1963;2022-12-23;19:28:48.0000000;2571;587
1964;2022-03-10;21:52:15.0000000;3483;335
1965;2022-07-22;19:42:37.0000000;2530;497
1966;2023-11-28;14:53:47.0000000;196;45
1967;2023-09-30;20:04:17.0000000;2305;410
1968;2022-10-14;15:06:17.0000000;2633;899
1969;2024-12-13;23:14:29.0000000;1163;998
1970;2024-06-01;00:26:45.0000000;287;426
1971;2023-05-03;13:36:48.0000000;2085;140
1972;2023-10-21;17:17:38.0000000;3151;727
1973;2022-03-04;18:19:25.0000000;2819;680
1974;2022-01-15;08:57:46.0000000;1632;576
1975;2023-09-04;22:42:50.0000000;129;333
1976;2024-03-27;06:27:08.0000000;1363;349
1977;2024-08-06;06:06:21.0000000;2764;706
1978;2024-05-30;15:35:27.0000000;1953;536
1979;2024-06-24;00:29:45.0000000;566;918
1980;2023-12-02;19:13:37.0000000;2579;768
1981;2024-02-17;16:31:29.0000000;3553;194
1982;2023-07-20;10:30:17.0000000;1382;80
1983;2024-12-11;22:06:40.0000000;3344;630
1984;2024-09-03;22:29:05.0000000;3051;248
1985;2024-05-03;05:19:21.0000000;2144;7
1986;2024-02-02;07:24:04.0000000;2979;759
1987;2023-06-03;05:53:21.0000000;2204;545
1988;2024-10-28;12:25:24.0000000;2375;22
1989;2022-10-13;09:33:32.0000000;3269;785
1990;2024-01-28;07:46:58.0000000;621;665
1991;2024-06-16;07:26:58.0000000;137;8
1992;2024-01-12;20:13:55.0000000;2576;628
1993;2024-02-17;12:01:44.0000000;689;999
1994;2024-05-04;03:12:00.0000000;1605;270
1995;2022-01-23;16:55:15.0000000;488;594
1996;2023-10-05;01:51:46.0000000;3523;723
1997;2024-04-29;09:05:57.0000000;139;935
1998;2023-12-24;08:37:34.0000000;365;334
1999;2023-07-25;23:09:38.0000000;983;5
2000;2022-05-23;05:21:40.0000000;3407;189
2001;2022-08-26;12:53:53.0000000;2160;677
2002;2023-04-10;08:11:04.0000000;469;347
2003;2022-11-06;14:28:11.0000000;163;448
2004;2024-12-30;08:39:37.0000000;389;863
2005;2024-10-22;14:47:40.0000000;112;816
2006;2024-06-09;18:26:03.0000000;2058;394
2007;2022-03-05;07:44:29.0000000;1403;821
2008;2024-02-24;01:47:31.0000000;3589;328
2009;2023-08-13;04:29:27.0000000;3186;444
2010;2023-07-03;10:24:48.0000000;3161;100
2011;2023-09-05;07:37:43.0000000;2124;514
2012;2024-03-01;07:50:11.0000000;2977;950
2013;2022-05-09;15:34:44.0000000;1597;463
2014;2023-05-24;19:48:08.0000000;26;370
2015;2023-09-20;17:06:46.0000000;190;963
2016;2024-05-22;07:26:03.0000000;366;667
2017;2022-11-24;15:18:22.0000000;198;218
2018;2023-06-18;20:11:43.0000000;3148;814
2019;2023-08-06;11:52:15.0000000;2375;565
2020;2022-01-11;21:25:48.0000000;869;49
2021;2022-04-16;06:48:40.0000000;798;294
2022;2024-01-22;15:38:19.0000000;2190;216
2023;2023-07-12;00:59:11.0000000;1816;884
2024;2022-06-19;15:28:59.0000000;621;153
2025;2024-05-22;11:45:43.0000000;478;269
2026;2023-05-21;06:19:23.0000000;2561;73
2027;2023-11-16;03:55:24.0000000;429;346
2028;2024-09-11;22:03:32.0000000;1444;428
2029;2023-03-29;08:32:34.0000000;1120;246
2030;2022-07-28;10:46:57.0000000;2895;903
2031;2023-03-21;23:09:12.0000000;1012;906
2032;2022-10-02;00:29:23.0000000;1285;77
2033;2022-06-26;17:15:24.0000000;1397;677
2034;2022-08-11;23:16:50.0000000;217;623
2035;2023-01-02;17:44:42.0000000;1938;517
2036;2022-05-15;04:52:10.0000000;1581;369
2037;2024-06-14;10:56:09.0000000;1756;723
2038;2023-10-12;09:26:41.0000000;2896;889
2039;2022-01-26;07:05:08.0000000;2437;165
2040;2022-12-28;12:38:23.0000000;1466;847
2041;2023-06-30;18:51:56.0000000;3358;37
2042;2024-12-24;16:57:10.0000000;3116;325
2043;2024-06-20;14:41:30.0000000;3105;332
2044;2023-01-29;15:56:40.0000000;549;748
2045;2023-04-26;06:09:11.0000000;3296;746
2046;2023-01-10;10:35:07.0000000;1876;494
2047;2023-08-13;22:17:49.0000000;2649;92
2048;2024-08-15;12:57:40.0000000;959;507
2049;2023-02-26;01:38:20.0000000;3537;759
2050;2023-07-21;20:12:22.0000000;1498;723
2051;2022-01-02;20:47:34.0000000;2875;666
2052;2022-12-10;08:08:32.0000000;3535;997
2053;2023-01-23;17:37:06.0000000;2006;752
2054;2023-09-07;14:33:49.0000000;1956;60
2055;2022-01-13;20:29:20.0000000;1970;343
2056;2024-09-05;16:49:37.0000000;709;770
2057;2024-01-08;03:39:09.0000000;1437;865
2058;2024-06-12;06:20:24.0000000;531;474
2059;2022-01-22;22:32:34.0000000;1671;421
2060;2024-01-17;17:13:03.0000000;2287;931
2061;2024-06-18;17:44:56.0000000;1247;681
2062;2024-09-12;21:13:04.0000000;1651;515
2063;2023-08-10;23:40:43.0000000;987;1011
2064;2024-06-17;10:37:54.0000000;2254;372
2065;2023-12-29;23:45:39.0000000;1985;328
2066;2022-11-15;10:42:21.0000000;1405;732
2067;2023-02-04;12:26:58.0000000;2852;166
2068;2022-03-23;08:23:53.0000000;3222;721
2069;2024-05-04;18:57:23.0000000;3234;542
2070;2022-06-08;10:40:27.0000000;2853;201
2071;2023-01-14;08:04:01.0000000;2724;178
2072;2024-10-21;08:08:01.0000000;2925;475
2073;2022-04-29;03:28:25.0000000;2003;723
2074;2023-10-12;14:04:42.0000000;2451;287
2075;2023-05-05;16:14:50.0000000;2283;89
2076;2024-12-15;12:21:46.0000000;1833;38
2077;2023-11-05;01:03:57.0000000;1672;670
2078;2022-03-07;09:05:31.0000000;455;874
2079;2023-02-07;19:06:36.0000000;3368;269
2080;2022-09-13;18:49:48.0000000;2034;776
2081;2024-11-05;23:07:32.0000000;901;621
2082;2023-11-19;08:51:10.0000000;2388;127
2083;2024-11-07;12:01:02.0000000;610;875
2084;2022-06-19;20:38:50.0000000;2186;33
2085;2023-05-22;16:16:13.0000000;2531;758
2086;2022-01-22;23:30:17.0000000;811;966
2087;2022-11-20;05:43:21.0000000;1306;71
2088;2022-09-30;14:24:25.0000000;3263;338
2089;2022-04-29;01:50:55.0000000;1790;595
2090;2022-12-03;19:29:33.0000000;2396;219
2091;2024-08-01;13:10:06.0000000;2100;935
2092;2024-07-06;19:57:10.0000000;532;647
2093;2024-08-19;07:05:14.0000000;1522;781
2094;2023-06-07;22:46:19.0000000;227;874
2095;2022-03-01;11:54:49.0000000;2303;16
2096;2023-09-29;09:32:23.0000000;3537;800
2097;2024-10-02;07:13:53.0000000;137;320
2098;2023-08-27;22:54:53.0000000;2886;82
2099;2022-02-21;13:01:28.0000000;2570;668
2100;2023-12-26;22:42:09.0000000;1577;198
2101;2024-05-14;18:14:03.0000000;1792;639
2102;2024-04-16;22:42:24.0000000;2723;84
2103;2024-10-26;10:07:04.0000000;579;925
2104;2023-05-30;02:12:22.0000000;1585;930
2105;2022-03-20;12:29:28.0000000;1718;583
2106;2023-05-31;01:41:56.0000000;3584;95
2107;2022-05-29;02:03:50.0000000;57;469
2108;2024-05-09;23:36:22.0000000;74;654
2109;2023-12-26;02:24:17.0000000;2003;383
2110;2024-10-31;11:25:31.0000000;566;744
2111;2024-10-04;21:21:45.0000000;2640;621
2112;2022-02-14;03:35:58.0000000;1877;301
2113;2023-03-27;10:50:37.0000000;1753;153
2114;2024-10-25;20:19:57.0000000;1871;421
2115;2022-07-08;00:20:21.0000000;2271;51
2116;2022-05-22;16:03:36.0000000;1465;257
2117;2024-06-19;23:19:30.0000000;1749;476
2118;2022-08-07;23:23:29.0000000;2377;986
2119;2022-12-21;22:29:39.0000000;3003;717
2120;2024-12-20;13:27:37.0000000;2065;451
2121;2022-08-26;06:25:56.0000000;2247;794
2122;2024-11-13;22:34:23.0000000;147;785
2123;2024-07-25;04:44:01.0000000;1989;803
2124;2022-03-01;16:01:25.0000000;2386;219
2125;2024-05-20;18:32:41.0000000;2838;275
2126;2023-10-24;14:31:34.0000000;3000;286
2127;2022-05-15;01:32:02.0000000;3084;903
2128;2024-10-22;08:41:32.0000000;2127;272
2129;2022-12-05;02:59:57.0000000;2508;544
2130;2022-08-18;22:53:47.0000000;1945;728
2131;2022-12-18;06:40:53.0000000;2605;813
2132;2024-08-29;19:31:21.0000000;2384;10
2133;2023-07-08;21:13:12.0000000;226;459
2134;2023-01-12;22:21:59.0000000;3198;323
2135;2023-10-07;04:39:20.0000000;1869;254
2136;2024-07-26;08:37:07.0000000;1931;705
2137;2023-06-11;14:36:37.0000000;1367;700
2138;2022-06-30;08:47:49.0000000;3279;290
2139;2022-06-18;03:52:51.0000000;696;728
2140;2023-01-16;14:12:15.0000000;2457;721
2141;2023-04-19;01:02:02.0000000;3225;342
2142;2022-06-02;10:48:18.0000000;261;907
2143;2023-04-25;06:45:46.0000000;702;530
2144;2022-06-22;14:37:52.0000000;2698;480
2145;2022-10-19;15:47:00.0000000;3030;566
2146;2022-10-18;16:15:11.0000000;1184;379
2147;2023-08-11;07:04:23.0000000;529;856
2148;2024-12-16;22:19:55.0000000;3497;819
2149;2022-11-12;00:47:09.0000000;552;454
2150;2024-07-25;07:00:38.0000000;1137;606
2151;2022-04-30;04:45:29.0000000;3046;572
2152;2022-06-16;15:59:32.0000000;725;634
2153;2023-04-07;06:41:50.0000000;629;604
2154;2022-06-18;06:06:40.0000000;3318;541
2155;2022-10-13;11:17:40.0000000;3215;319
2156;2022-08-02;22:27:20.0000000;750;867
2157;2022-01-19;11:50:40.0000000;145;632
2158;2023-03-11;15:10:38.0000000;604;929
2159;2023-09-30;04:53:16.0000000;3375;800
2160;2024-01-26;11:15:30.0000000;2041;115
2161;2022-01-15;23:50:01.0000000;1579;953
2162;2023-05-26;07:55:55.0000000;1812;23
2163;2022-07-01;01:01:34.0000000;2376;18
2164;2022-06-29;17:15:00.0000000;2640;292
2165;2022-08-26;19:05:51.0000000;3366;707
2166;2024-05-26;12:32:42.0000000;696;540
2167;2024-12-19;04:47:38.0000000;1960;684
2168;2022-08-11;00:57:26.0000000;3066;898
2169;2023-04-18;22:52:05.0000000;1565;854
2170;2023-01-23;22:05:41.0000000;1085;214
2171;2023-01-29;22:17:19.0000000;3574;320
2172;2023-06-07;14:41:29.0000000;1192;478
2173;2022-08-25;17:36:37.0000000;2789;129
2174;2022-01-25;04:06:24.0000000;2181;93
2175;2024-07-10;03:46:32.0000000;2186;755
2176;2024-11-20;19:34:56.0000000;3468;220
2177;2024-12-21;20:38:34.0000000;2680;725
2178;2022-12-18;03:19:16.0000000;1117;899
2179;2024-08-19;08:07:34.0000000;412;393
2180;2022-05-14;13:56:38.0000000;2402;849
2181;2022-02-20;15:30:16.0000000;3176;428
2182;2022-11-05;02:55:23.0000000;2762;296
2183;2023-11-20;20:53:30.0000000;808;729
2184;2022-02-13;09:56:20.0000000;2785;362
2185;2024-06-10;21:28:52.0000000;2253;282
2186;2022-08-09;18:03:16.0000000;44;291
2187;2023-04-16;04:46:28.0000000;1694;231
2188;2023-04-23;07:25:19.0000000;435;510
2189;2023-10-19;05:42:20.0000000;908;261
2190;2024-04-21;00:34:39.0000000;800;482
2191;2024-05-26;15:21:49.0000000;2547;847
2192;2024-08-28;20:00:18.0000000;2443;375
2193;2022-08-12;01:20:14.0000000;2465;616
2194;2024-12-06;07:55:34.0000000;501;155
2195;2023-02-20;01:36:43.0000000;2486;765
2196;2024-05-13;22:25:49.0000000;2698;282
2197;2022-04-26;05:44:09.0000000;766;740
2198;2023-06-05;08:57:11.0000000;764;201
2199;2024-07-19;04:39:51.0000000;1922;350
2200;2022-03-10;14:35:59.0000000;1867;930
2201;2023-05-15;07:15:00.0000000;1758;750
2202;2024-12-06;15:48:20.0000000;673;614
2203;2024-01-19;22:28:49.0000000;3193;964
2204;2023-10-23;12:59:17.0000000;1601;254
2205;2024-07-11;18:04:26.0000000;1067;348
2206;2024-09-18;18:40:05.0000000;1814;990
2207;2022-07-20;15:30:43.0000000;831;361
2208;2022-12-05;21:56:56.0000000;740;608
2209;2024-10-14;15:49:06.0000000;599;828
2210;2024-10-13;22:53:12.0000000;1776;405
2211;2024-03-11;06:45:15.0000000;2645;945
2212;2024-04-06;11:00:58.0000000;1818;634
2213;2022-03-31;11:50:46.0000000;152;301
2214;2023-01-12;09:03:21.0000000;2350;325
2215;2023-07-10;00:38:19.0000000;1836;504
2216;2023-09-22;11:57:51.0000000;2048;251
2217;2023-01-31;01:54:59.0000000;2632;762
2218;2023-04-22;23:30:04.0000000;164;268
2219;2024-03-27;16:09:24.0000000;630;435
2220;2023-05-08;08:37:13.0000000;1612;529
2221;2023-03-20;01:25:53.0000000;2121;453
2222;2024-09-02;18:46:35.0000000;1796;675
2223;2022-09-17;08:52:35.0000000;2990;147
2224;2023-08-11;16:18:59.0000000;935;649
2225;2022-12-25;11:42:28.0000000;2833;384
2226;2024-10-16;07:07:08.0000000;2333;300
2227;2024-04-04;19:56:55.0000000;1480;370
2228;2022-01-21;02:49:19.0000000;1250;784
2229;2022-05-22;06:52:45.0000000;2599;320
2230;2024-01-23;22:59:40.0000000;2199;524
2231;2022-11-06;07:25:46.0000000;3455;539
2232;2023-04-02;09:16:32.0000000;3149;147
2233;2024-10-19;02:04:57.0000000;841;129
2234;2022-01-17;09:34:16.0000000;171;349
2235;2023-02-04;00:20:28.0000000;792;221
2236;2022-05-19;22:40:40.0000000;1607;794
2237;2024-02-06;17:11:18.0000000;2831;375
2238;2023-01-25;21:32:39.0000000;357;443
2239;2023-08-03;01:41:25.0000000;786;545
2240;2024-06-26;16:23:45.0000000;800;537
2241;2024-06-01;16:00:38.0000000;2438;654
2242;2022-09-13;07:38:21.0000000;1602;43
2243;2024-12-17;22:37:28.0000000;2224;72
2244;2023-06-20;05:33:20.0000000;2197;282
2245;2023-09-04;15:43:24.0000000;77;570
2246;2022-03-30;07:46:45.0000000;239;809
2247;2024-06-05;11:35:07.0000000;2963;893
2248;2022-06-05;03:58:35.0000000;494;72
2249;2024-07-19;07:55:20.0000000;2688;1005
2250;2024-01-12;13:15:45.0000000;2787;701
2251;2023-02-08;23:23:06.0000000;3045;912
2252;2024-02-12;15:09:37.0000000;305;241
2253;2024-02-18;12:05:23.0000000;589;722
2254;2024-10-10;09:54:22.0000000;88;947
2255;2022-10-05;20:47:57.0000000;2542;696
2256;2023-05-20;11:04:58.0000000;2882;407
2257;2024-12-18;02:59:27.0000000;715;140
2258;2022-11-03;06:58:20.0000000;1268;1004
2259;2023-06-21;00:08:11.0000000;2513;880
2260;2023-02-21;17:00:19.0000000;2430;299
2261;2024-07-06;22:15:47.0000000;3358;412
2262;2024-10-15;04:15:38.0000000;2046;465
2263;2024-03-27;14:55:35.0000000;2531;674
2264;2024-06-09;12:03:29.0000000;3305;576
2265;2023-01-14;10:06:14.0000000;1391;394
2266;2024-05-25;00:17:45.0000000;504;554
2267;2022-08-09;22:01:00.0000000;572;955
2268;2024-06-11;10:27:06.0000000;3258;626
2269;2023-09-27;01:12:04.0000000;196;142
2270;2024-05-05;21:20:46.0000000;1384;356
2271;2023-03-19;14:46:40.0000000;1131;231
2272;2024-01-29;10:59:45.0000000;1710;533
2273;2023-03-12;08:30:59.0000000;1525;242
2274;2023-04-02;06:44:31.0000000;1806;176
2275;2023-06-30;10:23:13.0000000;2393;612
2276;2022-02-25;10:56:44.0000000;419;196
2277;2023-01-19;07:15:16.0000000;3195;205
2278;2024-06-13;08:45:41.0000000;2004;776
2279;2022-01-23;14:16:10.0000000;39;751
2280;2022-06-05;01:19:48.0000000;375;57
2281;2024-06-28;15:23:59.0000000;1172;864
2282;2024-08-12;14:02:07.0000000;3317;872
2283;2023-04-22;05:52:03.0000000;529;783
2284;2022-02-21;19:32:49.0000000;2630;273
2285;2022-01-18;00:16:39.0000000;1854;197
2286;2024-06-13;04:27:26.0000000;724;530
2287;2022-01-24;12:25:40.0000000;164;709
2288;2022-12-02;16:04:17.0000000;2947;846
2289;2023-05-09;13:57:46.0000000;370;972
2290;2022-04-30;15:48:03.0000000;1725;761
2291;2023-08-05;10:36:02.0000000;975;722
2292;2024-07-31;20:59:05.0000000;2181;404
2293;2023-02-01;20:40:42.0000000;1492;96
2294;2023-12-02;18:53:22.0000000;908;624
2295;2022-06-26;12:01:36.0000000;2575;245
2296;2024-04-01;00:49:56.0000000;227;774
2297;2024-02-16;19:53:25.0000000;3272;996
2298;2023-12-26;15:21:52.0000000;3466;717
2299;2024-05-14;16:06:28.0000000;732;66
2300;2023-11-02;13:08:55.0000000;186;73
2301;2022-02-15;19:01:07.0000000;1501;63
2302;2023-06-22;05:51:20.0000000;1790;163
2303;2023-06-13;21:46:05.0000000;2536;787
2304;2024-09-28;19:38:36.0000000;437;633
2305;2022-03-11;16:54:10.0000000;2211;687
2306;2023-05-28;07:15:53.0000000;3227;73
2307;2024-01-24;05:08:57.0000000;2119;459
2308;2022-06-23;16:11:03.0000000;973;89
2309;2022-01-08;13:05:54.0000000;2384;985
2310;2022-02-12;03:56:23.0000000;824;896
2311;2024-04-28;23:42:18.0000000;3200;332
2312;2023-07-28;05:12:57.0000000;942;282
2313;2022-04-20;04:50:54.0000000;3031;47
2314;2023-10-30;01:46:47.0000000;829;755
2315;2023-11-06;05:44:01.0000000;913;65
2316;2024-07-04;13:05:01.0000000;2406;242
2317;2022-06-01;10:41:13.0000000;1795;540
2318;2022-06-21;19:30:08.0000000;2506;384
2319;2022-03-17;16:03:47.0000000;1596;769
2320;2022-03-10;16:48:21.0000000;1884;603
2321;2024-10-23;11:09:22.0000000;1478;936
2322;2023-10-27;04:04:32.0000000;1385;802
2323;2022-03-15;20:09:45.0000000;2845;564
2324;2022-03-09;06:32:37.0000000;1159;524
2325;2022-07-12;04:19:09.0000000;3498;406
2326;2022-08-01;22:27:25.0000000;1723;672
2327;2022-08-22;07:59:13.0000000;1417;515
2328;2022-03-04;16:06:05.0000000;1218;404
2329;2022-07-01;04:28:00.0000000;3243;676
2330;2024-09-13;07:53:23.0000000;706;512
2331;2023-07-05;16:24:45.0000000;2274;964
2332;2024-01-01;13:19:56.0000000;1696;463
2333;2022-02-24;20:08:27.0000000;3541;167
2334;2022-02-11;14:51:22.0000000;1949;553
2335;2023-01-31;07:39:29.0000000;69;237
2336;2022-01-20;20:58:49.0000000;3584;596
2337;2024-03-25;06:42:12.0000000;1350;492
2338;2022-01-11;21:39:54.0000000;920;937
2339;2023-11-06;21:01:33.0000000;620;858
2340;2024-03-07;22:50:25.0000000;30;665
2341;2022-05-04;13:17:10.0000000;174;971
2342;2024-01-05;19:11:44.0000000;3158;881
2343;2022-09-10;19:15:30.0000000;1753;85
2344;2022-09-07;15:23:03.0000000;1973;530
2345;2024-06-05;14:12:35.0000000;2038;746
2346;2024-08-27;20:03:12.0000000;2297;178
2347;2024-12-24;15:51:58.0000000;3007;55
2348;2024-02-17;06:43:51.0000000;902;29
2349;2022-03-08;06:16:56.0000000;1221;988
2350;2022-10-24;16:11:52.0000000;381;787
2351;2024-04-16;19:57:55.0000000;2750;645
2352;2022-06-26;23:31:15.0000000;2890;904
2353;2022-11-13;03:24:01.0000000;2346;986
2354;2024-12-29;02:28:25.0000000;1873;443
2355;2022-11-12;02:37:08.0000000;577;270
2356;2022-07-05;02:15:24.0000000;3245;919
2357;2024-08-18;02:04:42.0000000;1911;113
2358;2024-05-09;06:26:23.0000000;2579;847
2359;2024-11-17;17:35:31.0000000;2839;802
2360;2024-02-12;02:46:32.0000000;143;92
2361;2024-03-12;00:40:05.0000000;3093;911
2362;2023-03-31;01:24:37.0000000;2518;384
2363;2023-07-25;05:21:08.0000000;3264;453
2364;2024-02-21;02:38:43.0000000;2814;874
2365;2024-01-01;11:40:50.0000000;1385;484
2366;2022-02-24;06:46:56.0000000;2773;281
2367;2024-03-11;23:56:20.0000000;221;884
2368;2023-05-13;11:20:48.0000000;1507;969
2369;2023-03-09;11:16:57.0000000;177;1004
2370;2022-10-17;13:13:17.0000000;727;250
2371;2023-10-08;15:21:22.0000000;284;63
2372;2024-04-25;02:44:16.0000000;3178;250
2373;2022-06-02;10:25:08.0000000;1381;851
2374;2023-05-18;19:23:51.0000000;475;427
2375;2022-07-04;10:04:11.0000000;3091;723
2376;2023-03-05;01:57:14.0000000;2888;40
2377;2023-09-22;15:37:15.0000000;3061;917
2378;2023-06-24;14:41:12.0000000;1454;67
2379;2023-05-04;13:41:51.0000000;2796;1004
2380;2024-03-25;11:48:19.0000000;233;744
2381;2024-04-25;16:51:05.0000000;1424;456
2382;2022-01-06;19:16:36.0000000;2063;8
2383;2024-10-15;11:56:16.0000000;512;638
2384;2023-12-02;04:21:12.0000000;2188;732
2385;2022-01-28;12:01:12.0000000;1207;505
2386;2024-11-12;14:21:18.0000000;1517;616
2387;2024-11-24;09:02:36.0000000;1885;667
2388;2022-10-27;03:22:17.0000000;1610;369
2389;2023-08-11;17:45:16.0000000;325;200
2390;2024-10-08;19:32:54.0000000;1140;242
2391;2022-08-26;06:35:19.0000000;616;54
2392;2022-04-17;00:44:05.0000000;3593;348
2393;2024-12-25;02:34:22.0000000;2579;254
2394;2022-08-08;03:46:17.0000000;1716;321
2395;2022-03-25;06:32:00.0000000;550;485
2396;2022-02-14;20:34:16.0000000;1730;371
2397;2023-08-17;05:28:04.0000000;2650;301
2398;2023-10-09;23:52:37.0000000;784;487
2399;2022-07-10;11:31:03.0000000;3580;714
2400;2022-03-14;00:53:20.0000000;2138;409
2401;2022-03-29;21:14:04.0000000;2380;50
2402;2023-02-12;06:39:41.0000000;2656;474
2403;2023-10-17;17:08:20.0000000;2440;87
2404;2022-01-28;18:53:33.0000000;2256;898
2405;2022-06-25;23:01:11.0000000;1255;191
2406;2023-04-29;19:48:05.0000000;3243;341
2407;2022-11-10;20:19:23.0000000;3242;965
2408;2023-12-05;19:44:55.0000000;1993;521
2409;2024-12-23;09:21:20.0000000;1190;805
2410;2022-04-27;16:23:41.0000000;1456;898
2411;2024-12-21;03:54:08.0000000;691;624
2412;2023-08-24;15:13:08.0000000;668;799
2413;2022-01-12;06:07:03.0000000;756;35
2414;2024-10-18;04:13:24.0000000;2910;471
2415;2022-10-19;12:35:42.0000000;984;955
2416;2023-10-24;15:40:44.0000000;1306;304
2417;2024-10-11;03:11:05.0000000;1815;780
2418;2024-01-15;11:40:32.0000000;765;245
2419;2022-12-02;03:06:54.0000000;2906;653
2420;2023-09-20;21:52:07.0000000;1308;531
2421;2023-08-20;02:08:32.0000000;1537;328
2422;2022-04-18;18:12:28.0000000;675;522
2423;2024-07-28;01:10:44.0000000;507;44
2424;2023-07-26;09:58:59.0000000;2055;895
2425;2022-01-12;15:10:13.0000000;1886;166
2426;2023-03-28;01:01:09.0000000;27;751
2427;2024-07-30;13:18:31.0000000;2088;273
2428;2022-09-02;14:37:30.0000000;2899;675
2429;2022-05-04;01:55:52.0000000;1197;291
2430;2023-06-12;19:26:18.0000000;612;774
2431;2023-12-09;17:23:12.0000000;1820;173
2432;2023-07-28;23:45:38.0000000;470;61
2433;2022-05-04;10:41:30.0000000;174;494
2434;2022-11-01;18:00:38.0000000;2266;953
2435;2022-08-21;01:27:09.0000000;111;405
2436;2024-07-23;23:09:38.0000000;3454;596
2437;2024-07-18;18:20:06.0000000;1473;214
2438;2022-01-06;04:52:12.0000000;235;650
2439;2024-03-19;07:08:35.0000000;809;707
2440;2023-03-04;18:27:49.0000000;919;164
2441;2022-04-01;16:35:32.0000000;102;559
2442;2022-09-22;02:41:30.0000000;3489;597
2443;2024-03-01;09:35:10.0000000;2760;271
2444;2023-10-05;18:17:18.0000000;2106;306
2445;2023-08-29;01:51:41.0000000;2018;349
2446;2023-02-28;14:58:47.0000000;2488;359
2447;2023-02-07;19:41:09.0000000;239;434
2448;2022-01-08;13:13:12.0000000;615;262
2449;2023-06-13;09:39:46.0000000;1591;367
2450;2022-01-03;05:54:46.0000000;1175;656
2451;2023-06-20;14:40:08.0000000;1271;666
2452;2022-11-15;02:24:25.0000000;2307;230
2453;2023-07-03;18:48:51.0000000;2991;815
2454;2023-07-26;02:24:48.0000000;1712;10
2455;2022-07-11;00:18:38.0000000;680;474
2456;2022-08-26;13:51:12.0000000;1706;432
2457;2024-12-07;00:52:01.0000000;2415;965
2458;2024-11-18;00:28:06.0000000;598;207
2459;2023-07-17;17:19:58.0000000;1954;963
2460;2022-03-27;01:23:55.0000000;280;479
2461;2022-06-05;05:51:11.0000000;1549;614
2462;2023-06-04;13:45:48.0000000;1687;908
2463;2022-03-08;08:40:25.0000000;726;765
2464;2024-10-30;04:02:54.0000000;2919;1001
2465;2023-01-25;06:21:50.0000000;570;651
2466;2024-04-16;09:43:29.0000000;3419;746
2467;2023-07-09;21:34:09.0000000;2278;961
2468;2023-06-27;13:24:18.0000000;3380;205
2469;2024-01-28;09:58:44.0000000;2407;175
2470;2023-02-22;14:45:57.0000000;2300;582
2471;2022-07-19;08:21:30.0000000;119;871
2472;2022-02-03;13:22:47.0000000;1085;277
2473;2024-06-25;16:04:07.0000000;2633;992
2474;2023-12-20;18:18:22.0000000;2688;109
2475;2024-02-24;14:07:49.0000000;744;598
2476;2022-05-25;08:34:56.0000000;2827;187
2477;2022-07-31;06:09:14.0000000;498;234
2478;2023-10-24;09:37:22.0000000;283;615
2479;2024-01-13;07:25:06.0000000;1491;59
2480;2022-01-05;15:55:43.0000000;2326;736
2481;2024-03-03;13:38:46.0000000;1066;935
2482;2024-11-27;17:12:13.0000000;2853;249
2483;2024-11-27;15:21:53.0000000;2109;49
2484;2024-08-02;13:27:06.0000000;3472;1003
2485;2022-05-18;14:11:40.0000000;2392;12
2486;2024-11-17;06:41:35.0000000;1319;443
2487;2022-07-30;14:36:54.0000000;2849;99
2488;2022-08-04;23:12:05.0000000;678;286
2489;2022-02-22;14:43:15.0000000;1489;408
2490;2022-03-03;13:34:19.0000000;1468;843
2491;2023-11-06;03:42:00.0000000;1204;252
2492;2024-03-03;11:53:23.0000000;324;450
2493;2023-02-03;16:05:18.0000000;3149;130
2494;2024-01-16;00:08:05.0000000;397;279
2495;2024-05-05;17:50:13.0000000;694;308
2496;2023-07-19;15:20:18.0000000;3583;999
2497;2024-10-28;05:31:02.0000000;3471;985
2498;2024-06-29;08:40:12.0000000;2817;199
2499;2023-11-17;23:55:17.0000000;2198;769
2500;2023-09-16;19:01:50.0000000;3382;250
2501;2022-02-19;14:52:43.0000000;570;68
2502;2022-04-20;21:19:12.0000000;1537;703
2503;2023-01-10;07:16:47.0000000;1403;730
2504;2023-12-22;16:55:08.0000000;902;170
2505;2023-03-01;18:20:20.0000000;915;71
2506;2023-09-14;22:56:21.0000000;2298;461
2507;2022-04-30;07:38:03.0000000;3415;473
2508;2024-11-02;22:23:17.0000000;2189;654
2509;2024-02-02;01:17:04.0000000;3107;966
2510;2022-07-30;23:23:38.0000000;1896;481
2511;2024-09-16;03:01:23.0000000;3363;905
2512;2024-04-18;23:53:20.0000000;81;989
2513;2024-11-08;01:13:49.0000000;1286;271
2514;2024-07-29;14:36:43.0000000;3356;997
2515;2024-11-13;04:00:26.0000000;2457;252
2516;2024-07-07;02:42:06.0000000;1411;591
2517;2024-12-10;06:11:24.0000000;1257;183
2518;2022-11-17;06:07:02.0000000;3346;452
2519;2023-08-13;08:16:54.0000000;537;101
2520;2022-10-26;17:02:38.0000000;938;856
2521;2024-03-29;17:40:31.0000000;869;938
2522;2024-07-12;14:33:11.0000000;1750;811
2523;2022-10-07;03:19:03.0000000;87;361
2524;2023-02-27;15:36:30.0000000;1776;906
2525;2022-03-13;18:15:13.0000000;451;336
2526;2024-08-15;00:18:37.0000000;2712;174
2527;2022-12-18;15:07:22.0000000;252;936
2528;2022-12-01;19:16:59.0000000;1046;546
2529;2022-09-16;07:27:14.0000000;1245;426
2530;2024-09-04;13:34:31.0000000;405;172
2531;2024-06-02;12:40:46.0000000;2474;873
2532;2022-10-03;07:21:01.0000000;829;640
2533;2023-09-24;01:13:53.0000000;1449;941
2534;2023-05-15;21:33:05.0000000;606;15
2535;2023-10-08;15:57:22.0000000;2384;83
2536;2022-02-22;15:04:56.0000000;667;820
2537;2022-03-11;23:34:36.0000000;2994;911
2538;2023-09-22;17:46:50.0000000;2078;509
2539;2023-03-02;18:58:41.0000000;415;142
2540;2024-06-04;12:14:29.0000000;67;47
2541;2023-08-12;11:12:56.0000000;2941;589
2542;2024-07-18;08:48:49.0000000;1164;416
2543;2024-07-20;04:57:06.0000000;3098;617
2544;2024-04-02;06:30:07.0000000;2981;920
2545;2022-10-07;07:16:34.0000000;886;335
2546;2022-04-16;12:21:55.0000000;2908;269
2547;2023-06-19;07:32:32.0000000;2869;581
2548;2024-07-21;13:43:51.0000000;1810;519
2549;2023-02-14;01:04:52.0000000;3429;935
2550;2023-09-11;04:32:19.0000000;1747;809
2551;2024-03-23;15:12:32.0000000;942;453
2552;2023-03-01;03:33:58.0000000;3128;260
2553;2024-03-25;20:18:25.0000000;1918;362
2554;2023-04-28;13:06:35.0000000;566;788
2555;2023-07-29;15:25:19.0000000;1489;455
2556;2024-06-06;00:37:06.0000000;2967;701
2557;2022-12-20;19:57:59.0000000;1353;695
2558;2023-01-19;08:05:59.0000000;1586;644
2559;2024-08-17;12:09:28.0000000;2469;842
2560;2022-02-02;15:03:55.0000000;3455;530
2561;2023-09-06;11:35:47.0000000;2278;303
2562;2022-07-12;06:00:57.0000000;3513;163
2563;2022-01-04;04:57:22.0000000;3519;195
2564;2024-10-27;04:53:37.0000000;3454;356
2565;2023-01-12;21:39:42.0000000;2791;875
2566;2024-12-06;21:50:08.0000000;62;406
2567;2024-09-22;13:09:20.0000000;440;868
2568;2022-11-19;16:19:03.0000000;2150;902
2569;2024-08-13;08:48:15.0000000;597;10
2570;2022-02-18;14:56:58.0000000;2856;237
2571;2022-01-04;18:28:30.0000000;3046;71
2572;2023-07-04;22:33:02.0000000;1499;423
2573;2023-03-01;10:42:55.0000000;830;1011
2574;2022-05-11;01:11:14.0000000;1665;784
2575;2023-02-06;20:15:12.0000000;3442;612
2576;2023-01-05;06:08:22.0000000;2054;426
2577;2024-06-27;08:03:15.0000000;2932;268
2578;2022-01-17;19:58:00.0000000;1128;78
2579;2023-02-10;22:13:55.0000000;1958;206
2580;2022-02-28;13:11:03.0000000;1666;494
2581;2024-09-08;05:39:32.0000000;1152;697
2582;2024-08-07;04:30:24.0000000;1872;414
2583;2023-08-17;19:38:13.0000000;1036;176
2584;2022-06-26;04:28:18.0000000;955;728
2585;2023-01-10;14:13:51.0000000;417;141
2586;2024-11-29;22:14:33.0000000;289;407
2587;2024-07-14;18:47:59.0000000;119;790
2588;2022-05-29;21:31:31.0000000;2486;318
2589;2024-10-07;04:46:31.0000000;1250;1010
2590;2023-04-20;03:54:39.0000000;404;481
2591;2022-10-03;10:26:29.0000000;3088;959
2592;2023-10-29;16:24:32.0000000;2026;472
2593;2023-12-01;18:05:44.0000000;1212;715
2594;2023-10-29;06:37:53.0000000;2077;986
2595;2024-05-14;21:14:57.0000000;1417;593
2596;2022-02-11;13:27:23.0000000;82;61
2597;2024-07-21;10:17:25.0000000;497;971
2598;2022-10-24;01:17:10.0000000;1298;881
2599;2023-06-25;15:25:07.0000000;1892;127
2600;2023-04-15;22:13:51.0000000;734;618
2601;2023-04-14;12:43:54.0000000;3534;595
2602;2024-05-26;03:24:59.0000000;2902;654
2603;2024-01-12;05:10:55.0000000;1774;799
2604;2023-09-23;17:51:56.0000000;2941;605
2605;2023-06-06;04:05:20.0000000;3139;825
2606;2022-03-17;23:47:27.0000000;2774;863
2607;2024-01-24;00:34:10.0000000;2278;608
2608;2024-10-09;22:54:33.0000000;1934;613
2609;2024-11-18;20:38:21.0000000;3509;26
2610;2023-08-12;11:35:27.0000000;238;342
2611;2022-09-12;11:37:42.0000000;2036;625
2612;2023-10-18;12:46:24.0000000;1557;920
2613;2024-11-20;10:27:09.0000000;1454;994
2614;2023-04-08;14:34:58.0000000;261;441
2615;2024-06-12;21:49:36.0000000;194;821
2616;2023-11-22;23:06:04.0000000;1510;588
2617;2024-03-04;16:17:12.0000000;3049;370
2618;2022-09-08;02:31:27.0000000;3144;849
2619;2024-01-20;18:31:03.0000000;408;359
2620;2024-11-30;02:30:26.0000000;1473;3
2621;2024-03-18;03:47:58.0000000;241;735
2622;2022-12-18;00:16:33.0000000;971;365
2623;2024-10-15;12:56:50.0000000;357;358
2624;2024-10-11;02:09:50.0000000;1258;760
2625;2022-10-20;12:50:11.0000000;705;396
2626;2024-05-01;09:27:23.0000000;1345;564
2627;2022-01-12;21:07:30.0000000;2704;1006
2628;2022-11-19;10:17:37.0000000;2118;171
2629;2023-03-14;16:52:27.0000000;93;277
2630;2022-12-01;18:52:15.0000000;101;812
2631;2024-03-03;16:05:22.0000000;2346;792
2632;2022-09-30;12:19:31.0000000;2355;189
2633;2022-05-18;16:59:42.0000000;2010;802
2634;2023-09-04;05:24:06.0000000;2775;961
2635;2023-06-09;16:26:30.0000000;2044;884
2636;2023-03-05;10:20:40.0000000;3143;640
2637;2023-10-04;02:29:10.0000000;2528;405
2638;2023-12-19;08:17:28.0000000;1795;927
2639;2024-04-16;02:35:19.0000000;2612;449
2640;2022-08-27;10:53:59.0000000;3492;146
2641;2023-01-12;18:27:08.0000000;1187;339
2642;2024-09-10;20:42:41.0000000;1227;103
2643;2022-10-23;07:23:27.0000000;3305;939
2644;2023-08-30;01:19:43.0000000;3052;257
2645;2022-04-20;23:49:31.0000000;3467;339
2646;2022-12-09;01:55:34.0000000;2434;53
2647;2022-11-26;09:35:24.0000000;285;267
2648;2023-09-16;16:23:19.0000000;2185;728
2649;2024-09-13;18:06:19.0000000;869;356
2650;2022-07-21;08:29:21.0000000;324;794
2651;2022-10-08;23:24:34.0000000;3303;790
2652;2022-02-08;05:42:30.0000000;2727;277
2653;2022-10-24;01:12:29.0000000;829;762
2654;2024-09-25;15:02:29.0000000;1039;73
2655;2024-12-12;16:29:31.0000000;1866;37
2656;2024-06-19;13:22:46.0000000;86;500
2657;2022-03-15;00:57:45.0000000;774;663
2658;2023-11-20;06:24:59.0000000;882;385
2659;2024-01-31;00:50:35.0000000;2622;95
2660;2022-04-26;14:23:55.0000000;2526;854
2661;2024-03-28;20:17:07.0000000;2328;841
2662;2023-08-04;08:19:34.0000000;831;283
2663;2024-06-13;03:29:56.0000000;615;717
2664;2022-03-02;11:02:11.0000000;3067;496
2665;2024-04-25;16:11:26.0000000;1793;296
2666;2023-07-27;09:22:08.0000000;3533;473
2667;2022-07-25;18:52:04.0000000;843;941
2668;2024-07-17;11:30:49.0000000;3383;73
2669;2024-10-29;02:50:23.0000000;667;144
2670;2023-06-24;11:46:01.0000000;2472;791
2671;2022-01-10;14:20:14.0000000;986;651
2672;2023-11-20;20:26:59.0000000;796;777
2673;2024-03-25;21:33:53.0000000;3274;185
2674;2024-04-03;20:03:00.0000000;1998;282
2675;2024-04-22;06:31:37.0000000;1738;318
2676;2023-01-05;10:12:41.0000000;662;627
2677;2023-02-03;09:51:21.0000000;129;159
2678;2024-01-18;07:29:20.0000000;3301;359
2679;2022-08-07;01:47:09.0000000;2265;131
2680;2022-01-05;03:43:35.0000000;3501;382
2681;2024-05-02;07:02:31.0000000;2969;526
2682;2023-08-20;22:00:13.0000000;91;895
2683;2024-02-17;14:22:00.0000000;353;351
2684;2023-12-16;23:22:42.0000000;1230;663
2685;2023-12-16;11:01:33.0000000;1677;176
2686;2022-04-12;20:50:32.0000000;2702;860
2687;2022-07-04;09:26:32.0000000;3449;641
2688;2024-02-13;06:45:34.0000000;468;319
2689;2022-03-25;13:32:09.0000000;2059;309
2690;2022-02-18;16:13:55.0000000;2730;669
2691;2023-07-31;02:17:32.0000000;3184;396
2692;2023-01-29;19:59:48.0000000;2043;223
2693;2022-08-06;21:50:35.0000000;2466;624
2694;2023-07-21;13:16:16.0000000;3314;735
2695;2023-03-09;05:16:09.0000000;3419;332
2696;2024-03-02;01:00:44.0000000;1607;602
2697;2024-05-21;07:35:26.0000000;1742;77
2698;2022-04-01;13:18:39.0000000;447;375
2699;2022-10-10;01:08:52.0000000;1134;653
2700;2024-12-10;11:57:33.0000000;1051;75
2701;2022-08-17;19:53:35.0000000;2018;92
2702;2024-03-02;21:42:31.0000000;2875;325
2703;2023-03-26;21:15:01.0000000;2245;459
2704;2022-08-31;05:47:50.0000000;2806;833
2705;2024-05-19;03:01:34.0000000;1147;937
2706;2024-10-30;13:22:09.0000000;1956;309
2707;2024-05-10;15:23:20.0000000;1272;776
2708;2024-11-18;11:52:32.0000000;2491;708
2709;2022-06-07;22:18:06.0000000;3038;457
2710;2022-05-22;04:54:14.0000000;3240;38
2711;2022-09-27;17:35:10.0000000;2273;172
2712;2024-11-24;16:48:29.0000000;2627;52
2713;2022-07-02;19:36:06.0000000;3336;767
2714;2022-10-16;05:31:03.0000000;3561;802
2715;2022-08-31;07:27:21.0000000;1822;652
2716;2023-11-06;02:28:44.0000000;1619;253
2717;2023-06-09;06:11:10.0000000;379;54
2718;2023-09-20;02:49:16.0000000;871;548
2719;2024-07-31;21:50:31.0000000;1807;744
2720;2023-06-07;08:33:24.0000000;3336;16
2721;2022-10-19;21:39:54.0000000;148;951
2722;2023-05-11;09:10:09.0000000;338;357
2723;2023-06-23;08:13:35.0000000;3028;182
2724;2023-05-19;23:54:11.0000000;3455;682
2725;2022-02-19;19:51:49.0000000;1740;592
2726;2024-02-16;21:36:41.0000000;666;936
2727;2023-06-26;10:03:00.0000000;281;953
2728;2022-02-13;03:34:28.0000000;2476;942
2729;2022-08-06;01:19:03.0000000;1348;896
2730;2022-06-19;02:34:57.0000000;122;528
2731;2024-01-01;10:45:28.0000000;2637;146
2732;2022-09-19;10:11:59.0000000;1826;16
2733;2022-08-23;03:55:31.0000000;1651;749
2734;2024-01-15;22:10:39.0000000;1261;322
2735;2023-08-20;05:17:34.0000000;346;218
2736;2023-09-10;21:24:45.0000000;1032;832
2737;2024-04-21;05:44:21.0000000;3154;3
2738;2022-10-22;23:02:31.0000000;2443;775
2739;2024-06-19;23:11:23.0000000;1318;515
2740;2024-01-11;01:27:03.0000000;3587;539
2741;2024-08-31;12:42:45.0000000;720;322
2742;2023-09-08;08:50:09.0000000;1351;952
2743;2023-12-27;20:29:08.0000000;355;613
2744;2023-06-22;09:31:06.0000000;755;643
2745;2023-05-29;05:14:43.0000000;1555;366
2746;2023-12-14;10:04:06.0000000;94;785
2747;2023-12-02;21:48:34.0000000;2297;694
2748;2024-10-24;15:13:41.0000000;946;933
2749;2024-01-08;22:17:47.0000000;1904;138
2750;2024-11-15;22:34:53.0000000;2882;86
2751;2024-02-14;02:03:53.0000000;1652;524
2752;2022-04-05;14:30:37.0000000;2469;97
2753;2024-02-16;22:28:49.0000000;374;849
2754;2024-09-21;07:59:40.0000000;2333;800
2755;2023-11-27;05:11:04.0000000;2953;56
2756;2022-02-01;16:57:58.0000000;3177;2
2757;2023-11-04;12:46:13.0000000;2769;605
2758;2024-08-27;03:53:00.0000000;929;898
2759;2023-04-12;06:44:22.0000000;3540;697
2760;2024-09-24;19:51:46.0000000;3067;730
2761;2023-08-21;03:04:25.0000000;543;872
2762;2022-09-20;21:05:01.0000000;856;692
2763;2023-02-22;06:24:58.0000000;3385;587
2764;2023-12-11;12:08:37.0000000;2783;363
2765;2022-05-30;06:29:55.0000000;748;64
2766;2022-12-18;21:56:23.0000000;607;193
2767;2022-04-02;10:07:08.0000000;1082;623
2768;2023-09-30;05:56:01.0000000;1857;434
2769;2024-02-13;07:35:20.0000000;2397;725
2770;2022-12-23;18:22:21.0000000;52;296
2771;2024-08-26;01:32:37.0000000;3579;490
2772;2024-11-23;05:27:20.0000000;2848;185
2773;2024-04-14;01:11:10.0000000;879;330
2774;2024-11-27;14:06:42.0000000;1743;428
2775;2022-06-18;00:19:53.0000000;309;895
2776;2023-10-31;05:24:10.0000000;250;530
2777;2023-03-01;00:08:47.0000000;971;65
2778;2022-07-11;08:36:36.0000000;1461;538
2779;2022-09-13;11:59:23.0000000;2757;282
2780;2023-03-24;08:24:28.0000000;3074;897
2781;2023-03-28;03:49:35.0000000;1048;73
2782;2023-01-05;09:16:23.0000000;1570;238
2783;2022-06-01;08:04:38.0000000;2759;249
2784;2024-06-30;03:10:14.0000000;2301;797
2785;2024-03-30;04:22:13.0000000;744;334
2786;2022-11-07;11:36:51.0000000;2073;998
2787;2022-05-15;17:03:17.0000000;1399;370
2788;2023-11-03;03:06:49.0000000;377;325
2789;2022-02-18;00:06:28.0000000;2182;56
2790;2024-01-27;10:32:33.0000000;1076;419
2791;2023-10-24;02:20:17.0000000;190;285
2792;2023-11-12;05:30:24.0000000;3580;108
2793;2022-09-30;13:17:19.0000000;1486;538
2794;2024-09-19;03:09:43.0000000;1088;362
2795;2024-05-02;04:34:16.0000000;3129;717
2796;2022-03-07;12:58:34.0000000;1292;515
2797;2023-07-21;13:20:47.0000000;685;158
2798;2023-06-17;15:53:36.0000000;2022;12
2799;2023-09-15;20:51:54.0000000;3504;563
2800;2024-06-24;05:23:59.0000000;783;307
2801;2024-01-19;09:37:25.0000000;951;150
2802;2024-10-26;05:06:19.0000000;1936;973
2803;2024-04-19;21:20:44.0000000;2901;232
2804;2022-12-21;12:30:57.0000000;485;968
2805;2024-01-18;16:19:50.0000000;1818;348
2806;2024-02-13;02:35:47.0000000;2307;589
2807;2023-02-27;06:57:19.0000000;2029;562
2808;2024-05-09;06:59:54.0000000;2958;167
2809;2022-08-03;10:13:26.0000000;1441;360
2810;2024-05-29;17:02:56.0000000;3566;963
2811;2023-12-16;01:48:02.0000000;3429;90
2812;2024-07-03;21:20:57.0000000;2093;9
2813;2023-01-26;21:07:23.0000000;2726;709
2814;2022-11-26;05:54:12.0000000;2400;68
2815;2022-03-27;23:11:16.0000000;3151;773
2816;2023-09-08;06:52:45.0000000;1715;838
2817;2023-05-05;15:21:03.0000000;3156;322
2818;2024-01-04;11:17:18.0000000;396;156
2819;2022-12-04;15:24:36.0000000;1174;579
2820;2023-06-10;16:35:53.0000000;1540;820
2821;2022-12-30;15:29:07.0000000;444;848
2822;2023-06-21;01:55:13.0000000;128;612
2823;2022-10-01;02:39:28.0000000;3412;502
2824;2023-04-05;14:30:42.0000000;2583;537
2825;2024-02-20;21:10:24.0000000;2705;938
2826;2022-12-10;02:29:51.0000000;189;897
2827;2024-04-24;13:06:32.0000000;1865;417
2828;2023-05-06;01:21:23.0000000;3006;1003
2829;2023-04-27;07:13:53.0000000;875;410
2830;2024-10-14;18:29:49.0000000;2646;631
2831;2023-04-19;17:14:48.0000000;3279;625
2832;2022-01-10;07:38:25.0000000;299;38
2833;2023-03-29;18:20:34.0000000;2476;562
2834;2023-12-09;01:59:43.0000000;1643;946
2835;2023-06-25;21:52:22.0000000;993;579
2836;2022-10-13;09:18:02.0000000;94;406
2837;2024-11-10;17:03:55.0000000;1601;505
2838;2023-05-18;15:30:00.0000000;2660;730
2839;2023-09-01;13:41:46.0000000;1232;387
2840;2023-11-05;03:24:00.0000000;1780;844
2841;2024-11-03;04:06:49.0000000;2815;12
2842;2023-10-28;16:55:28.0000000;1480;442
2843;2022-12-26;07:11:20.0000000;1515;994
2844;2023-06-23;09:08:29.0000000;2015;279
2845;2024-01-06;22:38:16.0000000;1599;490
2846;2023-04-16;16:57:30.0000000;2316;121
2847;2024-09-28;15:40:53.0000000;379;733
2848;2023-02-14;05:11:06.0000000;1518;556
2849;2024-09-14;02:52:29.0000000;1788;982
2850;2023-06-11;03:27:51.0000000;175;675
2851;2023-11-20;02:45:22.0000000;1908;173
2852;2022-06-06;18:16:16.0000000;2820;864
2853;2023-06-29;22:14:12.0000000;2038;582
2854;2022-09-27;01:03:24.0000000;2661;1000
2855;2023-06-19;00:04:16.0000000;1200;412
2856;2024-11-09;22:03:46.0000000;334;185
2857;2023-01-04;15:43:49.0000000;618;247
2858;2024-01-08;13:23:14.0000000;1240;81
2859;2022-12-25;07:27:41.0000000;1761;1007
2860;2022-07-21;04:27:33.0000000;205;702
2861;2023-03-17;20:31:19.0000000;194;214
2862;2024-06-07;18:41:35.0000000;2101;3
2863;2024-10-24;10:27:54.0000000;397;545
2864;2023-03-20;19:54:59.0000000;2960;450
2865;2022-06-20;14:12:24.0000000;1047;513
2866;2023-11-21;20:28:22.0000000;2408;890
2867;2023-12-29;08:14:43.0000000;2072;298
2868;2024-11-03;20:00:49.0000000;3043;36
2869;2023-05-13;08:42:14.0000000;3230;751
2870;2023-09-27;02:11:04.0000000;1619;535
2871;2023-09-18;04:54:57.0000000;1714;533
2872;2024-03-18;21:15:16.0000000;2415;912
2873;2023-10-28;03:49:30.0000000;2755;881
2874;2024-07-07;23:20:24.0000000;3318;889
2875;2023-06-26;10:23:48.0000000;3579;731
2876;2024-07-06;15:11:55.0000000;768;531
2877;2024-10-15;03:34:45.0000000;2484;104
2878;2022-10-29;07:58:56.0000000;2768;4
2879;2022-11-25;13:54:23.0000000;2198;776
2880;2024-04-13;09:11:24.0000000;1627;783
2881;2024-01-24;11:14:32.0000000;713;636
2882;2023-02-04;02:48:02.0000000;2843;463
2883;2024-01-16;02:57:01.0000000;2704;527
2884;2024-02-22;17:14:43.0000000;2003;127
2885;2022-05-10;00:10:10.0000000;3340;59
2886;2022-04-12;05:16:26.0000000;2838;849
2887;2022-11-25;12:25:14.0000000;1249;864
2888;2022-07-30;14:32:21.0000000;563;44
2889;2023-11-13;02:45:18.0000000;468;851
2890;2023-11-04;04:35:15.0000000;780;838
2891;2023-12-09;19:46:11.0000000;1980;411
2892;2023-08-23;22:46:09.0000000;1000;761
2893;2023-07-17;08:43:12.0000000;2574;79
2894;2024-10-01;06:17:55.0000000;362;969
2895;2023-02-24;06:01:45.0000000;1908;513
2896;2022-05-10;22:47:27.0000000;1738;184
2897;2024-06-06;19:10:56.0000000;690;519
2898;2022-02-17;09:03:36.0000000;2887;244
2899;2023-09-23;14:02:36.0000000;1996;972
2900;2023-09-18;04:09:42.0000000;3531;20
2901;2022-01-05;08:57:40.0000000;1003;77
2902;2023-02-19;08:16:12.0000000;2342;740
2903;2024-06-12;07:46:28.0000000;1377;721
2904;2024-10-14;23:24:51.0000000;2592;574
2905;2023-01-21;21:01:00.0000000;3485;779
2906;2022-09-20;14:02:56.0000000;2380;147
2907;2022-02-27;15:09:24.0000000;2280;438
2908;2024-10-14;02:48:16.0000000;2006;492
2909;2024-07-06;08:46:40.0000000;2112;436
2910;2024-11-22;05:40:51.0000000;2514;244
2911;2024-11-16;10:44:58.0000000;2935;439
2912;2024-06-10;11:07:04.0000000;87;750
2913;2024-12-07;10:23:40.0000000;1303;360
2914;2024-11-02;04:39:32.0000000;1107;825
2915;2024-11-17;14:55:22.0000000;1948;538
2916;2022-12-10;22:28:08.0000000;2560;757
2917;2023-10-13;05:31:41.0000000;2867;725
2918;2022-02-11;09:08:36.0000000;670;690
2919;2023-01-03;12:37:02.0000000;797;117
2920;2024-04-24;12:16:34.0000000;1804;713
2921;2024-07-05;10:21:49.0000000;909;119
2922;2024-10-11;12:10:10.0000000;2815;668
2923;2023-09-15;12:27:34.0000000;2476;618
2924;2024-08-14;02:04:48.0000000;1211;624
2925;2022-07-04;02:13:56.0000000;1717;23
2926;2023-04-26;15:22:42.0000000;1944;800
2927;2022-10-02;16:53:47.0000000;858;81
2928;2023-08-24;12:17:42.0000000;3078;9
2929;2023-01-16;23:11:56.0000000;1987;878
2930;2024-12-06;15:24:51.0000000;827;161
2931;2024-02-18;11:52:35.0000000;2025;207
2932;2024-03-14;10:14:39.0000000;1713;739
2933;2023-04-21;18:36:17.0000000;971;389
2934;2022-10-30;19:32:37.0000000;202;273
2935;2024-04-28;15:55:54.0000000;1078;171
2936;2023-11-15;11:26:10.0000000;659;518
2937;2023-05-12;21:54:30.0000000;3530;33
2938;2024-03-30;19:20:00.0000000;3314;621
2939;2022-10-15;15:32:57.0000000;1773;984
2940;2022-03-24;07:22:33.0000000;938;1007
2941;2022-04-07;17:55:35.0000000;927;848
2942;2024-03-11;04:01:39.0000000;1403;162
2943;2022-11-01;06:19:04.0000000;201;850
2944;2023-06-26;14:51:31.0000000;629;703
2945;2022-08-24;12:41:14.0000000;2752;291
2946;2023-11-28;12:48:08.0000000;216;53
2947;2023-03-16;05:49:37.0000000;1882;248
2948;2022-04-01;01:51:38.0000000;443;585
2949;2023-04-22;23:16:32.0000000;3213;917
2950;2024-07-01;13:00:32.0000000;2313;280
2951;2022-09-18;09:28:03.0000000;441;946
2952;2022-07-07;13:24:46.0000000;493;588
2953;2022-07-21;03:33:44.0000000;1491;886
2954;2024-06-15;02:58:25.0000000;1206;264
2955;2023-01-07;20:34:48.0000000;2082;786
2956;2023-09-03;18:03:21.0000000;3575;187
2957;2022-02-19;13:47:46.0000000;2660;997
2958;2024-03-17;13:18:26.0000000;3365;211
2959;2024-02-26;20:10:11.0000000;3485;691
2960;2022-01-09;22:16:21.0000000;1712;60
2961;2022-11-04;04:30:17.0000000;3429;296
2962;2024-01-17;22:57:02.0000000;1184;669
2963;2022-05-29;03:25:50.0000000;359;611
2964;2023-02-27;09:40:38.0000000;2939;169
2965;2024-10-23;04:16:26.0000000;2588;222
2966;2022-07-23;21:08:09.0000000;3095;822
2967;2022-09-06;14:33:58.0000000;3234;169
2968;2022-10-05;16:58:06.0000000;3294;161
2969;2023-11-04;12:27:23.0000000;1686;206
2970;2024-03-25;07:55:33.0000000;3501;152
2971;2023-04-26;05:34:20.0000000;2804;352
2972;2024-03-18;01:09:37.0000000;131;835
2973;2022-12-05;01:05:52.0000000;3164;176
2974;2023-02-15;22:23:28.0000000;3312;661
2975;2023-01-08;09:16:55.0000000;295;914
2976;2023-01-07;17:06:35.0000000;1299;453
2977;2023-12-17;14:04:35.0000000;683;708
2978;2024-01-27;20:38:27.0000000;1620;186
2979;2024-07-30;16:07:54.0000000;2637;505
2980;2022-04-28;23:44:55.0000000;2363;521
2981;2024-01-16;13:40:53.0000000;2931;455
2982;2023-04-06;02:55:58.0000000;1221;923
2983;2024-06-17;21:34:52.0000000;2798;497
2984;2023-07-22;10:58:06.0000000;1256;668
2985;2023-11-17;04:07:29.0000000;1419;832
2986;2024-04-28;15:12:45.0000000;1155;377
2987;2022-07-19;15:24:05.0000000;611;838
2988;2023-03-05;03:50:49.0000000;2647;394
2989;2024-05-05;07:00:25.0000000;2239;205
2990;2023-03-31;17:29:01.0000000;2542;810
2991;2024-04-22;18:04:18.0000000;1424;40
2992;2022-09-08;17:15:04.0000000;818;275
2993;2024-07-28;00:50:58.0000000;161;473
2994;2022-06-29;06:47:49.0000000;1607;727
2995;2023-12-05;21:46:00.0000000;2225;885
2996;2024-11-27;13:52:04.0000000;390;877
2997;2024-07-03;22:04:12.0000000;1288;496
2998;2022-02-02;18:46:45.0000000;3110;537
2999;2024-03-22;12:19:01.0000000;124;59
3000;2022-10-26;06:25:01.0000000;1069;768
3001;2023-12-02;04:12:30.0000000;3180;763
3002;2023-03-01;06:24:09.0000000;1741;242
3003;2024-08-19;02:19:59.0000000;3008;696
3004;2023-12-24;13:55:04.0000000;1537;576
3005;2023-09-05;16:50:46.0000000;2088;627
3006;2024-11-25;07:21:24.0000000;205;761
3007;2023-09-11;03:51:50.0000000;1230;675
3008;2023-12-15;23:46:07.0000000;31;798
3009;2022-12-21;01:05:11.0000000;977;314
3010;2022-12-13;04:44:38.0000000;2937;674
3011;2023-05-02;03:37:21.0000000;2449;984
3012;2022-12-28;20:46:44.0000000;1235;321
3013;2023-03-08;05:26:52.0000000;3224;157
3014;2022-09-13;10:42:07.0000000;583;319
3015;2024-08-12;19:50:26.0000000;3030;555
3016;2024-03-03;12:30:57.0000000;1352;190
3017;2023-09-13;03:25:02.0000000;798;73
3018;2024-08-28;04:57:32.0000000;411;614
3019;2022-02-03;01:59:15.0000000;1753;636
3020;2022-07-09;02:15:40.0000000;387;761
3021;2024-01-22;16:36:50.0000000;542;808
3022;2022-10-17;03:31:01.0000000;1837;828
3023;2024-09-17;15:37:59.0000000;2782;514
3024;2023-08-19;17:37:41.0000000;2419;50
3025;2023-05-19;06:50:35.0000000;3200;41
3026;2022-07-06;18:28:02.0000000;1090;996
3027;2022-05-01;15:55:14.0000000;2616;280
3028;2023-05-30;08:35:24.0000000;2832;237
3029;2023-10-12;05:43:51.0000000;1717;104
3030;2022-11-01;21:02:43.0000000;2081;679
3031;2023-12-19;19:55:16.0000000;2922;924
3032;2024-07-17;04:09:24.0000000;2895;589
3033;2023-11-24;08:59:35.0000000;2177;70
3034;2024-08-24;20:58:32.0000000;880;925
3035;2022-06-15;05:42:32.0000000;143;227
3036;2022-04-30;04:00:01.0000000;2299;854
3037;2024-07-27;03:11:42.0000000;496;766
3038;2023-09-17;22:58:51.0000000;1683;75
3039;2024-08-22;07:04:16.0000000;1523;626
3040;2023-11-10;05:34:23.0000000;174;363
3041;2023-10-14;11:31:29.0000000;492;504
3042;2023-06-19;18:36:08.0000000;1543;24
3043;2022-06-13;09:25:48.0000000;2000;174
3044;2022-08-23;14:10:14.0000000;595;238
3045;2022-06-08;13:43:22.0000000;2425;958
3046;2023-05-24;19:13:08.0000000;1259;568
3047;2022-11-03;06:08:28.0000000;759;835
3048;2022-03-04;17:33:21.0000000;511;281
3049;2022-04-01;23:01:06.0000000;286;917
3050;2022-04-11;01:04:57.0000000;1980;423
3051;2024-03-16;21:42:35.0000000;2327;220
3052;2022-07-02;19:21:16.0000000;1393;78
3053;2022-05-05;22:46:51.0000000;3427;397
3054;2023-10-26;03:09:40.0000000;3130;118
3055;2024-09-21;14:27:42.0000000;2616;767
3056;2023-07-02;10:25:56.0000000;1852;173
3057;2023-06-08;23:37:39.0000000;3558;902
3058;2023-10-24;22:29:26.0000000;3286;246
3059;2023-04-02;10:44:30.0000000;2564;167
3060;2024-08-01;01:49:19.0000000;963;670
3061;2023-07-14;00:41:29.0000000;2225;185
3062;2024-08-04;21:35:20.0000000;2756;2
3063;2024-04-02;10:22:39.0000000;1146;604
3064;2023-11-07;14:01:59.0000000;688;594
3065;2023-01-23;12:59:02.0000000;2590;15
3066;2022-10-22;03:05:24.0000000;2652;429
3067;2022-09-20;03:36:49.0000000;2301;256
3068;2022-04-26;05:33:18.0000000;2544;587
3069;2024-01-12;17:48:35.0000000;3113;119
3070;2022-10-09;02:30:58.0000000;2345;990
3071;2024-06-19;07:26:02.0000000;3084;981
3072;2023-11-20;03:13:29.0000000;86;452
3073;2022-08-11;17:03:05.0000000;2188;282
3074;2023-04-08;17:50:53.0000000;87;952
3075;2022-01-09;12:34:13.0000000;852;582
3076;2022-10-16;05:50:42.0000000;2900;641
3077;2023-05-11;19:11:10.0000000;356;646
3078;2022-09-17;06:37:33.0000000;1322;616
3079;2024-06-29;13:33:53.0000000;194;728
3080;2022-01-21;15:57:46.0000000;105;951
3081;2022-09-05;10:08:00.0000000;749;568
3082;2024-10-15;22:42:11.0000000;3531;449
3083;2023-09-07;22:40:52.0000000;1574;415
3084;2024-01-18;18:26:33.0000000;479;294
3085;2024-04-12;12:55:28.0000000;698;322
3086;2023-05-21;19:58:57.0000000;758;350
3087;2024-07-28;12:01:17.0000000;377;93
3088;2023-10-08;15:43:45.0000000;1678;343
3089;2024-11-22;07:27:43.0000000;2526;770
3090;2023-06-30;14:27:42.0000000;121;167
3091;2023-02-24;23:57:15.0000000;1607;824
3092;2022-04-12;04:38:30.0000000;593;593
3093;2023-06-05;16:27:53.0000000;1337;286
3094;2022-07-18;04:12:59.0000000;3400;398
3095;2023-05-13;08:45:29.0000000;839;696
3096;2022-05-26;02:01:28.0000000;2455;264
3097;2023-07-21;15:35:35.0000000;2029;807
3098;2022-07-14;23:27:00.0000000;2076;778
3099;2022-12-09;15:22:31.0000000;481;370
3100;2024-08-15;05:38:07.0000000;1313;26
3101;2023-05-17;02:31:30.0000000;1677;946
3102;2024-08-06;18:40:08.0000000;128;478
3103;2023-06-19;19:14:12.0000000;967;249
3104;2022-07-04;00:46:49.0000000;2279;651
3105;2024-06-05;13:26:19.0000000;425;296
3106;2022-08-29;22:11:54.0000000;2282;931
3107;2022-08-25;01:28:57.0000000;2337;675
3108;2024-06-09;17:59:44.0000000;353;59
3109;2023-02-24;11:54:42.0000000;3216;649
3110;2023-01-08;12:46:38.0000000;2223;968
3111;2024-07-27;16:38:05.0000000;1014;832
3112;2023-08-06;23:58:59.0000000;1745;1000
3113;2022-08-21;08:19:17.0000000;181;528
3114;2023-12-31;11:50:08.0000000;1913;498
3115;2023-03-13;20:38:07.0000000;2684;477
3116;2022-04-26;22:18:20.0000000;256;189
3117;2024-08-28;03:00:31.0000000;2458;776
3118;2024-09-19;11:37:57.0000000;2795;876
3119;2022-02-28;07:35:27.0000000;3460;664
3120;2023-04-16;05:18:11.0000000;3453;298
3121;2024-10-22;00:28:37.0000000;196;49
3122;2023-01-25;15:01:43.0000000;2197;964
3123;2023-11-29;21:37:17.0000000;1241;385
3124;2024-03-11;11:19:42.0000000;2870;969
3125;2023-01-23;15:00:28.0000000;582;977
3126;2024-04-15;18:38:47.0000000;1779;670
3127;2022-10-26;19:18:33.0000000;2077;741
3128;2022-05-21;19:54:27.0000000;2803;970
3129;2023-10-18;14:08:44.0000000;1080;863
3130;2023-05-03;02:14:07.0000000;1017;988
3131;2022-03-21;18:39:56.0000000;872;288
3132;2023-02-02;23:21:21.0000000;2465;22
3133;2024-01-11;13:46:31.0000000;2843;814
3134;2022-03-26;07:40:57.0000000;18;664
3135;2023-09-04;13:55:12.0000000;27;172
3136;2024-08-28;21:15:13.0000000;720;784
3137;2023-09-25;12:38:56.0000000;2862;5
3138;2023-06-21;16:46:34.0000000;1618;1000
3139;2023-12-07;05:33:52.0000000;3234;931
3140;2022-02-16;15:07:19.0000000;136;835
3141;2024-08-10;01:14:19.0000000;515;767
3142;2024-10-30;06:13:12.0000000;3339;207
3143;2022-12-14;03:01:10.0000000;2472;24
3144;2023-03-09;21:18:55.0000000;735;3
3145;2023-07-14;15:53:33.0000000;1905;511
3146;2023-04-25;11:07:00.0000000;800;690
3147;2023-09-18;17:08:34.0000000;917;899
3148;2023-06-25;18:19:22.0000000;1161;434
3149;2023-11-07;16:18:27.0000000;378;142
3150;2023-11-12;12:56:28.0000000;1251;456
3151;2024-08-26;22:24:16.0000000;2032;280
3152;2022-06-07;08:09:02.0000000;1159;382
3153;2023-11-28;21:29:09.0000000;2893;285
3154;2024-10-18;14:27:18.0000000;39;769
3155;2024-08-22;17:09:43.0000000;2625;485
3156;2024-03-27;07:11:06.0000000;3573;441
3157;2024-09-21;07:30:30.0000000;2059;334
3158;2022-11-15;05:53:41.0000000;2270;553
3159;2022-11-10;15:03:32.0000000;3036;869
3160;2022-08-09;09:56:09.0000000;2805;120
3161;2024-09-24;18:09:08.0000000;728;442
3162;2024-11-21;01:15:32.0000000;535;890
3163;2022-08-19;05:11:04.0000000;1073;654
3164;2022-06-01;17:40:43.0000000;943;594
3165;2023-12-30;04:22:28.0000000;3214;758
3166;2022-02-26;16:46:05.0000000;3482;894
3167;2022-03-03;02:38:21.0000000;2848;414
3168;2024-03-17;16:49:11.0000000;1045;840
3169;2024-04-16;23:58:32.0000000;1869;551
3170;2022-06-27;00:46:00.0000000;1759;959
3171;2024-11-13;13:10:58.0000000;1333;70
3172;2022-10-04;09:52:57.0000000;1676;313
3173;2024-08-30;03:32:22.0000000;2795;30
3174;2023-12-15;02:47:27.0000000;2039;393
3175;2022-12-28;01:23:40.0000000;3118;231
3176;2023-01-30;07:51:41.0000000;2964;520
3177;2023-02-21;09:34:00.0000000;1148;282
3178;2024-02-05;04:15:52.0000000;1848;204
3179;2024-07-16;16:52:42.0000000;1615;452
3180;2024-01-12;01:35:37.0000000;345;861
3181;2022-12-02;11:58:21.0000000;113;635
3182;2023-05-21;23:49:17.0000000;1745;389
3183;2024-01-15;03:50:34.0000000;1033;59
3184;2022-05-18;07:51:48.0000000;1358;799
3185;2022-01-24;10:10:20.0000000;2574;867
3186;2022-01-10;08:40:42.0000000;1975;435
3187;2023-07-24;01:14:04.0000000;108;505
3188;2024-12-24;21:03:10.0000000;2575;41
3189;2022-12-10;02:21:46.0000000;1035;999
3190;2023-01-24;18:33:35.0000000;1949;729
3191;2024-03-03;21:47:52.0000000;1405;911
3192;2022-02-10;07:29:14.0000000;1376;124
3193;2022-09-26;10:31:55.0000000;979;352
3194;2024-02-13;00:36:45.0000000;2467;843
3195;2023-07-11;00:47:48.0000000;3139;413
3196;2022-03-14;01:25:22.0000000;1838;7
3197;2024-04-30;01:28:16.0000000;360;790
3198;2024-01-10;07:43:14.0000000;146;646
3199;2022-06-12;20:22:55.0000000;3482;521
3200;2022-09-12;09:09:14.0000000;532;789
3201;2023-08-22;15:03:25.0000000;3296;753
3202;2024-08-05;05:48:18.0000000;1244;733
3203;2024-09-22;23:02:29.0000000;1778;723
3204;2023-02-04;06:16:10.0000000;2785;745
3205;2023-05-12;10:32:39.0000000;223;588
3206;2022-02-17;16:46:44.0000000;1572;85
3207;2023-02-03;01:32:44.0000000;2538;6
3208;2024-06-24;12:35:38.0000000;3551;77
3209;2023-02-02;12:11:58.0000000;2712;504
3210;2023-10-07;09:49:59.0000000;1867;855
3211;2023-01-07;09:40:53.0000000;3266;851
3212;2022-08-19;16:37:46.0000000;2550;192
3213;2023-04-03;06:00:26.0000000;1401;889
3214;2023-02-05;02:09:31.0000000;2128;718
3215;2024-06-29;18:57:14.0000000;798;400
3216;2022-09-18;16:41:42.0000000;60;98
3217;2024-07-25;13:43:32.0000000;286;966
3218;2022-08-12;16:58:11.0000000;3453;931
3219;2023-07-12;09:29:19.0000000;2357;588
3220;2023-01-02;05:52:04.0000000;2094;223
3221;2022-09-24;16:53:49.0000000;1734;516
3222;2024-08-14;17:22:33.0000000;2553;698
3223;2022-01-10;00:04:33.0000000;1005;684
3224;2023-06-24;01:30:34.0000000;190;368
3225;2023-07-25;17:12:45.0000000;1286;860
3226;2024-06-06;05:25:03.0000000;2111;320
3227;2022-01-08;23:09:03.0000000;2400;1005
3228;2022-08-07;21:24:34.0000000;606;296
3229;2024-04-25;02:47:46.0000000;1274;349
3230;2022-09-03;06:21:21.0000000;1202;427
3231;2023-08-12;11:20:33.0000000;43;542
3232;2023-06-11;23:10:52.0000000;2703;478
3233;2024-07-15;15:03:52.0000000;982;394
3234;2024-02-25;10:25:34.0000000;3430;411
3235;2024-01-12;19:23:47.0000000;233;885
3236;2023-04-05;12:53:11.0000000;810;236
3237;2023-01-30;04:04:33.0000000;834;688
3238;2024-11-16;16:55:37.0000000;785;278
3239;2023-06-24;16:24:27.0000000;2843;808
3240;2023-04-11;16:27:51.0000000;2846;84
3241;2023-12-12;01:58:54.0000000;2379;115
3242;2022-08-13;17:32:19.0000000;1384;740
3243;2023-07-03;18:43:50.0000000;1724;239
3244;2024-02-12;08:33:49.0000000;439;303
3245;2024-12-21;15:20:47.0000000;3242;802
3246;2023-02-02;12:44:03.0000000;908;717
3247;2023-11-07;15:25:55.0000000;923;447
3248;2023-07-25;06:50:25.0000000;2565;580
3249;2024-10-18;14:57:06.0000000;1979;17
3250;2023-08-08;07:15:45.0000000;3041;157
3251;2022-03-01;10:39:51.0000000;1649;770
3252;2022-08-09;06:12:41.0000000;37;176
3253;2022-10-29;18:29:31.0000000;312;21
3254;2023-09-21;14:48:38.0000000;2282;621
3255;2024-09-03;07:12:33.0000000;1200;666
3256;2022-08-24;02:30:22.0000000;2595;302
3257;2024-07-29;18:29:42.0000000;3145;279
3258;2024-12-29;19:33:00.0000000;131;175
3259;2023-05-06;00:08:38.0000000;1173;677
3260;2022-08-09;18:47:42.0000000;1083;569
3261;2023-06-05;20:21:47.0000000;3481;295
3262;2023-08-31;22:48:50.0000000;741;523
3263;2022-09-01;10:42:08.0000000;731;679
3264;2023-05-30;20:12:41.0000000;424;466
3265;2022-03-21;21:40:14.0000000;2784;441
3266;2022-01-28;12:57:01.0000000;2692;296
3267;2023-07-25;01:10:56.0000000;871;118
3268;2024-01-06;22:32:01.0000000;993;525
3269;2022-05-05;21:32:56.0000000;1535;909
3270;2023-06-28;17:44:32.0000000;2168;565
3271;2024-05-20;04:17:14.0000000;1786;618
3272;2024-09-27;13:47:07.0000000;601;525
3273;2023-12-29;08:59:32.0000000;786;37
3274;2024-04-25;12:09:53.0000000;1559;806
3275;2022-08-24;04:00:42.0000000;2465;597
3276;2023-02-09;11:08:10.0000000;1011;429
3277;2023-02-23;21:59:07.0000000;2533;284
3278;2022-07-30;03:19:01.0000000;3509;552
3279;2024-10-19;23:58:25.0000000;3244;965
3280;2024-09-02;17:43:27.0000000;1022;773
3281;2024-05-31;21:15:09.0000000;3268;571
3282;2022-12-17;17:30:59.0000000;527;448
3283;2023-09-28;02:10:25.0000000;2402;915
3284;2023-06-18;00:36:54.0000000;2989;360
3285;2022-02-18;05:06:26.0000000;1937;762
3286;2024-06-08;11:26:38.0000000;695;331
3287;2023-03-06;16:39:22.0000000;3087;337
3288;2023-07-05;17:43:52.0000000;2052;168
3289;2024-09-30;05:12:19.0000000;743;978
3290;2023-03-01;12:39:08.0000000;1541;224
3291;2022-12-11;07:13:02.0000000;1989;71
3292;2022-11-25;13:49:27.0000000;1109;200
3293;2023-03-20;04:13:09.0000000;2623;848
3294;2024-10-07;18:13:52.0000000;159;107
3295;2024-12-20;07:03:48.0000000;841;660
3296;2022-06-17;21:23:34.0000000;970;221
3297;2023-09-28;12:01:37.0000000;1263;340
3298;2024-11-09;03:30:45.0000000;1554;49
3299;2023-12-30;00:22:16.0000000;3460;741
3300;2023-06-29;02:08:03.0000000;2265;919
3301;2023-10-08;07:55:29.0000000;3088;235
3302;2023-02-08;06:28:06.0000000;1830;76
3303;2022-02-05;17:30:48.0000000;952;705
3304;2022-09-04;21:36:33.0000000;1915;437
3305;2023-01-30;10:41:07.0000000;1387;297
3306;2022-07-18;09:31:07.0000000;1925;898
3307;2024-12-12;22:45:21.0000000;1515;384
3308;2024-07-28;00:56:00.0000000;1128;630
3309;2024-08-18;09:16:47.0000000;745;524
3310;2024-07-14;02:02:00.0000000;1097;469
3311;2024-09-02;06:10:52.0000000;347;361
3312;2024-04-05;04:46:23.0000000;2065;115
3313;2022-07-01;16:59:14.0000000;2646;693
3314;2024-06-06;02:22:21.0000000;1142;740
3315;2024-05-14;17:27:31.0000000;495;147
3316;2022-10-09;04:04:05.0000000;166;54
3317;2024-03-28;01:25:00.0000000;1377;513
3318;2024-08-06;21:29:38.0000000;1358;345
3319;2022-01-16;03:38:01.0000000;3062;679
3320;2023-05-06;14:10:33.0000000;2900;933
3321;2024-07-23;22:12:16.0000000;3512;790
3322;2022-12-31;20:43:34.0000000;1079;1008
3323;2022-06-05;22:50:19.0000000;1236;109
3324;2022-10-12;08:10:58.0000000;1429;765
3325;2022-12-01;14:31:16.0000000;1671;309
3326;2023-06-28;09:45:36.0000000;2694;703
3327;2023-04-15;15:54:57.0000000;2689;543
3328;2024-09-22;00:25:53.0000000;621;486
3329;2022-12-11;19:25:05.0000000;939;985
3330;2024-02-09;16:44:44.0000000;967;867
3331;2023-07-25;10:22:56.0000000;3229;110
3332;2024-01-11;09:31:40.0000000;1929;50
3333;2023-07-13;02:36:21.0000000;3253;962
3334;2022-10-17;12:01:19.0000000;3474;467
3335;2023-05-25;16:25:28.0000000;3164;408
3336;2022-02-02;15:46:23.0000000;1806;74
3337;2024-07-05;00:30:34.0000000;2297;915
3338;2022-03-25;00:43:42.0000000;579;965
3339;2023-01-25;14:09:09.0000000;535;717
3340;2024-12-06;10:50:39.0000000;3032;350
3341;2024-07-29;03:43:42.0000000;3329;479
3342;2023-02-21;03:17:57.0000000;933;718
3343;2022-11-16;18:54:53.0000000;2818;976
3344;2024-09-04;14:03:54.0000000;3199;313
3345;2023-07-02;01:18:43.0000000;1345;600
3346;2024-09-25;01:23:33.0000000;2334;388
3347;2023-01-02;19:02:16.0000000;579;832
3348;2024-04-26;03:53:24.0000000;1362;162
3349;2023-05-11;18:14:46.0000000;3283;422
3350;2022-05-17;07:43:09.0000000;2499;74
3351;2024-08-25;01:46:14.0000000;1611;850
3352;2023-06-07;16:51:27.0000000;1610;999
3353;2022-07-21;19:24:38.0000000;1592;739
3354;2023-09-25;04:37:10.0000000;454;713
3355;2024-10-19;00:08:45.0000000;1859;605
3356;2022-01-28;09:08:57.0000000;712;769
3357;2022-07-06;02:41:03.0000000;2274;278
3358;2022-05-03;10:13:03.0000000;3395;736
3359;2023-06-02;03:30:50.0000000;119;813
3360;2022-04-09;20:08:56.0000000;294;954
3361;2024-10-23;03:18:52.0000000;853;179
3362;2024-05-15;17:40:00.0000000;2711;497
3363;2024-11-21;02:32:54.0000000;1872;979
3364;2024-03-02;21:01:53.0000000;2133;7
3365;2024-02-19;21:24:53.0000000;1348;616
3366;2022-07-09;07:41:56.0000000;653;683
3367;2024-09-04;16:11:06.0000000;2207;435
3368;2023-03-27;07:26:22.0000000;3053;961
3369;2022-05-29;08:34:57.0000000;3555;609
3370;2024-09-30;19:04:57.0000000;3575;634
3371;2023-03-25;11:06:10.0000000;1780;425
3372;2023-12-29;23:13:39.0000000;2482;134
3373;2023-03-07;22:23:55.0000000;1281;379
3374;2023-06-22;04:44:12.0000000;2068;246
3375;2024-08-09;05:53:18.0000000;836;227
3376;2022-03-30;05:36:20.0000000;1835;52
3377;2024-06-21;04:34:50.0000000;1645;538
3378;2024-12-07;15:46:37.0000000;1021;999
3379;2024-11-13;00:17:59.0000000;2341;739
3380;2024-07-03;23:15:08.0000000;1905;127
3381;2022-10-10;20:44:18.0000000;3029;873
3382;2024-01-14;15:29:53.0000000;2657;479
3383;2023-03-19;19:59:29.0000000;2878;53
3384;2022-09-24;04:39:08.0000000;2520;69
3385;2023-03-28;02:09:35.0000000;1030;758
3386;2024-10-22;06:14:42.0000000;2540;539
3387;2023-12-14;16:33:20.0000000;1585;253
3388;2024-07-30;08:43:15.0000000;2339;704
3389;2023-04-11;11:19:51.0000000;2871;499
3390;2023-03-17;23:04:40.0000000;3575;522
3391;2023-11-03;04:54:21.0000000;2582;29
3392;2022-03-08;16:22:53.0000000;2740;375
3393;2023-11-21;06:45:58.0000000;2985;526
3394;2022-03-25;10:38:29.0000000;2031;273
3395;2022-07-23;03:49:31.0000000;2274;376
3396;2024-05-27;23:30:28.0000000;323;760
3397;2023-03-11;08:15:39.0000000;3149;894
3398;2023-02-11;15:32:12.0000000;1857;389
3399;2023-04-28;02:39:49.0000000;859;600
3400;2022-10-18;17:14:44.0000000;1903;685
3401;2024-10-11;10:08:09.0000000;2626;972
3402;2023-08-04;23:02:37.0000000;1417;508
3403;2024-11-09;17:26:16.0000000;806;670
3404;2023-07-11;23:33:32.0000000;53;127
3405;2024-02-24;15:51:12.0000000;2914;222
3406;2024-02-02;19:33:17.0000000;2755;761
3407;2022-08-04;18:09:49.0000000;1899;176
3408;2022-12-11;04:01:43.0000000;2256;318
3409;2022-12-28;05:31:01.0000000;1802;374
3410;2024-04-18;08:35:09.0000000;3370;625
3411;2023-12-20;20:39:36.0000000;670;199
3412;2023-08-25;22:01:40.0000000;83;372
3413;2022-09-30;03:17:30.0000000;735;993
3414;2022-02-14;16:38:18.0000000;2199;153
3415;2022-03-16;15:47:41.0000000;327;191
3416;2024-04-12;15:02:26.0000000;1129;500
3417;2022-10-18;14:09:05.0000000;1476;138
3418;2022-04-08;00:56:09.0000000;2936;446
3419;2022-09-24;01:31:26.0000000;2774;892
3420;2023-09-29;23:24:45.0000000;1820;50
3421;2024-04-25;08:49:08.0000000;2610;265
3422;2024-07-20;03:38:18.0000000;2723;396
3423;2024-07-20;13:12:56.0000000;2837;253
3424;2024-11-27;00:38:01.0000000;224;873
3425;2024-10-11;23:41:45.0000000;209;812
3426;2022-01-30;05:17:54.0000000;836;379
3427;2023-02-06;06:12:05.0000000;987;548
3428;2024-05-13;10:27:01.0000000;75;561
3429;2024-08-22;09:27:03.0000000;69;973
3430;2024-11-04;10:17:05.0000000;797;422
3431;2023-01-07;10:25:24.0000000;405;249
3432;2024-10-12;11:51:52.0000000;694;258
3433;2023-01-27;01:58:25.0000000;2109;256
3434;2022-03-20;10:45:16.0000000;1349;752
3435;2022-10-01;21:39:54.0000000;2577;562
3436;2024-10-01;11:52:36.0000000;858;234
3437;2023-11-08;05:39:59.0000000;1762;118
3438;2023-06-30;23:52:34.0000000;885;197
3439;2023-02-16;14:46:53.0000000;1334;119
3440;2022-09-14;04:42:08.0000000;1657;558
3441;2022-01-22;05:43:41.0000000;1604;572
3442;2024-07-22;22:22:53.0000000;911;826
3443;2022-11-03;22:28:57.0000000;3348;653
3444;2022-02-15;15:24:40.0000000;2565;145
3445;2022-08-31;09:32:18.0000000;285;844
3446;2024-12-09;05:10:38.0000000;1245;494
3447;2022-11-23;07:05:01.0000000;427;543
3448;2024-08-29;01:50:19.0000000;3493;475
3449;2023-10-02;08:40:40.0000000;1041;714
3450;2022-02-20;02:25:29.0000000;1338;973
3451;2023-07-13;17:33:19.0000000;3169;501
3452;2023-09-08;06:43:16.0000000;728;222
3453;2023-06-18;06:22:52.0000000;2739;567
3454;2024-04-12;03:16:40.0000000;1382;558
3455;2023-08-11;12:34:37.0000000;2406;607
3456;2024-01-15;10:46:06.0000000;2103;659
3457;2023-11-11;02:10:02.0000000;2416;724
3458;2024-10-21;10:57:52.0000000;96;113
3459;2023-09-20;22:14:51.0000000;518;50
3460;2023-02-24;14:03:27.0000000;3032;55
3461;2023-10-04;23:29:53.0000000;1007;491
3462;2024-09-19;02:45:45.0000000;255;972
3463;2023-03-10;07:14:57.0000000;2052;173
3464;2024-05-19;23:58:33.0000000;631;350
3465;2023-02-25;05:52:49.0000000;2639;338
3466;2022-03-20;23:16:19.0000000;2980;189
3467;2024-01-19;05:31:55.0000000;1827;509
3468;2022-04-27;04:00:38.0000000;1149;520
3469;2023-01-27;06:55:19.0000000;3233;227
3470;2024-01-27;20:09:18.0000000;3253;77
3471;2024-01-24;06:18:43.0000000;3338;352
3472;2022-11-20;07:07:26.0000000;107;650
3473;2024-09-05;14:38:09.0000000;3011;872
3474;2022-06-04;20:04:41.0000000;1002;725
3475;2023-08-09;00:48:07.0000000;231;162
3476;2022-03-04;10:15:05.0000000;2825;423
3477;2023-02-03;08:07:34.0000000;3584;752
3478;2024-05-28;09:05:58.0000000;1327;992
3479;2024-07-09;21:35:45.0000000;2589;774
3480;2024-07-08;14:19:17.0000000;3572;947
3481;2024-11-24;14:03:22.0000000;798;483
3482;2024-01-06;23:57:57.0000000;589;977
3483;2024-07-21;20:32:41.0000000;385;141
3484;2023-04-05;22:11:24.0000000;2258;332
3485;2022-09-15;13:28:18.0000000;2088;557
3486;2022-04-08;09:55:11.0000000;2979;793
3487;2022-02-28;02:43:09.0000000;682;316
3488;2022-12-03;15:33:50.0000000;1746;59
3489;2022-04-03;14:18:44.0000000;1029;873
3490;2022-05-14;17:21:59.0000000;2371;668
3491;2022-01-08;04:21:34.0000000;2613;66
3492;2023-05-10;17:47:09.0000000;3542;220
3493;2022-02-22;04:59:28.0000000;1482;870
3494;2023-03-23;21:30:20.0000000;697;349
3495;2022-01-20;00:40:28.0000000;1741;905
3496;2023-01-20;08:16:00.0000000;3020;816
3497;2022-01-29;04:27:17.0000000;648;734
3498;2022-11-13;14:36:04.0000000;3130;294
3499;2023-05-03;15:14:18.0000000;3508;354
3500;2023-05-28;05:56:06.0000000;1239;45
3501;2023-06-02;02:05:28.0000000;635;741
3502;2023-02-14;02:04:44.0000000;729;145
3503;2024-12-12;17:07:15.0000000;1909;842
3504;2023-07-09;19:36:22.0000000;1170;602
3505;2023-05-03;04:27:10.0000000;2492;934
3506;2024-07-10;03:36:45.0000000;1374;662
3507;2022-06-14;16:21:13.0000000;1932;985
3508;2024-12-01;11:50:04.0000000;786;159
3509;2023-08-07;11:25:45.0000000;3539;883
3510;2024-03-16;08:17:24.0000000;2981;771
3511;2022-01-02;15:04:14.0000000;1667;974
3512;2023-06-17;16:56:46.0000000;1626;683
3513;2023-10-01;21:07:01.0000000;2015;914
3514;2022-03-15;12:42:58.0000000;2419;19
3515;2023-04-16;01:53:37.0000000;169;360
3516;2023-04-10;14:26:55.0000000;2326;985
3517;2024-08-04;16:54:11.0000000;3135;108
3518;2022-10-17;01:03:51.0000000;1055;609
3519;2023-06-02;07:47:07.0000000;2914;792
3520;2024-05-06;17:15:05.0000000;2830;240
3521;2024-08-28;09:44:55.0000000;246;615
3522;2024-02-03;03:43:50.0000000;1746;524
3523;2023-04-01;08:50:32.0000000;1966;238
3524;2024-03-14;10:55:58.0000000;3340;131
3525;2022-03-18;23:13:13.0000000;2904;76
3526;2022-04-21;11:32:00.0000000;2736;4
3527;2023-10-05;11:26:27.0000000;2489;293
3528;2024-09-23;10:17:39.0000000;2799;101
3529;2024-06-22;20:50:48.0000000;1023;618
3530;2023-07-19;14:48:06.0000000;2724;738
3531;2024-05-09;21:05:01.0000000;488;825
3532;2023-06-21;16:37:39.0000000;2924;357
3533;2023-06-25;07:30:34.0000000;2902;610
3534;2022-12-19;07:12:35.0000000;339;644
3535;2024-01-19;07:26:22.0000000;783;57
3536;2024-11-27;18:00:54.0000000;3408;813
3537;2022-09-09;23:30:20.0000000;2843;321
3538;2023-08-15;23:33:49.0000000;2193;415
3539;2024-02-04;09:45:30.0000000;1271;565
3540;2024-10-25;05:45:10.0000000;3599;976
3541;2023-08-15;16:20:44.0000000;2615;554
3542;2023-11-06;03:59:45.0000000;3276;178
3543;2023-09-26;14:46:49.0000000;594;70
3544;2024-11-24;10:24:19.0000000;868;861
3545;2022-02-25;12:50:06.0000000;1271;482
3546;2022-10-01;00:13:57.0000000;3353;431
3547;2024-03-06;03:08:17.0000000;406;618
3548;2024-03-16;14:35:51.0000000;2862;481
3549;2024-06-15;12:41:49.0000000;1717;533
3550;2023-05-14;03:21:33.0000000;1775;902
3551;2022-06-19;11:25:51.0000000;1544;461
3552;2024-09-18;11:31:05.0000000;560;162
3553;2023-05-31;23:15:27.0000000;755;802
3554;2024-09-26;02:27:56.0000000;461;139
3555;2022-03-30;10:28:39.0000000;3345;443
3556;2023-04-09;23:05:06.0000000;833;63
3557;2023-03-16;23:39:22.0000000;758;390
3558;2024-07-22;06:20:42.0000000;3580;64
3559;2023-03-14;23:32:04.0000000;2577;466
3560;2023-01-04;22:36:16.0000000;3566;244
3561;2024-06-27;19:16:29.0000000;1210;967
3562;2023-01-16;04:49:43.0000000;520;529
3563;2023-05-06;10:42:51.0000000;1411;839
3564;2024-09-25;09:44:44.0000000;971;575
3565;2024-04-06;23:14:19.0000000;2765;53
3566;2022-05-21;03:48:04.0000000;260;775
3567;2023-06-18;13:22:20.0000000;39;803
3568;2022-11-11;23:49:44.0000000;181;1002
3569;2022-07-06;10:44:50.0000000;2149;69
3570;2024-08-14;17:49:16.0000000;2479;66
3571;2023-03-01;02:31:05.0000000;3128;1009
3572;2024-03-29;00:56:17.0000000;2000;357
3573;2022-02-17;04:03:29.0000000;1390;908
3574;2023-05-07;22:04:44.0000000;1388;482
3575;2022-11-10;04:49:10.0000000;1415;584
3576;2022-06-30;00:05:58.0000000;991;836
3577;2024-02-07;00:05:40.0000000;1642;800
3578;2023-03-06;22:24:04.0000000;244;312
3579;2022-01-24;16:31:14.0000000;1362;920
3580;2023-04-03;12:20:38.0000000;1881;975
3581;2023-04-07;06:03:55.0000000;3431;476
3582;2022-10-03;08:32:58.0000000;2475;969
3583;2022-11-26;17:47:52.0000000;2183;684
3584;2022-03-05;08:18:07.0000000;2874;102
3585;2022-09-15;00:58:17.0000000;1861;36
3586;2023-12-16;19:28:46.0000000;2708;346
3587;2022-04-22;01:58:51.0000000;1702;114
3588;2024-12-05;10:59:29.0000000;2623;766
3589;2022-11-15;14:30:04.0000000;2605;103
3590;2023-06-16;02:57:28.0000000;197;840
3591;2024-09-12;08:37:06.0000000;1829;144
3592;2023-02-03;05:04:54.0000000;1994;926
3593;2023-09-28;06:38:23.0000000;2519;682
3594;2022-03-12;01:24:33.0000000;1762;953
3595;2022-02-12;18:36:42.0000000;3520;126
3596;2022-05-03;00:13:23.0000000;1586;756
3597;2023-02-26;09:39:05.0000000;809;611
3598;2023-05-16;17:34:43.0000000;2140;640
3599;2023-03-28;04:45:09.0000000;3519;1007
3600;2023-12-09;02:29:00.0000000;533;339
3601;2022-09-12;15:48:19.0000000;366;26
3602;2023-11-24;11:41:42.0000000;2766;682
3603;2024-06-06;03:07:44.0000000;1922;666
3604;2023-04-28;08:56:20.0000000;1837;658
3605;2024-01-12;18:10:27.0000000;2724;736
3606;2023-05-11;19:23:15.0000000;1006;444
3607;2024-11-13;17:39:43.0000000;3095;870
3608;2024-06-10;22:29:18.0000000;1791;766
3609;2023-02-03;11:14:07.0000000;1347;85
3610;2022-02-03;17:54:13.0000000;1158;659
3611;2022-02-08;02:35:44.0000000;1065;238
3612;2023-05-22;10:09:35.0000000;2756;806
3613;2023-03-16;19:46:33.0000000;566;776
3614;2024-01-09;20:09:58.0000000;2981;436
3615;2023-12-23;09:22:29.0000000;3268;402
3616;2023-07-31;04:50:26.0000000;926;65
3617;2022-08-21;02:19:26.0000000;2470;919
3618;2024-08-02;20:09:11.0000000;1415;437
3619;2022-04-25;04:06:39.0000000;2948;703
3620;2023-02-15;18:42:53.0000000;2640;1009
3621;2023-10-24;14:46:30.0000000;3516;475
3622;2022-11-21;00:46:23.0000000;965;500
3623;2023-05-02;12:40:49.0000000;483;780
3624;2022-06-30;00:37:46.0000000;466;684
3625;2022-06-14;01:14:25.0000000;3043;598
3626;2023-02-27;22:21:09.0000000;780;797
3627;2022-08-21;07:33:49.0000000;1516;58
3628;2022-04-16;02:33:08.0000000;1293;146
3629;2023-11-26;13:06:02.0000000;3028;332
3630;2023-04-23;00:08:11.0000000;263;204
3631;2024-04-21;07:29:49.0000000;787;241
3632;2022-09-18;00:10:42.0000000;1319;773
3633;2024-06-22;08:40:16.0000000;2792;7
3634;2023-05-20;10:29:06.0000000;2728;700
3635;2024-11-25;01:37:07.0000000;919;723
3636;2022-08-29;03:04:48.0000000;47;4
3637;2024-12-25;00:38:10.0000000;1896;168
3638;2022-08-21;19:45:28.0000000;3352;247
3639;2023-02-01;22:18:17.0000000;906;268
3640;2023-10-31;13:38:57.0000000;1876;345
3641;2022-04-02;05:04:35.0000000;1170;116
3642;2022-05-12;00:00:24.0000000;2735;679
3643;2022-01-18;13:56:34.0000000;1321;81
3644;2023-09-12;01:45:44.0000000;2830;914
3645;2023-05-31;04:52:19.0000000;3482;613
3646;2024-12-13;02:08:11.0000000;2594;77
3647;2022-01-28;10:24:10.0000000;1203;703
3648;2024-09-14;12:00:19.0000000;3328;509
3649;2024-01-14;01:10:14.0000000;3401;365
3650;2022-08-07;20:50:18.0000000;3010;279
3651;2022-01-17;07:03:05.0000000;3023;974
3652;2022-06-21;11:34:50.0000000;3554;238
3653;2022-07-29;13:32:57.0000000;2006;379
3654;2024-08-06;02:48:25.0000000;3348;1000
3655;2023-03-10;00:54:13.0000000;2254;347
3656;2024-06-07;15:50:18.0000000;1740;8
3657;2022-06-08;05:34:32.0000000;3113;296
3658;2023-04-02;03:43:10.0000000;304;255
3659;2022-10-29;18:11:37.0000000;1169;335
3660;2022-11-21;22:59:01.0000000;809;138
3661;2022-10-25;23:50:55.0000000;408;129
3662;2022-05-09;23:39:56.0000000;3091;475
3663;2024-08-07;01:14:56.0000000;3307;743
3664;2023-08-10;10:11:14.0000000;2916;938
3665;2023-09-07;13:30:11.0000000;2691;1007
3666;2022-05-27;15:57:03.0000000;573;915
3667;2024-08-20;23:56:18.0000000;1986;399
3668;2022-02-02;12:54:21.0000000;603;267
3669;2024-07-30;05:00:11.0000000;3304;453
3670;2023-03-28;08:22:44.0000000;2677;436
3671;2023-06-22;17:17:03.0000000;2983;99
3672;2024-03-08;04:59:25.0000000;2788;674
3673;2022-08-16;01:33:38.0000000;1759;860
3674;2024-05-31;16:20:05.0000000;240;541
3675;2022-09-07;14:54:38.0000000;1950;922
3676;2023-11-18;16:04:31.0000000;224;22
3677;2023-10-31;07:23:45.0000000;2672;952
3678;2024-02-01;13:03:22.0000000;1786;960
3679;2022-10-28;10:11:23.0000000;2969;453
3680;2024-10-27;07:28:27.0000000;149;134
3681;2022-11-16;19:03:17.0000000;1634;58
3682;2023-09-09;18:20:40.0000000;2827;745
3683;2022-09-30;17:54:23.0000000;716;953
3684;2024-06-18;13:11:14.0000000;2843;858
3685;2022-01-18;08:16:15.0000000;1909;977
3686;2024-04-01;09:41:41.0000000;2600;432
3687;2022-04-30;10:46:41.0000000;57;265
3688;2024-03-16;17:29:42.0000000;348;902
3689;2023-12-04;20:50:20.0000000;2637;848
3690;2022-09-29;17:43:12.0000000;104;263
3691;2022-04-29;16:58:05.0000000;2355;163
3692;2023-10-13;09:55:11.0000000;2851;25
3693;2023-06-21;07:52:51.0000000;2438;453
3694;2024-10-19;23:00:56.0000000;1993;172
3695;2022-09-09;08:19:20.0000000;2350;615
3696;2022-06-18;02:47:39.0000000;1342;172
3697;2023-12-04;06:24:50.0000000;3541;637
3698;2024-12-15;10:09:28.0000000;1670;735
3699;2023-09-19;17:39:40.0000000;2287;52
3700;2024-02-05;02:59:02.0000000;3336;744
3701;2023-07-30;16:55:37.0000000;271;353
3702;2024-04-09;01:12:40.0000000;2405;928
3703;2024-12-08;14:14:47.0000000;3363;599
3704;2024-02-20;21:54:50.0000000;3094;251
3705;2024-10-15;04:47:20.0000000;2707;533
3706;2022-09-22;08:57:10.0000000;3540;405
3707;2022-11-24;08:20:18.0000000;747;985
3708;2023-10-27;21:09:06.0000000;1841;751
3709;2024-05-06;18:24:12.0000000;170;20
3710;2023-04-22;11:19:08.0000000;854;678
3711;2023-05-16;10:11:03.0000000;2313;852
3712;2022-09-11;10:37:48.0000000;3094;173
3713;2024-05-29;11:58:27.0000000;520;386
3714;2024-04-07;09:42:52.0000000;1499;814
3715;2022-04-04;07:38:35.0000000;1742;345
3716;2022-05-08;06:13:09.0000000;1241;342
3717;2023-03-14;15:33:52.0000000;2137;1006
3718;2022-04-04;00:45:44.0000000;2197;227
3719;2023-03-12;18:41:23.0000000;2373;325
3720;2023-09-02;20:34:36.0000000;1291;702
3721;2022-08-20;20:03:21.0000000;1452;43
3722;2024-12-12;18:24:32.0000000;2101;663
3723;2024-04-10;13:50:33.0000000;415;426
3724;2022-08-09;23:04:22.0000000;160;470
3725;2024-02-21;13:18:50.0000000;1237;614
3726;2022-12-19;15:12:53.0000000;559;1008
3727;2023-08-13;16:53:02.0000000;894;949
3728;2022-09-15;07:42:05.0000000;1146;448
3729;2022-11-30;08:16:33.0000000;2558;556
3730;2023-09-20;15:13:56.0000000;2262;297
3731;2022-06-27;03:34:10.0000000;1573;342
3732;2022-08-14;08:32:35.0000000;1878;963
3733;2024-09-25;14:45:34.0000000;1051;247
3734;2022-01-19;16:56:28.0000000;2854;679
3735;2024-11-20;13:29:16.0000000;844;766
3736;2022-10-20;08:05:54.0000000;3011;65
3737;2022-06-01;02:03:16.0000000;2864;535
3738;2024-08-02;05:17:31.0000000;1534;561
3739;2022-12-15;09:00:00.0000000;2663;588
3740;2023-06-24;19:43:29.0000000;681;298
3741;2023-09-16;07:47:58.0000000;638;199
3742;2023-10-31;15:51:13.0000000;1786;479
3743;2022-06-10;00:09:37.0000000;2482;81
3744;2024-04-16;18:18:38.0000000;1116;67
3745;2024-08-21;12:15:13.0000000;460;607
3746;2024-08-15;09:16:48.0000000;280;288
3747;2023-08-30;22:53:58.0000000;374;814
3748;2023-01-03;04:56:03.0000000;1376;315
3749;2022-06-24;11:44:01.0000000;3568;274
3750;2022-12-29;09:39:04.0000000;50;784
3751;2022-08-16;01:38:02.0000000;920;621
3752;2022-07-29;01:16:07.0000000;440;868
3753;2022-06-05;08:36:29.0000000;2166;532
3754;2024-08-24;11:53:27.0000000;3374;593
3755;2022-03-19;11:14:48.0000000;2176;923
3756;2023-05-24;12:04:02.0000000;2353;565
3757;2022-10-26;08:17:05.0000000;1120;295
3758;2023-07-28;06:22:55.0000000;206;561
3759;2024-07-17;17:29:55.0000000;3089;230
3760;2024-02-28;09:31:11.0000000;1423;845
3761;2023-05-02;08:04:01.0000000;2445;535
3762;2023-08-20;14:14:07.0000000;2436;767
3763;2023-12-05;18:17:25.0000000;48;974
3764;2022-11-09;08:25:26.0000000;646;81
3765;2024-09-29;05:58:40.0000000;1561;99
3766;2024-06-25;00:22:38.0000000;1105;623
3767;2024-03-11;21:50:26.0000000;2981;468
3768;2023-04-02;16:39:29.0000000;3194;154
3769;2022-07-14;09:42:16.0000000;2503;358
3770;2022-06-16;04:34:49.0000000;1885;711
3771;2024-08-02;10:06:14.0000000;1459;504
3772;2024-05-20;15:08:05.0000000;1184;601
3773;2022-01-28;21:06:14.0000000;1762;202
3774;2023-03-02;01:18:49.0000000;2952;871
3775;2023-11-13;11:20:59.0000000;2613;890
3776;2024-07-24;17:41:18.0000000;1261;130
3777;2023-06-16;20:36:30.0000000;1290;862
3778;2024-02-16;09:15:24.0000000;335;424
3779;2024-09-24;20:22:02.0000000;993;95
3780;2022-11-23;09:14:55.0000000;2366;740
3781;2023-10-22;19:13:23.0000000;3055;50
3782;2023-10-06;20:25:45.0000000;2028;31
3783;2024-11-23;01:28:50.0000000;1746;254
3784;2022-07-23;18:04:17.0000000;3003;628
3785;2022-03-08;05:29:39.0000000;2049;319
3786;2024-02-14;23:04:34.0000000;2782;330
3787;2022-05-22;22:12:40.0000000;520;868
3788;2024-07-17;18:08:42.0000000;2534;921
3789;2023-08-24;12:08:39.0000000;3415;744
3790;2023-11-09;11:41:52.0000000;1750;509
3791;2023-02-28;19:15:41.0000000;1423;499
3792;2022-12-13;13:07:53.0000000;2718;947
3793;2023-10-15;09:14:12.0000000;2505;573
3794;2024-04-27;14:19:04.0000000;1847;923
3795;2023-10-24;04:43:29.0000000;3138;141
3796;2022-05-24;10:27:18.0000000;931;964
3797;2023-06-25;04:33:44.0000000;1513;505
3798;2022-12-30;23:05:22.0000000;1457;694
3799;2024-02-13;03:35:32.0000000;2039;567
3800;2024-12-17;03:07:15.0000000;1538;900
3801;2024-11-29;15:35:02.0000000;2791;119
3802;2024-06-23;10:18:13.0000000;2218;819
3803;2024-02-02;12:14:15.0000000;1235;911
3804;2024-02-27;05:35:10.0000000;1094;434
3805;2022-02-27;03:39:41.0000000;3032;967
3806;2023-03-30;13:59:55.0000000;900;796
3807;2024-03-17;03:28:30.0000000;2643;540
3808;2023-05-02;08:29:28.0000000;155;1005
3809;2024-08-31;23:43:01.0000000;2540;630
3810;2022-11-07;12:57:52.0000000;1467;93
3811;2023-07-06;19:34:27.0000000;1895;15
3812;2023-10-04;19:06:49.0000000;1459;768
3813;2022-12-10;17:13:01.0000000;1442;258
3814;2024-02-04;00:20:47.0000000;1462;130
3815;2022-05-02;13:55:06.0000000;1774;479
3816;2023-11-30;13:18:11.0000000;357;496
3817;2024-11-09;04:03:57.0000000;639;546
3818;2023-06-15;06:21:54.0000000;2006;468
3819;2022-04-22;09:07:35.0000000;3161;266
3820;2022-12-08;22:45:35.0000000;1937;15
3821;2022-06-18;11:46:18.0000000;1235;76
3822;2022-11-25;17:10:43.0000000;756;303
3823;2022-08-15;13:03:37.0000000;1113;538
3824;2023-05-25;11:14:26.0000000;2698;398
3825;2023-04-27;00:56:55.0000000;582;369
3826;2024-08-20;11:52:27.0000000;1787;883
3827;2023-11-21;02:41:49.0000000;3575;530
3828;2022-04-26;17:34:32.0000000;786;974
3829;2022-05-28;23:20:04.0000000;557;809
3830;2024-02-09;03:27:13.0000000;3057;159
3831;2022-08-10;06:17:53.0000000;139;280
3832;2024-08-31;08:31:03.0000000;825;739
3833;2023-12-28;10:20:29.0000000;2734;935
3834;2022-03-31;05:55:44.0000000;1734;254
3835;2022-08-03;01:02:06.0000000;2039;156
3836;2024-11-07;06:41:42.0000000;3086;212
3837;2022-06-01;14:22:55.0000000;2983;409
3838;2022-05-19;23:03:08.0000000;459;581
3839;2022-03-08;23:27:58.0000000;96;49
3840;2024-05-05;18:48:28.0000000;1419;204
3841;2023-06-20;17:27:59.0000000;3153;914
3842;2023-03-31;08:57:08.0000000;2788;999
3843;2024-02-28;16:06:57.0000000;2455;787
3844;2022-04-22;03:06:38.0000000;1976;720
3845;2023-06-19;08:52:05.0000000;2000;638
3846;2022-01-09;15:18:38.0000000;1766;411
3847;2023-07-16;00:13:38.0000000;634;80
3848;2024-10-30;16:58:05.0000000;1031;232
3849;2024-01-10;08:57:47.0000000;481;754
3850;2023-01-13;13:10:56.0000000;1023;355
3851;2023-05-11;06:20:09.0000000;1951;827
3852;2023-03-06;13:53:59.0000000;3001;198
3853;2024-06-11;18:27:30.0000000;752;323
3854;2023-12-13;09:07:42.0000000;2431;178
3855;2022-02-14;06:19:20.0000000;503;777
3856;2023-07-09;14:52:55.0000000;167;476
3857;2022-05-08;16:36:40.0000000;608;949
3858;2022-10-13;18:10:00.0000000;2535;878
3859;2024-12-30;16:23:31.0000000;3550;722
3860;2023-10-04;01:49:29.0000000;1678;902
3861;2022-02-20;23:29:04.0000000;2877;748
3862;2023-10-11;17:25:08.0000000;1386;413
3863;2024-09-29;20:18:01.0000000;261;201
3864;2022-02-15;05:02:24.0000000;2647;245
3865;2024-11-07;19:14:39.0000000;460;888
3866;2023-04-19;06:11:02.0000000;1159;376
3867;2024-06-08;19:51:23.0000000;1722;157
3868;2024-11-11;11:38:45.0000000;204;991
3869;2022-05-28;18:54:59.0000000;12;414
3870;2024-06-14;21:34:30.0000000;3060;62
3871;2022-09-01;12:27:27.0000000;1178;108
3872;2024-04-08;19:03:35.0000000;2494;527
3873;2024-02-17;20:52:12.0000000;767;351
3874;2024-03-25;20:09:47.0000000;2022;764
3875;2023-02-17;15:30:48.0000000;1256;516
3876;2022-06-25;16:08:53.0000000;2750;894
3877;2023-03-20;02:19:44.0000000;2270;65
3878;2024-11-19;20:33:21.0000000;1486;261
3879;2022-11-24;17:35:43.0000000;3199;953
3880;2024-06-19;10:42:34.0000000;2486;207
3881;2023-10-08;11:00:54.0000000;2673;890
3882;2024-07-26;16:03:03.0000000;2403;476
3883;2022-09-06;00:26:28.0000000;445;520
3884;2022-06-20;11:54:07.0000000;3051;926
3885;2024-11-22;23:07:39.0000000;178;710
3886;2024-04-19;15:45:24.0000000;2690;570
3887;2024-09-24;21:55:15.0000000;2896;946
3888;2023-10-07;10:41:55.0000000;414;312
3889;2024-02-28;17:41:11.0000000;2248;924
3890;2023-12-24;08:51:13.0000000;1244;16
3891;2023-09-30;01:49:56.0000000;837;563
3892;2023-11-16;17:11:36.0000000;639;8
3893;2022-10-22;03:22:37.0000000;795;890
3894;2022-12-13;10:42:33.0000000;2924;923
3895;2022-06-16;03:48:35.0000000;3120;47
3896;2024-05-15;15:13:57.0000000;1432;613
3897;2022-03-02;19:54:21.0000000;2589;100
3898;2022-02-03;18:48:39.0000000;1796;102
3899;2024-02-15;18:58:58.0000000;1726;330
3900;2023-12-12;01:05:09.0000000;2073;501
3901;2024-05-21;03:11:50.0000000;2464;932
3902;2022-06-02;18:01:23.0000000;538;377
3903;2024-10-24;00:30:36.0000000;2329;334
3904;2022-08-08;09:33:11.0000000;2851;834
3905;2022-09-08;05:10:28.0000000;3346;234
3906;2024-06-25;09:57:48.0000000;2814;658
3907;2024-07-22;14:04:55.0000000;2113;180
3908;2022-04-06;23:13:06.0000000;1803;863
3909;2024-04-06;08:42:39.0000000;2313;477
3910;2023-12-09;18:11:58.0000000;2497;2
3911;2024-01-06;21:57:20.0000000;763;234
3912;2022-09-02;05:26:08.0000000;2352;852
3913;2023-05-25;21:28:36.0000000;2863;648
3914;2023-05-16;17:14:17.0000000;3248;649
3915;2022-05-28;13:39:39.0000000;2073;192
3916;2022-08-28;04:36:48.0000000;1252;679
3917;2024-03-12;05:36:58.0000000;2911;688
3918;2022-11-24;17:14:26.0000000;497;136
3919;2023-02-18;02:51:54.0000000;196;428
3920;2024-02-20;17:25:43.0000000;1205;442
3921;2023-05-16;09:39:41.0000000;616;497
3922;2024-06-27;05:36:28.0000000;554;884
3923;2024-02-27;23:44:38.0000000;3248;564
3924;2023-05-13;02:38:46.0000000;1029;724
3925;2022-12-21;10:18:55.0000000;485;575
3926;2023-10-04;19:54:27.0000000;1433;520
3927;2024-09-24;14:20:58.0000000;1521;1000
3928;2024-12-16;09:51:34.0000000;2899;328
3929;2023-08-10;20:26:55.0000000;2967;808
3930;2024-10-23;06:12:59.0000000;2514;928
3931;2024-12-09;08:37:38.0000000;244;804
3932;2024-06-02;15:46:31.0000000;1466;223
3933;2022-07-20;20:09:15.0000000;1155;508
3934;2024-03-17;20:49:19.0000000;74;874
3935;2023-06-22;20:05:02.0000000;3565;481
3936;2023-05-30;19:35:43.0000000;2969;471
3937;2022-12-10;21:57:28.0000000;2688;751
3938;2022-10-06;03:21:38.0000000;2575;577
3939;2024-11-26;14:49:59.0000000;854;485
3940;2023-05-06;09:50:33.0000000;1338;957
3941;2022-05-17;19:57:29.0000000;2392;646
3942;2024-02-07;09:59:53.0000000;1837;618
3943;2022-05-25;20:45:10.0000000;2984;30
3944;2022-02-26;21:16:32.0000000;617;769
3945;2023-11-28;04:13:50.0000000;2041;501
3946;2024-08-20;15:25:48.0000000;767;549
3947;2024-08-22;08:09:10.0000000;2343;634
3948;2023-06-25;19:06:51.0000000;2997;94
3949;2022-11-17;05:07:11.0000000;1165;201
3950;2022-04-06;00:48:57.0000000;677;159
3951;2023-12-09;11:17:59.0000000;1624;504
3952;2024-09-11;17:22:41.0000000;294;72
3953;2022-04-24;18:14:14.0000000;1756;413
3954;2022-01-27;21:32:28.0000000;2652;412
3955;2023-02-13;14:33:04.0000000;2976;522
3956;2023-07-30;13:48:35.0000000;2986;533
3957;2023-11-16;14:29:48.0000000;418;904
3958;2024-02-01;07:06:59.0000000;94;187
3959;2023-04-08;01:25:53.0000000;65;915
3960;2023-01-02;20:09:32.0000000;1027;683
3961;2024-08-21;01:59:55.0000000;594;389
3962;2024-01-01;22:49:31.0000000;3255;420
3963;2023-12-02;23:57:18.0000000;3252;920
3964;2023-03-05;12:39:20.0000000;3025;718
3965;2023-12-23;22:40:37.0000000;2907;626
3966;2024-07-14;18:16:14.0000000;580;758
3967;2024-03-24;10:33:28.0000000;2315;231
3968;2022-01-09;14:53:03.0000000;678;93
3969;2024-12-16;11:18:49.0000000;1971;112
3970;2024-10-28;19:26:00.0000000;238;30
3971;2023-01-21;11:29:37.0000000;1105;764
3972;2024-10-10;12:29:29.0000000;96;326
3973;2023-05-02;14:24:14.0000000;2240;435
3974;2023-04-21;06:00:50.0000000;2105;454
3975;2022-07-12;20:12:54.0000000;14;602
3976;2022-09-24;01:43:16.0000000;938;908
3977;2024-11-29;13:45:13.0000000;613;924
3978;2022-04-27;11:12:08.0000000;1184;306
3979;2022-06-13;00:36:39.0000000;2813;556
3980;2022-09-25;07:13:27.0000000;2938;590
3981;2023-03-02;07:19:18.0000000;704;546
3982;2024-04-02;03:01:05.0000000;426;844
3983;2022-05-24;22:17:38.0000000;322;275
3984;2023-02-24;07:42:49.0000000;494;425
3985;2024-02-01;08:36:04.0000000;357;11
3986;2023-07-24;14:22:40.0000000;628;428
3987;2023-05-11;12:20:17.0000000;2182;131
3988;2022-08-23;06:34:54.0000000;752;562
3989;2024-04-07;19:50:14.0000000;2743;681
3990;2022-06-21;04:03:15.0000000;3358;213
3991;2022-12-03;09:34:43.0000000;3595;65
3992;2022-06-25;14:12:57.0000000;2054;816
3993;2023-06-04;05:13:18.0000000;1097;546
3994;2022-07-28;18:28:20.0000000;18;551
3995;2023-07-25;14:12:31.0000000;2696;701
3996;2023-04-27;09:08:45.0000000;615;498
3997;2022-01-19;00:19:49.0000000;2964;862
3998;2023-03-17;10:13:07.0000000;285;729
3999;2024-07-11;06:23:37.0000000;1760;791
4000;2024-02-25;20:38:01.0000000;380;586
4001;2023-12-12;03:43:58.0000000;754;989
4002;2024-02-28;15:11:59.0000000;1317;440
4003;2024-12-12;07:37:20.0000000;1981;100
4004;2024-09-21;08:20:43.0000000;3260;80
4005;2022-08-24;19:39:53.0000000;3295;307
4006;2022-04-05;19:24:59.0000000;1724;477
4007;2023-03-14;04:59:15.0000000;2216;82
4008;2024-11-04;12:04:39.0000000;2191;478
4009;2024-05-08;06:17:20.0000000;952;555
4010;2022-07-31;21:04:30.0000000;2389;153
4011;2024-10-10;09:40:20.0000000;2376;984
4012;2024-06-06;13:16:08.0000000;367;612
4013;2022-02-09;16:05:02.0000000;21;585
4014;2023-10-05;03:23:22.0000000;80;302
4015;2022-12-18;17:11:05.0000000;1951;471
4016;2023-09-28;22:27:56.0000000;461;301
4017;2022-08-16;22:36:04.0000000;1440;129
4018;2022-10-31;15:32:49.0000000;3488;280
4019;2023-10-31;23:26:31.0000000;1895;980
4020;2023-05-08;13:21:39.0000000;3505;974
4021;2022-11-18;23:05:48.0000000;1734;73
4022;2023-03-24;08:09:48.0000000;3400;298
4023;2023-12-25;16:17:10.0000000;3069;702
4024;2024-03-23;01:38:33.0000000;2859;760
4025;2024-01-07;06:42:06.0000000;3012;959
4026;2024-04-04;21:29:15.0000000;1749;611
4027;2022-11-24;06:36:50.0000000;2882;340
4028;2022-04-08;16:01:38.0000000;2392;78
4029;2024-01-21;05:40:22.0000000;3440;710
4030;2022-08-29;20:43:26.0000000;657;354
4031;2022-06-15;01:08:31.0000000;1506;823
4032;2024-11-28;10:20:41.0000000;1013;466
4033;2022-07-06;10:40:13.0000000;2341;817
4034;2023-07-24;14:47:02.0000000;3145;505
4035;2023-10-28;13:43:22.0000000;3055;605
4036;2023-03-31;13:04:42.0000000;2170;324
4037;2024-06-13;04:11:50.0000000;1695;860
4038;2022-01-10;01:48:37.0000000;3210;257
4039;2022-03-19;21:22:59.0000000;465;58
4040;2022-01-31;21:04:57.0000000;2641;15
4041;2024-05-26;21:27:29.0000000;3086;300
4042;2024-01-09;08:13:24.0000000;666;369
4043;2022-02-12;14:39:05.0000000;3420;922
4044;2024-11-14;19:35:56.0000000;3597;200
4045;2023-02-24;21:39:05.0000000;2923;356
4046;2023-11-30;16:26:35.0000000;2353;902
4047;2024-01-13;14:56:01.0000000;2915;568
4048;2024-08-29;11:08:45.0000000;652;348
4049;2024-10-19;09:21:35.0000000;386;995
4050;2022-08-31;22:12:02.0000000;522;756
4051;2022-10-02;13:16:55.0000000;2545;880
4052;2024-12-06;10:37:09.0000000;1616;181
4053;2022-10-30;23:34:37.0000000;3065;221
4054;2024-07-13;11:54:55.0000000;3457;334
4055;2022-09-15;20:29:18.0000000;2846;217
4056;2024-06-22;20:34:55.0000000;1292;493
4057;2023-11-23;23:06:51.0000000;1568;1010
4058;2024-04-05;11:32:37.0000000;3300;599
4059;2023-01-01;23:23:19.0000000;1747;424
4060;2024-04-11;02:30:00.0000000;454;94
4061;2023-07-20;20:21:54.0000000;1495;295
4062;2024-01-19;12:31:35.0000000;3477;632
4063;2023-11-29;01:28:14.0000000;991;98
4064;2023-02-06;09:17:29.0000000;2228;34
4065;2023-02-16;09:33:19.0000000;877;416
4066;2022-12-27;23:23:19.0000000;3108;498
4067;2023-09-14;04:57:43.0000000;2269;586
4068;2023-07-11;18:04:55.0000000;142;358
4069;2022-01-03;09:28:52.0000000;358;1002
4070;2022-05-05;20:49:36.0000000;193;164
4071;2023-03-23;17:05:21.0000000;1991;449
4072;2024-09-05;17:25:29.0000000;1298;431
4073;2022-07-11;07:54:07.0000000;1274;949
4074;2023-08-21;17:17:37.0000000;3088;717
4075;2024-05-22;23:23:27.0000000;1640;913
4076;2023-11-27;13:09:49.0000000;1298;240
4077;2024-01-09;23:40:07.0000000;1467;969
4078;2024-04-22;11:35:25.0000000;2773;368
4079;2024-12-23;01:51:06.0000000;1678;667
4080;2023-02-13;16:18:46.0000000;2066;210
4081;2024-12-30;23:06:06.0000000;2415;860
4082;2023-02-10;13:46:43.0000000;2411;659
4083;2023-04-16;14:37:40.0000000;670;934
4084;2023-02-05;21:31:45.0000000;1906;427
4085;2023-08-24;22:18:33.0000000;2573;582
4086;2022-10-01;20:27:22.0000000;2952;146
4087;2024-09-10;13:23:40.0000000;893;596
4088;2023-01-28;00:32:40.0000000;2953;399
4089;2024-04-07;17:02:22.0000000;2064;307
4090;2024-05-17;08:48:14.0000000;2503;657
4091;2022-01-03;02:45:47.0000000;3158;741
4092;2023-11-05;19:12:41.0000000;3226;177
4093;2023-02-12;11:27:26.0000000;1201;896
4094;2023-02-23;04:53:00.0000000;3515;579
4095;2023-09-17;20:02:37.0000000;2929;648
4096;2023-08-13;02:56:56.0000000;865;813
4097;2022-07-24;09:31:52.0000000;317;898
4098;2023-09-17;21:04:05.0000000;2581;693
4099;2022-06-14;20:31:46.0000000;3306;416
4100;2022-04-28;22:15:06.0000000;3148;946
4101;2024-01-07;06:43:34.0000000;3563;612
4102;2024-10-29;23:20:08.0000000;395;577
4103;2022-09-30;23:14:41.0000000;705;693
4104;2023-11-17;22:59:42.0000000;289;635
4105;2024-10-10;01:06:54.0000000;1498;233
4106;2022-08-10;08:03:30.0000000;301;327
4107;2024-07-27;18:43:08.0000000;3171;134
4108;2023-01-11;02:44:32.0000000;1948;561
4109;2024-04-06;03:52:08.0000000;3600;52
4110;2023-01-11;16:49:22.0000000;585;376
4111;2022-06-29;18:50:25.0000000;2339;373
4112;2024-02-26;04:16:55.0000000;1498;755
4113;2022-01-16;12:35:07.0000000;1685;206
4114;2022-06-29;10:47:51.0000000;2797;236
4115;2022-04-17;06:24:09.0000000;1512;435
4116;2023-04-15;16:55:05.0000000;2568;479
4117;2024-07-18;03:58:14.0000000;351;145
4118;2022-11-14;09:52:37.0000000;1853;244
4119;2022-01-05;04:03:22.0000000;3596;666
4120;2024-01-11;16:02:11.0000000;2647;957
4121;2024-11-18;00:27:59.0000000;3248;537
4122;2022-10-05;10:06:33.0000000;3373;500
4123;2022-11-13;23:00:56.0000000;643;671
4124;2024-11-22;10:27:38.0000000;1549;484
4125;2023-12-25;17:06:47.0000000;1645;963
4126;2023-08-26;13:49:33.0000000;1600;98
4127;2024-01-10;12:46:17.0000000;392;207
4128;2023-11-02;07:47:10.0000000;1928;197
4129;2024-04-22;05:54:05.0000000;3361;495
4130;2023-05-08;13:06:50.0000000;361;471
4131;2024-05-16;13:58:19.0000000;453;606
4132;2022-04-07;04:18:56.0000000;1784;947
4133;2022-12-29;22:04:13.0000000;1356;50
4134;2024-03-02;15:25:54.0000000;1412;815
4135;2023-03-30;01:01:41.0000000;880;7
4136;2024-02-07;09:10:07.0000000;1150;427
4137;2022-06-17;09:38:07.0000000;2242;406
4138;2024-09-14;23:26:00.0000000;1934;155
4139;2023-11-08;21:34:18.0000000;884;954
4140;2024-03-19;22:05:19.0000000;138;707
4141;2023-12-19;12:38:42.0000000;1567;406
4142;2024-02-21;16:30:20.0000000;3321;248
4143;2024-04-19;19:35:58.0000000;1771;321
4144;2024-06-14;01:15:21.0000000;231;767
4145;2024-01-19;06:41:59.0000000;103;281
4146;2023-01-10;08:17:02.0000000;1042;23
4147;2023-08-21;05:02:44.0000000;590;787
4148;2022-10-10;05:56:20.0000000;1669;57
4149;2023-12-11;07:29:44.0000000;3588;706
4150;2023-05-02;16:16:07.0000000;1729;724
4151;2022-01-25;16:53:56.0000000;2752;71
4152;2023-09-21;18:25:51.0000000;3411;462
4153;2022-09-12;16:34:34.0000000;1765;932
4154;2022-06-26;20:13:29.0000000;3095;903
4155;2024-04-30;01:45:20.0000000;823;675
4156;2024-02-10;01:29:22.0000000;1726;612
4157;2024-04-12;22:19:15.0000000;2203;246
4158;2023-12-08;08:32:22.0000000;2863;196
4159;2024-07-01;21:47:53.0000000;2848;127
4160;2023-07-26;04:04:52.0000000;3381;853
4161;2022-01-20;18:38:27.0000000;3217;973
4162;2022-01-11;19:45:18.0000000;328;616
4163;2024-01-21;20:58:16.0000000;602;975
4164;2023-08-22;02:23:24.0000000;3383;216
4165;2024-12-05;21:54:13.0000000;626;963
4166;2024-04-12;01:48:16.0000000;614;145
4167;2023-09-03;00:34:59.0000000;1306;694
4168;2023-03-06;11:12:41.0000000;2770;761
4169;2022-07-16;21:16:45.0000000;2142;1011
4170;2024-06-10;16:07:58.0000000;3419;247
4171;2023-02-10;02:56:54.0000000;1850;870
4172;2022-12-18;18:23:19.0000000;159;476
4173;2022-12-13;12:48:41.0000000;778;917
4174;2024-08-19;19:15:08.0000000;2246;51
4175;2024-03-04;04:58:04.0000000;1556;260
4176;2024-01-10;01:32:31.0000000;869;59
4177;2022-06-25;23:39:12.0000000;2793;804
4178;2023-12-21;18:56:29.0000000;68;941
4179;2024-02-19;18:08:26.0000000;1500;281
4180;2024-07-14;03:03:06.0000000;1267;740
4181;2024-06-03;21:36:27.0000000;3564;426
4182;2023-04-10;22:05:29.0000000;2054;637
4183;2022-12-29;11:30:45.0000000;1690;963
4184;2024-12-27;14:07:29.0000000;3402;590
4185;2023-08-26;00:03:00.0000000;2152;891
4186;2022-09-16;22:54:58.0000000;730;194
4187;2024-02-25;06:35:53.0000000;1538;865
4188;2023-11-24;06:01:02.0000000;2446;428
4189;2024-11-24;22:18:03.0000000;1795;866
4190;2023-12-09;18:38:49.0000000;3471;328
4191;2023-10-07;20:48:10.0000000;1170;443
4192;2024-08-08;18:21:15.0000000;3520;729
4193;2022-08-15;17:48:14.0000000;3311;545
4194;2023-10-21;21:44:46.0000000;2670;362
4195;2023-12-10;14:42:52.0000000;1694;358
4196;2023-03-06;01:22:10.0000000;3081;148
4197;2024-05-12;23:42:19.0000000;2241;976
4198;2023-05-31;23:42:48.0000000;1829;416
4199;2024-07-05;20:42:01.0000000;3310;267
4200;2023-10-07;17:01:35.0000000;1197;843
4201;2022-02-27;06:56:53.0000000;922;460
4202;2024-04-11;19:31:41.0000000;1570;464
4203;2024-05-09;05:36:53.0000000;3517;281
4204;2023-09-04;19:52:47.0000000;519;272
4205;2024-04-05;12:05:15.0000000;3261;969
4206;2024-07-13;12:22:15.0000000;3370;644
4207;2023-07-12;16:25:30.0000000;1544;575
4208;2023-04-06;09:57:35.0000000;1171;640
4209;2022-11-10;22:37:56.0000000;2707;159
4210;2023-06-18;23:55:24.0000000;3444;207
4211;2022-08-30;09:11:26.0000000;999;533
4212;2022-03-18;18:57:39.0000000;1708;372
4213;2022-05-04;04:15:48.0000000;117;511
4214;2023-07-06;17:01:42.0000000;1543;460
4215;2022-01-18;02:31:30.0000000;3046;942
4216;2023-12-25;07:32:30.0000000;1382;461
4217;2024-07-18;07:47:15.0000000;2353;912
4218;2024-03-30;00:49:39.0000000;2286;883
4219;2024-08-31;12:38:09.0000000;2534;472
4220;2023-06-26;13:44:27.0000000;221;9
4221;2024-06-18;16:20:35.0000000;537;909
4222;2024-05-13;23:57:17.0000000;721;131
4223;2024-11-29;20:37:46.0000000;1313;979
4224;2022-09-24;15:19:16.0000000;1801;166
4225;2022-03-12;03:09:22.0000000;2918;179
4226;2022-10-10;12:12:29.0000000;494;510
4227;2024-08-23;00:17:35.0000000;1615;131
4228;2024-10-28;09:47:01.0000000;2274;487
4229;2023-11-18;05:15:27.0000000;1330;518
4230;2022-12-26;16:06:18.0000000;392;305
4231;2023-08-27;08:29:53.0000000;57;758
4232;2024-06-28;07:45:47.0000000;123;855
4233;2023-02-01;20:32:24.0000000;2236;37
4234;2022-11-19;05:47:27.0000000;1576;593
4235;2022-11-09;07:22:11.0000000;3017;798
4236;2024-11-19;12:15:42.0000000;2608;863
4237;2022-01-12;02:55:32.0000000;991;320
4238;2022-01-21;20:02:46.0000000;803;53
4239;2024-06-12;16:08:17.0000000;1014;771
4240;2022-08-09;06:16:59.0000000;1076;685
4241;2022-11-27;11:54:10.0000000;349;261
4242;2022-12-30;15:09:16.0000000;104;765
4243;2024-04-08;14:07:24.0000000;433;450
4244;2024-11-06;13:42:28.0000000;2450;992
4245;2024-12-16;16:51:45.0000000;590;576
4246;2022-05-15;22:53:08.0000000;749;558
4247;2024-12-21;04:51:58.0000000;2034;343
4248;2024-06-08;14:32:24.0000000;3443;321
4249;2023-08-29;20:04:47.0000000;422;872
4250;2023-06-13;12:01:24.0000000;99;484
4251;2024-01-24;00:58:33.0000000;2002;672
4252;2023-08-19;15:08:19.0000000;2825;565
4253;2023-02-18;13:39:30.0000000;1294;166
4254;2022-01-04;03:19:00.0000000;669;253
4255;2023-10-11;22:16:00.0000000;51;133
4256;2022-07-29;22:16:39.0000000;2333;192
4257;2023-07-13;17:22:02.0000000;138;662
4258;2024-05-15;15:38:20.0000000;1414;987
4259;2024-02-02;23:24:26.0000000;2524;408
4260;2022-11-18;11:24:08.0000000;30;642
4261;2022-12-06;23:39:26.0000000;3047;936
4262;2023-07-14;21:54:09.0000000;508;306
4263;2023-04-09;23:27:42.0000000;131;654
4264;2024-02-09;16:19:19.0000000;2131;309
4265;2023-01-27;01:43:32.0000000;634;851
4266;2024-02-21;15:58:39.0000000;1504;590
4267;2024-11-07;10:04:25.0000000;898;969
4268;2022-03-17;13:32:40.0000000;577;582
4269;2022-01-19;08:08:52.0000000;2990;969
4270;2024-09-16;15:59:43.0000000;1130;372
4271;2023-12-18;14:09:17.0000000;386;898
4272;2022-06-08;00:08:52.0000000;2268;747
4273;2022-04-18;23:01:14.0000000;3062;397
4274;2024-07-07;21:49:32.0000000;2109;247
4275;2022-09-17;05:29:17.0000000;800;978
4276;2022-10-03;23:15:06.0000000;820;634
4277;2024-08-29;13:47:48.0000000;1619;514
4278;2022-01-22;11:35:37.0000000;3258;795
4279;2024-04-27;14:06:14.0000000;688;94
4280;2023-11-22;08:45:25.0000000;2967;304
4281;2022-02-25;07:52:32.0000000;1837;824
4282;2024-01-27;12:46:35.0000000;3070;808
4283;2024-09-08;23:59:09.0000000;1315;503
4284;2024-11-27;14:21:39.0000000;2497;577
4285;2024-12-12;09:49:07.0000000;828;503
4286;2023-06-25;17:22:17.0000000;1541;765
4287;2024-05-19;19:20:12.0000000;695;10
4288;2023-03-28;03:33:32.0000000;2104;434
4289;2022-01-13;12:21:21.0000000;1688;801
4290;2023-07-23;15:19:06.0000000;3396;203
4291;2024-10-18;03:00:37.0000000;1641;148
4292;2022-05-01;01:36:36.0000000;746;228
4293;2022-03-18;22:17:16.0000000;3249;481
4294;2023-03-13;00:19:43.0000000;1014;746
4295;2024-01-06;10:10:16.0000000;2700;561
4296;2022-01-05;06:11:32.0000000;604;228
4297;2023-08-27;13:56:40.0000000;49;234
4298;2022-04-10;10:21:31.0000000;54;279
4299;2023-08-22;13:36:38.0000000;1916;733
4300;2022-08-07;08:45:08.0000000;1327;392
4301;2024-07-08;11:42:57.0000000;281;738
4302;2024-03-30;22:34:13.0000000;2474;930
4303;2023-07-07;14:45:59.0000000;900;771
4304;2022-08-14;15:18:24.0000000;1148;235
4305;2023-12-03;07:45:02.0000000;3317;587
4306;2022-05-11;09:47:13.0000000;2657;581
4307;2023-10-13;16:55:44.0000000;3107;100
4308;2022-12-22;12:44:51.0000000;3341;77
4309;2022-08-30;04:30:08.0000000;817;62
4310;2024-04-25;04:55:38.0000000;2033;447
4311;2024-05-21;04:28:56.0000000;1134;3
4312;2022-07-28;07:09:04.0000000;518;539
4313;2024-10-18;22:21:03.0000000;2473;165
4314;2023-05-20;22:50:56.0000000;1578;178
4315;2024-01-24;04:15:38.0000000;97;871
4316;2023-10-25;13:34:34.0000000;2646;768
4317;2022-08-24;12:32:29.0000000;1901;788
4318;2022-04-21;03:03:45.0000000;3457;684
4319;2024-10-03;11:00:17.0000000;2195;288
4320;2022-03-22;00:58:41.0000000;1391;814
4321;2023-04-23;13:13:07.0000000;1934;452
4322;2024-06-30;01:48:12.0000000;3297;277
4323;2022-05-29;12:37:34.0000000;1242;695
4324;2024-07-02;22:00:52.0000000;3097;529
4325;2024-05-06;05:00:52.0000000;336;842
4326;2022-04-21;10:32:14.0000000;1292;287
4327;2024-12-19;11:38:17.0000000;202;620
4328;2022-02-08;11:17:10.0000000;2862;139
4329;2024-05-09;23:06:02.0000000;3486;780
4330;2022-05-08;21:53:46.0000000;1541;596
4331;2022-03-04;13:00:57.0000000;129;620
4332;2023-05-14;15:29:28.0000000;3391;952
4333;2022-12-17;12:59:52.0000000;440;67
4334;2022-05-16;10:20:32.0000000;2826;840
4335;2024-02-02;15:55:48.0000000;707;903
4336;2024-08-16;00:10:58.0000000;2975;734
4337;2024-12-17;14:20:35.0000000;2211;425
4338;2024-01-19;16:27:20.0000000;2829;977
4339;2022-05-06;05:27:26.0000000;3225;253
4340;2024-04-09;02:24:42.0000000;206;111
4341;2023-03-24;21:50:40.0000000;1090;192
4342;2023-10-27;02:24:55.0000000;2519;753
4343;2022-07-11;10:02:35.0000000;2871;354
4344;2022-10-14;23:32:05.0000000;574;671
4345;2023-07-17;21:36:10.0000000;501;443
4346;2024-05-01;15:34:25.0000000;3540;559
4347;2024-08-21;07:27:21.0000000;2402;655
4348;2024-11-20;19:17:15.0000000;1840;693
4349;2024-02-24;02:00:28.0000000;2171;692
4350;2023-03-14;15:16:26.0000000;1967;811
4351;2024-09-23;17:47:15.0000000;1159;407
4352;2024-06-04;17:28:51.0000000;3003;921
4353;2023-03-26;16:15:04.0000000;386;741
4354;2024-10-07;00:26:26.0000000;1223;369
4355;2023-06-26;00:25:02.0000000;2297;886
4356;2023-01-26;00:33:08.0000000;2660;576
4357;2024-02-18;20:21:46.0000000;329;370
4358;2022-01-18;11:52:42.0000000;2035;30
4359;2022-03-26;20:42:25.0000000;63;41
4360;2024-12-17;11:09:34.0000000;3362;437
4361;2024-06-25;22:42:53.0000000;2007;903
4362;2023-09-17;01:03:56.0000000;864;125
4363;2023-02-18;17:31:55.0000000;2171;423
4364;2023-01-21;03:42:49.0000000;1293;337
4365;2022-12-15;06:21:28.0000000;1869;340
4366;2023-04-09;16:37:14.0000000;2076;784
4367;2024-04-11;18:56:48.0000000;542;32
4368;2022-01-31;14:18:22.0000000;1499;770
4369;2022-02-04;06:54:37.0000000;1863;796
4370;2024-08-21;23:38:59.0000000;841;612
4371;2023-02-09;22:06:10.0000000;291;593
4372;2022-04-22;15:51:16.0000000;682;705
4373;2024-03-04;00:04:28.0000000;3572;890
4374;2023-01-20;04:50:00.0000000;428;421
4375;2022-02-25;17:54:44.0000000;3598;759
4376;2024-10-13;19:11:29.0000000;461;416
4377;2024-07-12;14:33:47.0000000;1897;639
4378;2024-05-18;18:34:36.0000000;127;911
4379;2024-09-13;07:01:23.0000000;2184;166
4380;2024-06-06;03:46:08.0000000;1097;949
4381;2022-11-30;17:54:32.0000000;2264;933
4382;2024-06-26;08:54:38.0000000;1777;833
4383;2023-07-17;06:38:52.0000000;1635;664
4384;2024-04-18;14:35:08.0000000;2090;112
4385;2023-05-15;12:01:04.0000000;1817;789
4386;2023-02-05;13:52:48.0000000;410;235
4387;2023-10-17;20:50:35.0000000;1576;824
4388;2022-10-28;17:31:10.0000000;1214;183
4389;2022-10-21;18:05:53.0000000;733;666
4390;2024-01-05;07:08:28.0000000;2179;763
4391;2022-03-26;23:05:25.0000000;2134;668
4392;2022-05-18;06:12:55.0000000;2800;280
4393;2024-06-26;20:44:41.0000000;1029;297
4394;2024-03-07;21:28:33.0000000;481;679
4395;2023-07-18;12:10:03.0000000;156;960
4396;2024-08-06;13:46:05.0000000;987;706
4397;2022-04-11;08:17:10.0000000;423;611
4398;2022-05-02;00:25:29.0000000;2550;651
4399;2022-07-01;10:38:08.0000000;1619;558
4400;2023-04-02;12:48:47.0000000;3016;224
4401;2022-10-20;08:15:55.0000000;852;492
4402;2024-01-26;19:33:44.0000000;843;697
4403;2022-12-21;01:38:00.0000000;1189;241
4404;2023-12-17;03:54:55.0000000;3015;147
4405;2023-06-21;23:35:51.0000000;768;919
4406;2023-07-14;21:59:24.0000000;2879;792
4407;2022-05-07;10:10:43.0000000;3037;157
4408;2022-04-17;07:40:28.0000000;2827;768
4409;2024-12-09;03:47:22.0000000;1300;590
4410;2022-06-03;01:35:42.0000000;777;48
4411;2023-06-29;13:37:31.0000000;1874;326
4412;2023-03-15;00:01:32.0000000;62;289
4413;2024-02-29;01:03:36.0000000;1378;73
4414;2023-01-15;01:32:12.0000000;1090;308
4415;2023-07-01;13:33:45.0000000;2792;381
4416;2023-10-07;01:33:20.0000000;1452;387
4417;2023-08-02;09:26:25.0000000;14;355
4418;2022-04-19;02:21:56.0000000;1023;684
4419;2024-12-10;15:35:35.0000000;195;282
4420;2023-01-22;04:30:52.0000000;2795;425
4421;2022-01-20;13:29:31.0000000;945;920
4422;2024-05-04;01:23:41.0000000;695;482
4423;2022-12-03;14:24:55.0000000;394;747
4424;2023-01-16;07:39:24.0000000;3302;408
4425;2022-05-16;18:37:51.0000000;2019;299
4426;2022-01-15;17:31:41.0000000;1064;654
4427;2024-05-28;18:10:20.0000000;1502;300
4428;2024-03-27;09:28:34.0000000;3400;750
4429;2024-08-23;23:07:18.0000000;2918;754
4430;2023-01-16;05:26:28.0000000;2131;849
4431;2023-11-13;20:32:30.0000000;471;369
4432;2024-05-18;04:30:54.0000000;2137;306
4433;2022-05-12;09:57:59.0000000;1690;409
4434;2024-06-06;17:59:15.0000000;590;111
4435;2024-01-21;10:25:52.0000000;136;58
4436;2024-10-08;09:55:25.0000000;3045;353
4437;2023-05-31;07:38:42.0000000;855;845
4438;2024-04-10;06:39:46.0000000;1557;843
4439;2023-04-15;17:35:38.0000000;1131;816
4440;2022-06-02;21:01:39.0000000;1850;344
4441;2022-10-10;20:50:16.0000000;1096;811
4442;2024-10-08;12:18:11.0000000;1366;431
4443;2024-01-24;06:40:06.0000000;1719;504
4444;2022-07-03;07:04:44.0000000;790;462
4445;2022-11-30;11:11:50.0000000;2140;628
4446;2023-11-17;23:40:16.0000000;2518;526
4447;2024-07-30;02:10:41.0000000;3267;665
4448;2022-05-13;22:53:24.0000000;3256;572
4449;2024-05-04;12:04:30.0000000;461;451
4450;2022-09-01;10:25:33.0000000;2817;884
4451;2024-06-15;22:11:54.0000000;2799;152
4452;2023-03-07;18:40:32.0000000;1196;496
4453;2024-05-04;01:06:49.0000000;2731;367
4454;2023-06-09;12:19:37.0000000;2004;1000
4455;2024-01-13;06:34:36.0000000;3285;776
4456;2023-01-14;00:20:26.0000000;1869;253
4457;2022-06-30;04:07:26.0000000;1169;728
4458;2024-02-27;09:26:45.0000000;227;4
4459;2022-08-09;17:11:44.0000000;30;393
4460;2022-06-14;15:19:36.0000000;2714;531
4461;2022-11-01;20:22:47.0000000;1039;392
4462;2023-09-14;20:36:32.0000000;1170;809
4463;2023-10-14;09:47:26.0000000;3159;633
4464;2023-05-31;02:51:02.0000000;362;52
4465;2023-05-21;11:00:58.0000000;3012;891
4466;2024-06-03;20:12:24.0000000;2407;991
4467;2023-06-25;10:10:55.0000000;906;198
4468;2024-03-17;14:12:27.0000000;1462;875
4469;2023-02-14;08:52:55.0000000;2789;847
4470;2023-07-01;12:17:18.0000000;1644;195
4471;2024-08-26;23:33:22.0000000;1080;499
4472;2022-07-04;03:37:27.0000000;1282;1006
4473;2024-09-02;23:29:58.0000000;1795;489
4474;2022-01-18;10:23:01.0000000;2378;502
4475;2023-01-02;00:43:04.0000000;3154;951
4476;2023-03-27;19:39:18.0000000;565;375
4477;2022-10-06;05:44:40.0000000;827;438
4478;2022-05-28;20:38:39.0000000;360;303
4479;2024-02-19;02:18:25.0000000;2583;291
4480;2023-12-18;12:51:19.0000000;761;155
4481;2022-09-06;15:42:49.0000000;3597;844
4482;2023-06-08;19:20:17.0000000;577;465
4483;2022-05-27;19:03:54.0000000;2853;442
4484;2022-06-25;15:47:28.0000000;2816;564
4485;2024-12-03;21:25:20.0000000;1460;571
4486;2024-02-07;13:17:56.0000000;1732;542
4487;2022-02-05;09:36:30.0000000;123;390
4488;2023-03-17;11:09:30.0000000;3150;828
4489;2024-05-09;02:14:43.0000000;3105;17
4490;2023-06-28;14:33:20.0000000;1248;105
4491;2024-09-16;18:13:33.0000000;2107;105
4492;2023-10-14;15:56:41.0000000;2553;387
4493;2023-10-19;23:17:40.0000000;2326;783
4494;2022-12-29;02:52:12.0000000;3103;446
4495;2023-05-10;07:21:34.0000000;1660;729
4496;2023-09-19;05:05:53.0000000;3317;924
4497;2024-04-24;16:54:20.0000000;3447;862
4498;2022-11-05;23:52:40.0000000;234;278
4499;2022-11-21;21:47:05.0000000;2671;359
4500;2024-12-07;20:56:55.0000000;2444;209
4501;2022-11-12;02:32:28.0000000;1200;215
4502;2022-09-04;03:21:29.0000000;2838;483
4503;2023-12-08;13:05:09.0000000;259;589
4504;2022-02-16;03:01:43.0000000;2404;668
4505;2022-04-15;07:13:05.0000000;2946;106
4506;2022-07-02;22:55:49.0000000;849;845
4507;2022-01-24;10:55:32.0000000;2312;1003
4508;2022-07-29;16:39:28.0000000;925;203
4509;2023-09-07;17:27:54.0000000;2583;461
4510;2024-10-09;13:43:00.0000000;36;18
4511;2024-07-01;18:56:31.0000000;2827;449
4512;2024-11-01;18:42:18.0000000;285;13
4513;2023-05-05;05:32:42.0000000;2483;249
4514;2022-05-11;22:45:11.0000000;406;881
4515;2022-12-24;06:57:38.0000000;434;571
4516;2023-12-15;12:30:48.0000000;3420;509
4517;2024-06-13;21:17:13.0000000;1610;793
4518;2023-05-17;11:34:05.0000000;508;909
4519;2023-04-01;21:04:43.0000000;1991;714
4520;2023-04-14;17:54:41.0000000;972;666
4521;2024-03-01;12:32:27.0000000;3375;14
4522;2022-11-04;04:09:52.0000000;1808;182
4523;2023-03-09;00:51:25.0000000;1780;305
4524;2024-10-15;09:21:54.0000000;98;29
4525;2023-11-04;10:01:17.0000000;3362;821
4526;2022-01-22;07:03:35.0000000;2105;251
4527;2023-07-20;10:16:00.0000000;1960;390
4528;2024-12-25;16:13:30.0000000;1195;89
4529;2022-01-23;02:27:59.0000000;2421;839
4530;2024-03-17;01:02:55.0000000;2744;585
4531;2022-09-09;03:32:23.0000000;1590;491
4532;2024-11-23;03:08:41.0000000;1717;377
4533;2022-04-25;05:36:42.0000000;124;455
4534;2024-10-25;09:01:53.0000000;502;889
4535;2024-09-24;22:10:02.0000000;55;193
4536;2024-12-16;19:56:22.0000000;149;299
4537;2023-09-04;12:45:40.0000000;184;571
4538;2024-12-13;06:11:19.0000000;580;647
4539;2022-10-25;18:33:55.0000000;2971;458
4540;2024-07-14;11:40:24.0000000;47;79
4541;2023-06-14;00:45:34.0000000;2060;52
4542;2024-01-13;07:28:26.0000000;1438;270
4543;2023-06-08;20:32:42.0000000;2111;395
4544;2023-08-12;01:37:01.0000000;2696;76
4545;2024-12-09;12:42:49.0000000;2696;543
4546;2023-02-03;05:07:47.0000000;1892;541
4547;2023-07-23;08:03:09.0000000;3225;606
4548;2022-12-04;07:45:41.0000000;1623;855
4549;2022-12-13;02:51:26.0000000;3447;5
4550;2023-05-20;17:33:38.0000000;1942;982
4551;2023-07-26;05:26:14.0000000;748;576
4552;2024-08-14;20:51:03.0000000;2086;364
4553;2022-07-12;16:28:32.0000000;540;741
4554;2022-11-04;17:10:17.0000000;2388;702
4555;2023-04-30;01:43:41.0000000;2539;75
4556;2024-11-27;00:22:38.0000000;194;293
4557;2022-08-29;10:49:52.0000000;3011;81
4558;2023-12-28;05:59:10.0000000;405;962
4559;2024-08-12;01:46:11.0000000;2792;847
4560;2023-06-30;10:15:11.0000000;3122;437
4561;2023-09-06;15:52:31.0000000;3321;891
4562;2024-02-05;07:20:29.0000000;722;281
4563;2023-09-14;18:24:01.0000000;1730;376
4564;2022-02-11;09:04:54.0000000;2516;333
4565;2023-08-03;23:15:06.0000000;163;483
4566;2022-09-17;17:34:44.0000000;3136;431
4567;2023-10-11;09:43:44.0000000;2595;686
4568;2022-05-01;10:48:52.0000000;722;64
4569;2023-11-10;11:29:17.0000000;2871;495
4570;2023-04-09;10:42:39.0000000;555;738
4571;2024-01-27;15:08:09.0000000;828;824
4572;2023-11-22;07:09:41.0000000;2021;721
4573;2023-08-31;14:07:07.0000000;1181;124
4574;2022-08-01;05:23:14.0000000;3049;299
4575;2022-08-14;04:51:19.0000000;3343;157
4576;2024-10-26;05:38:09.0000000;3245;533
4577;2022-04-14;03:30:16.0000000;2394;179
4578;2023-12-24;06:20:27.0000000;2748;631
4579;2022-01-22;10:34:09.0000000;146;469
4580;2024-03-21;21:58:33.0000000;31;965
4581;2023-04-20;10:26:24.0000000;1681;978
4582;2022-09-23;02:37:52.0000000;3550;707
4583;2023-10-12;08:14:35.0000000;769;875
4584;2024-12-18;07:16:39.0000000;788;76
4585;2023-04-16;01:10:50.0000000;3399;163
4586;2023-10-17;22:13:37.0000000;1452;733
4587;2024-04-17;02:20:06.0000000;2298;914
4588;2023-04-19;09:28:29.0000000;285;949
4589;2023-02-16;02:41:43.0000000;2571;75
4590;2023-03-10;22:42:50.0000000;300;710
4591;2024-08-19;01:28:17.0000000;530;488
4592;2023-12-31;12:50:23.0000000;423;695
4593;2022-10-18;07:17:17.0000000;954;3
4594;2022-07-14;16:09:12.0000000;2224;303
4595;2022-02-05;11:38:55.0000000;927;852
4596;2023-11-12;10:17:26.0000000;3402;760
4597;2022-07-26;05:14:04.0000000;2890;927
4598;2023-11-30;16:33:28.0000000;3583;724
4599;2022-02-22;02:27:18.0000000;1189;938
4600;2023-02-20;15:05:47.0000000;2366;940
4601;2022-02-08;16:29:47.0000000;2130;605
4602;2022-01-09;03:48:55.0000000;1288;154
4603;2022-05-18;19:04:34.0000000;242;678
4604;2023-09-24;23:53:21.0000000;464;905
4605;2024-10-15;16:29:30.0000000;1087;158
4606;2024-10-06;18:18:20.0000000;1394;16
4607;2024-11-08;19:01:27.0000000;831;444
4608;2022-09-19;02:38:59.0000000;3142;622
4609;2024-07-01;23:50:16.0000000;846;678
4610;2024-08-12;18:32:56.0000000;3015;397
4611;2024-07-24;15:57:58.0000000;3112;87
4612;2022-12-21;14:33:13.0000000;2031;448
4613;2023-04-27;01:24:33.0000000;2319;990
4614;2024-03-20;03:51:46.0000000;3430;681
4615;2022-10-12;08:35:32.0000000;299;339
4616;2022-03-11;15:52:55.0000000;3038;758
4617;2023-05-23;11:13:14.0000000;340;588
4618;2023-01-15;22:22:09.0000000;540;180
4619;2023-02-23;15:36:04.0000000;180;329
4620;2023-01-07;02:57:23.0000000;2044;180
4621;2023-11-12;22:02:27.0000000;2673;962
4622;2023-03-06;11:20:21.0000000;1966;143
4623;2023-08-15;15:40:08.0000000;3490;906
4624;2024-08-24;10:13:16.0000000;236;330
4625;2024-07-08;17:10:18.0000000;3212;778
4626;2024-02-07;11:35:19.0000000;2500;669
4627;2023-07-22;16:50:33.0000000;2810;269
4628;2024-03-03;21:40:19.0000000;1984;426
4629;2023-09-24;02:31:49.0000000;3146;442
4630;2023-08-08;16:40:26.0000000;522;91
4631;2022-09-11;00:29:42.0000000;1758;311
4632;2024-06-15;04:56:58.0000000;483;335
4633;2022-11-18;10:25:53.0000000;2531;530
4634;2024-08-18;18:16:08.0000000;803;569
4635;2024-02-05;10:07:00.0000000;247;652
4636;2023-03-19;03:20:29.0000000;386;493
4637;2024-07-20;16:40:43.0000000;940;924
4638;2022-02-26;03:02:36.0000000;3092;911
4639;2022-04-08;10:36:09.0000000;197;1004
4640;2022-09-13;15:45:15.0000000;2958;728
4641;2024-06-06;21:03:16.0000000;242;199
4642;2023-04-05;10:53:23.0000000;529;279
4643;2023-05-27;22:58:02.0000000;1167;621
4644;2023-07-12;19:00:22.0000000;1442;624
4645;2024-03-23;14:44:22.0000000;1010;90
4646;2024-07-21;17:21:15.0000000;2492;1008
4647;2024-01-21;16:28:05.0000000;2703;64
4648;2024-06-01;07:10:28.0000000;324;624
4649;2022-01-30;02:06:23.0000000;2236;808
4650;2022-09-03;22:23:05.0000000;2898;997
4651;2023-10-09;01:38:49.0000000;3527;605
4652;2024-12-18;21:12:24.0000000;2930;792
4653;2024-04-25;12:09:23.0000000;1512;492
4654;2023-10-21;07:48:45.0000000;3569;362
4655;2023-12-08;07:02:47.0000000;1105;442
4656;2024-01-16;07:22:45.0000000;2227;13
4657;2024-01-03;12:52:39.0000000;231;770
4658;2024-01-19;04:15:48.0000000;1692;355
4659;2023-05-21;00:43:59.0000000;1155;201
4660;2023-04-27;23:21:53.0000000;571;701
4661;2022-08-23;10:46:12.0000000;1259;999
4662;2024-02-25;10:12:40.0000000;512;231
4663;2022-07-06;04:39:51.0000000;3353;15
4664;2022-03-01;18:31:43.0000000;972;761
4665;2024-10-14;19:07:41.0000000;3140;572
4666;2022-07-24;16:27:34.0000000;477;158
4667;2024-06-17;12:17:21.0000000;3435;1011
4668;2024-10-30;07:33:37.0000000;1148;510
4669;2024-06-30;13:19:43.0000000;1240;887
4670;2024-04-14;09:46:33.0000000;1153;895
4671;2024-06-09;19:34:41.0000000;2038;212
4672;2022-08-30;22:18:52.0000000;1577;769
4673;2023-11-12;07:43:48.0000000;191;347
4674;2024-02-24;05:46:07.0000000;1563;509
4675;2024-08-03;07:13:41.0000000;1775;307
4676;2023-06-23;23:04:44.0000000;2715;515
4677;2024-11-19;02:30:57.0000000;2228;907
4678;2022-06-03;23:03:08.0000000;116;657
4679;2022-11-08;08:42:28.0000000;1387;620
4680;2024-01-26;14:02:43.0000000;3095;790
4681;2024-02-11;03:32:18.0000000;3111;790
4682;2024-02-18;12:20:26.0000000;2982;265
4683;2023-11-29;00:38:51.0000000;3556;568
4684;2023-01-27;03:34:15.0000000;2996;967
4685;2022-05-19;04:38:38.0000000;457;756
4686;2022-02-17;21:50:37.0000000;2964;419
4687;2024-09-30;21:30:21.0000000;2200;243
4688;2023-10-24;15:46:06.0000000;2355;804
4689;2022-04-20;07:29:50.0000000;2135;50
4690;2023-10-05;09:22:34.0000000;1571;64
4691;2023-09-22;12:48:07.0000000;985;915
4692;2024-09-02;08:17:23.0000000;72;543
4693;2024-05-22;01:10:20.0000000;2805;368
4694;2022-04-25;05:10:43.0000000;1033;741
4695;2024-03-04;04:10:16.0000000;1392;1003
4696;2022-05-26;02:04:46.0000000;168;803
4697;2024-12-07;14:47:46.0000000;1491;298
4698;2022-10-04;12:02:36.0000000;1036;848
4699;2024-03-09;19:23:29.0000000;519;253
4700;2023-04-21;17:17:22.0000000;2716;612
4701;2022-06-02;04:30:04.0000000;1093;607
4702;2022-02-23;20:21:16.0000000;1905;182
4703;2023-01-10;12:01:01.0000000;46;336
4704;2024-01-22;18:45:18.0000000;1479;608
4705;2024-03-28;18:06:58.0000000;3468;873
4706;2024-03-19;19:36:02.0000000;1683;258
4707;2024-05-05;14:24:53.0000000;335;612
4708;2023-12-23;19:32:09.0000000;2509;813
4709;2024-05-07;06:16:38.0000000;272;696
4710;2024-05-15;19:09:48.0000000;1066;514
4711;2024-10-30;17:25:04.0000000;3569;951
4712;2022-01-18;15:15:00.0000000;941;465
4713;2022-01-04;15:15:41.0000000;3578;295
4714;2023-04-05;21:06:35.0000000;213;489
4715;2024-08-30;08:17:50.0000000;2691;996
4716;2024-01-31;22:37:32.0000000;2813;202
4717;2022-08-01;12:02:56.0000000;1813;865
4718;2023-12-07;21:17:17.0000000;181;725
4719;2022-04-24;18:56:31.0000000;943;507
4720;2023-12-30;15:41:46.0000000;2936;319
4721;2023-06-30;10:57:09.0000000;1064;506
4722;2024-07-10;12:34:43.0000000;3470;544
4723;2023-11-07;02:24:55.0000000;2952;514
4724;2022-02-19;13:17:05.0000000;971;647
4725;2024-06-02;00:53:32.0000000;327;543
4726;2022-09-07;23:23:57.0000000;473;284
4727;2024-07-14;11:15:08.0000000;980;278
4728;2024-08-31;13:16:55.0000000;2346;281
4729;2024-10-21;01:46:09.0000000;3379;653
4730;2022-01-28;18:04:03.0000000;2639;652
4731;2024-05-29;06:54:37.0000000;1169;198
4732;2024-06-05;13:27:43.0000000;1347;261
4733;2022-03-24;22:59:35.0000000;1485;563
4734;2023-11-13;17:17:47.0000000;1681;518
4735;2023-03-31;15:49:37.0000000;1214;608
4736;2022-11-30;20:35:13.0000000;666;373
4737;2023-07-19;14:31:33.0000000;1201;529
4738;2023-09-04;09:57:28.0000000;2431;994
4739;2024-10-19;15:43:53.0000000;2504;608
4740;2024-04-22;01:54:44.0000000;1292;695
4741;2022-03-13;19:53:15.0000000;3208;417
4742;2022-06-11;08:31:59.0000000;2391;624
4743;2023-01-15;07:31:23.0000000;890;521
4744;2022-08-22;23:22:33.0000000;2396;786
4745;2024-04-07;18:41:56.0000000;2984;145
4746;2022-05-21;20:09:45.0000000;3133;214
4747;2022-03-21;22:20:32.0000000;326;995
4748;2024-01-24;06:04:54.0000000;2072;458
4749;2024-09-28;12:00:49.0000000;2255;713
4750;2024-08-23;01:20:38.0000000;3012;267
4751;2022-06-19;19:50:33.0000000;2171;266
4752;2022-03-24;06:55:27.0000000;1944;321
4753;2022-02-14;23:31:27.0000000;1816;318
4754;2022-03-10;08:35:10.0000000;808;313
4755;2024-08-22;06:24:04.0000000;1009;86
4756;2024-09-28;14:31:15.0000000;3282;760
4757;2022-02-14;22:10:56.0000000;1877;609
4758;2024-03-12;23:08:37.0000000;482;536
4759;2024-10-23;10:04:24.0000000;3011;768
4760;2023-06-16;09:51:08.0000000;336;95
4761;2023-06-15;20:11:22.0000000;2081;569
4762;2024-10-09;12:58:18.0000000;1493;885
4763;2022-05-08;12:57:23.0000000;953;479
4764;2024-09-09;19:16:27.0000000;1725;760
4765;2024-11-01;07:46:19.0000000;3400;750
4766;2024-04-05;11:32:50.0000000;2212;255
4767;2022-07-14;02:35:43.0000000;1679;19
4768;2022-06-05;23:22:07.0000000;575;739
4769;2024-02-26;14:31:14.0000000;3269;1009
4770;2023-12-07;08:10:51.0000000;1295;937
4771;2024-01-02;18:01:07.0000000;1683;183
4772;2022-01-20;09:08:13.0000000;617;12
4773;2024-07-02;17:47:49.0000000;2601;487
4774;2024-11-08;09:26:29.0000000;746;314
4775;2024-12-17;09:56:20.0000000;693;836
4776;2022-12-15;08:59:22.0000000;1088;381
4777;2023-03-25;18:46:58.0000000;1934;853
4778;2022-06-01;00:58:55.0000000;3571;268
4779;2022-03-09;12:48:20.0000000;1777;595
4780;2024-07-15;00:17:11.0000000;693;324
4781;2024-07-07;23:05:21.0000000;2119;701
4782;2022-01-20;01:08:42.0000000;1599;300
4783;2024-05-16;10:55:20.0000000;532;653
4784;2024-06-14;13:36:24.0000000;2291;505
4785;2024-12-05;07:20:27.0000000;1211;77
4786;2022-10-01;19:45:44.0000000;3388;39
4787;2022-05-24;01:39:48.0000000;2503;806
4788;2023-10-24;15:58:44.0000000;2968;306
4789;2024-10-15;22:32:45.0000000;3035;162
4790;2022-11-06;14:46:26.0000000;1848;649
4791;2023-06-27;02:26:32.0000000;1852;876
4792;2023-11-14;21:24:13.0000000;3113;837
4793;2022-11-29;13:09:00.0000000;561;770
4794;2024-11-07;21:58:46.0000000;3147;761
4795;2023-08-02;12:32:16.0000000;3369;364
4796;2024-06-03;05:44:59.0000000;633;906
4797;2022-10-25;08:31:13.0000000;2439;761
4798;2022-07-25;09:21:24.0000000;2669;466
4799;2024-03-21;11:16:11.0000000;1322;282
4800;2023-01-27;08:10:39.0000000;2093;914
4801;2023-07-05;17:16:35.0000000;3176;721
4802;2022-10-21;13:40:05.0000000;1227;503
4803;2022-03-01;13:16:42.0000000;207;812
4804;2024-06-26;17:09:44.0000000;2161;135
4805;2023-11-20;05:59:44.0000000;3467;321
4806;2024-08-02;16:38:24.0000000;1332;316
4807;2022-04-18;06:09:14.0000000;3111;438
4808;2023-02-28;05:37:26.0000000;596;866
4809;2023-02-15;12:09:32.0000000;3019;276
4810;2024-06-09;03:32:36.0000000;2136;755
4811;2023-10-05;21:39:50.0000000;2530;770
4812;2024-03-08;15:21:43.0000000;1432;180
4813;2023-03-28;04:26:27.0000000;495;22
4814;2023-06-26;16:42:58.0000000;2003;490
4815;2023-04-05;10:38:26.0000000;703;534
4816;2022-02-22;12:15:15.0000000;1072;963
4817;2023-12-21;10:54:12.0000000;444;725
4818;2022-05-01;05:38:03.0000000;1151;142
4819;2023-11-16;10:12:32.0000000;857;807
4820;2024-04-29;14:20:10.0000000;2093;814
4821;2024-08-01;09:15:24.0000000;2461;912
4822;2024-01-18;09:56:13.0000000;2221;32
4823;2022-01-21;00:08:37.0000000;809;843
4824;2024-07-24;19:55:18.0000000;3419;756
4825;2023-05-25;19:16:50.0000000;842;957
4826;2022-02-17;16:38:03.0000000;2349;311
4827;2024-05-15;23:36:04.0000000;1832;394
4828;2023-12-31;14:53:40.0000000;3413;793
4829;2024-04-10;22:15:00.0000000;458;116
4830;2022-03-02;02:39:27.0000000;1780;337
4831;2024-04-25;03:38:21.0000000;365;945
4832;2024-01-16;21:35:46.0000000;3006;828
4833;2023-01-15;04:37:28.0000000;1458;849
4834;2022-02-19;07:06:15.0000000;3259;86
4835;2023-10-13;22:07:41.0000000;314;703
4836;2022-02-02;23:58:53.0000000;2086;989
4837;2024-11-04;14:43:00.0000000;1867;65
4838;2023-03-04;06:35:42.0000000;3192;264
4839;2024-09-01;07:11:08.0000000;2827;196
4840;2023-08-03;04:59:51.0000000;167;523
4841;2022-10-03;21:30:50.0000000;2898;645
4842;2024-12-05;00:22:27.0000000;789;10
4843;2022-09-10;23:28:47.0000000;3440;211
4844;2024-08-08;21:02:06.0000000;2608;711
4845;2024-06-06;11:11:36.0000000;570;83
4846;2024-01-14;22:46:26.0000000;3582;935
4847;2022-11-14;10:00:35.0000000;811;931
4848;2023-07-28;15:26:29.0000000;630;726
4849;2022-05-15;19:24:29.0000000;776;642
4850;2022-07-16;12:00:59.0000000;549;278
4851;2024-12-02;21:42:27.0000000;3597;70
4852;2024-05-29;23:47:49.0000000;2124;359
4853;2024-11-28;01:40:52.0000000;1788;22
4854;2023-01-17;11:33:35.0000000;2294;362
4855;2024-10-28;16:02:56.0000000;2918;405
4856;2024-03-10;21:53:49.0000000;1722;857
4857;2022-02-05;11:43:00.0000000;1567;538
4858;2022-02-27;07:26:59.0000000;2622;467
4859;2024-02-20;19:02:13.0000000;2182;448
4860;2023-07-28;10:06:36.0000000;1239;760
4861;2023-02-28;09:47:13.0000000;1206;345
4862;2022-09-14;11:07:37.0000000;3273;64
4863;2022-05-26;23:43:57.0000000;1472;1
4864;2022-07-19;07:20:09.0000000;1220;563
4865;2024-11-23;15:31:53.0000000;470;566
4866;2024-03-16;07:03:20.0000000;1841;622
4867;2023-10-29;13:53:08.0000000;2723;107
4868;2024-11-03;20:04:07.0000000;731;781
4869;2023-03-05;17:57:59.0000000;1316;194
4870;2023-03-08;06:18:46.0000000;2864;791
4871;2024-05-27;20:14:33.0000000;534;355
4872;2022-06-29;07:20:17.0000000;3306;645
4873;2022-12-13;16:38:52.0000000;1697;602
4874;2022-12-23;11:46:59.0000000;1201;631
4875;2023-06-22;18:53:08.0000000;891;737
4876;2024-04-01;15:22:29.0000000;2313;400
4877;2022-09-26;02:23:43.0000000;2774;955
4878;2022-01-01;06:43:17.0000000;1613;485
4879;2022-01-17;19:27:19.0000000;1642;449
4880;2022-11-28;07:28:46.0000000;233;315
4881;2024-03-15;13:29:43.0000000;2992;429
4882;2022-11-25;17:22:27.0000000;2616;212
4883;2024-05-14;16:56:35.0000000;1843;309
4884;2022-11-16;07:39:02.0000000;2354;9
4885;2023-11-09;12:55:58.0000000;854;95
4886;2024-04-03;21:18:51.0000000;2522;354
4887;2022-11-07;04:23:34.0000000;539;757
4888;2024-09-27;00:03:30.0000000;91;765
4889;2022-12-12;05:18:25.0000000;1563;294
4890;2024-07-17;16:23:17.0000000;2896;342
4891;2023-05-30;22:16:16.0000000;1454;778
4892;2022-06-14;15:16:13.0000000;2692;964
4893;2022-05-28;14:55:37.0000000;872;156
4894;2024-09-04;14:52:02.0000000;822;561
4895;2022-09-12;21:47:47.0000000;2204;916
4896;2022-02-10;20:42:55.0000000;2950;614
4897;2022-04-20;04:54:28.0000000;3292;163
4898;2024-12-13;01:37:40.0000000;1541;1005
4899;2024-03-01;17:49:30.0000000;893;893
4900;2023-12-25;22:11:41.0000000;1028;367
4901;2022-12-03;08:46:03.0000000;3473;796
4902;2022-07-13;01:39:16.0000000;2166;370
4903;2024-09-01;05:30:09.0000000;1639;820
4904;2024-06-21;11:35:58.0000000;652;311
4905;2023-01-28;07:46:51.0000000;109;665
4906;2022-01-02;12:00:48.0000000;3173;850
4907;2022-03-05;13:21:16.0000000;1125;516
4908;2022-01-25;14:36:58.0000000;3221;250
4909;2023-10-14;02:51:19.0000000;1651;430
4910;2024-04-05;12:03:11.0000000;3043;172
4911;2024-03-24;06:11:35.0000000;357;719
4912;2022-06-18;20:18:02.0000000;2076;228
4913;2023-12-30;17:56:51.0000000;70;62
4914;2023-08-26;06:24:26.0000000;631;30
4915;2024-11-25;00:00:10.0000000;2419;814
4916;2023-07-30;02:26:18.0000000;3415;558
4917;2022-02-07;06:33:59.0000000;1288;946
4918;2024-03-23;04:34:15.0000000;2108;668
4919;2023-11-02;10:06:09.0000000;1132;893
4920;2024-12-22;21:03:39.0000000;418;350
4921;2022-09-28;17:08:31.0000000;2697;782
4922;2023-06-20;05:33:44.0000000;1552;924
4923;2022-01-14;23:34:51.0000000;391;255
4924;2022-04-28;21:50:04.0000000;1674;463
4925;2023-03-26;13:53:37.0000000;1989;748
4926;2024-03-20;17:54:50.0000000;2888;44
4927;2023-10-15;03:18:33.0000000;1011;25
4928;2024-09-20;16:40:00.0000000;2045;93
4929;2023-08-13;09:16:31.0000000;1536;603
4930;2024-02-29;08:25:26.0000000;453;442
4931;2022-05-15;05:19:40.0000000;2376;328
4932;2023-01-11;21:09:28.0000000;3168;40
4933;2024-09-03;00:16:59.0000000;1524;79
4934;2022-02-24;09:44:39.0000000;456;939
4935;2024-11-08;21:37:44.0000000;598;106
4936;2023-07-02;12:45:46.0000000;2307;488
4937;2022-01-04;13:58:59.0000000;3552;871
4938;2023-08-13;05:46:31.0000000;1033;433
4939;2024-09-12;02:43:58.0000000;1661;767
4940;2023-11-14;05:57:52.0000000;1949;297
4941;2024-01-14;23:46:46.0000000;3449;948
4942;2024-06-28;16:39:08.0000000;962;550
4943;2023-09-09;12:20:53.0000000;2031;498
4944;2022-03-12;03:14:51.0000000;1285;607
4945;2022-11-27;16:12:21.0000000;626;69
4946;2024-08-29;00:29:59.0000000;2832;70
4947;2022-08-17;08:34:01.0000000;1675;57
4948;2024-10-13;11:01:50.0000000;2837;535
4949;2023-03-29;23:52:21.0000000;2313;991
4950;2022-03-18;17:10:15.0000000;2057;698
4951;2024-06-13;14:05:36.0000000;2680;783
4952;2024-06-11;22:04:54.0000000;1899;112
4953;2023-05-24;06:28:11.0000000;2282;4
4954;2023-06-16;18:10:52.0000000;440;3
4955;2024-08-08;23:57:40.0000000;327;212
4956;2024-12-08;06:26:12.0000000;3110;473
4957;2022-10-17;10:30:40.0000000;2139;626
4958;2022-12-24;12:16:27.0000000;818;999
4959;2023-02-16;11:24:20.0000000;475;772
4960;2024-02-21;13:59:34.0000000;1747;998
4961;2024-02-01;18:02:49.0000000;2574;384
4962;2024-08-29;14:32:42.0000000;582;279
4963;2024-03-31;03:41:32.0000000;1645;1005
4964;2024-02-15;14:07:14.0000000;491;261
4965;2023-07-25;00:42:44.0000000;2958;574
4966;2022-06-28;06:37:37.0000000;1330;435
4967;2022-06-01;10:26:33.0000000;1532;4
4968;2022-12-28;11:00:53.0000000;689;532
4969;2022-02-14;20:18:14.0000000;2153;146
4970;2022-07-12;08:42:01.0000000;2524;241
4971;2024-02-17;05:38:44.0000000;2486;565
4972;2023-09-27;21:49:32.0000000;1905;137
4973;2024-01-02;11:53:33.0000000;1362;338
4974;2022-09-28;09:47:14.0000000;2157;639
4975;2023-12-05;09:16:10.0000000;1311;966
4976;2022-10-11;05:49:06.0000000;625;954
4977;2024-07-21;19:11:04.0000000;32;354
4978;2023-03-16;17:19:51.0000000;778;797
4979;2023-11-14;17:07:49.0000000;394;258
4980;2022-07-19;13:38:28.0000000;1365;399
4981;2022-07-19;07:09:36.0000000;2569;46
4982;2022-12-30;15:12:57.0000000;650;211
4983;2022-08-10;10:42:14.0000000;2616;236
4984;2022-03-31;14:03:49.0000000;935;126
4985;2023-03-15;15:07:16.0000000;67;640
4986;2023-12-25;17:09:04.0000000;1174;552
4987;2022-08-02;16:26:40.0000000;2997;530
4988;2023-03-08;20:22:24.0000000;2567;673
4989;2022-09-22;04:52:59.0000000;1053;846
4990;2023-10-04;14:50:34.0000000;2637;951
4991;2023-10-06;03:25:15.0000000;2437;872
4992;2024-10-01;15:03:10.0000000;3002;872
4993;2022-09-30;06:02:41.0000000;740;713
4994;2022-03-24;02:57:09.0000000;429;94
4995;2024-10-17;19:41:23.0000000;2149;604
4996;2024-01-11;18:15:09.0000000;3147;265
4997;2023-04-03;16:46:44.0000000;2367;846
4998;2024-12-15;01:27:07.0000000;1145;416
4999;2024-04-24;05:25:25.0000000;1949;922
5000;2024-12-06;04:39:18.0000000;20;486
