1;2022-06-24;01:27:17.0000000;81
2;2023-05-19;02:58:20.0000000;33
3;2023-12-23;07:27:56.0000000;69
4;2024-01-08;19:49:11.0000000;438
5;2024-06-19;19:51:01.0000000;279
6;2022-08-11;11:48:01.0000000;617
7;2022-05-21;20:06:49.0000000;875
8;2024-03-19;00:03:00.0000000;69
9;2023-04-09;08:47:47.0000000;29
10;2023-01-29;02:44:22.0000000;279
11;2024-07-21;00:53:40.0000000;125
12;2022-02-07;02:24:26.0000000;781
13;2024-07-09;20:34:50.0000000;765
14;2022-12-27;19:48:22.0000000;797
15;2024-08-13;08:50:06.0000000;592
16;2024-05-29;16:59:13.0000000;157
17;2024-01-26;21:41:34.0000000;151
18;2022-11-24;11:58:33.0000000;101
19;2023-05-15;20:23:46.0000000;190
20;2023-06-24;03:08:10.0000000;116
21;2024-07-08;11:34:35.0000000;558
22;2023-12-09;02:18:45.0000000;379
23;2022-06-12;09:38:59.0000000;116
24;2024-05-19;23:07:16.0000000;346
25;2024-09-21;16:41:36.0000000;567
26;2024-12-07;13:13:18.0000000;684
27;2024-09-12;21:54:51.0000000;95
28;2023-07-12;10:55:43.0000000;543
29;2023-08-10;10:32:20.0000000;657
30;2024-12-27;06:56:06.0000000;177
31;2024-09-11;19:20:29.0000000;472
32;2024-05-28;00:17:15.0000000;112
33;2024-09-28;10:22:23.0000000;873
34;2022-07-20;06:14:20.0000000;625
35;2023-09-28;12:15:47.0000000;38
36;2023-05-23;23:03:55.0000000;942
37;2024-03-20;21:52:23.0000000;191
38;2024-09-20;08:30:15.0000000;648
39;2024-02-17;11:08:45.0000000;82
40;2022-01-28;03:50:04.0000000;63
41;2022-01-17;04:29:32.0000000;846
42;2023-05-05;08:14:54.0000000;415
43;2024-04-16;05:25:12.0000000;598
44;2023-07-07;06:59:26.0000000;1006
45;2024-02-17;21:24:15.0000000;223
46;2023-05-13;01:35:44.0000000;743
47;2023-09-22;17:06:29.0000000;303
48;2022-09-04;03:54:41.0000000;160
49;2023-12-10;12:20:44.0000000;163
50;2024-02-21;09:06:02.0000000;885
51;2023-12-01;16:29:12.0000000;102
52;2023-08-16;10:05:31.0000000;91
53;2024-09-19;18:29:37.0000000;378
54;2024-08-04;14:19:13.0000000;511
55;2022-03-27;23:17:13.0000000;113
56;2024-04-12;09:48:43.0000000;905
57;2023-03-28;05:05:01.0000000;252
58;2022-07-12;14:04:16.0000000;102
59;2023-09-05;09:34:28.0000000;248
60;2022-02-25;11:40:42.0000000;769
61;2022-05-04;10:43:05.0000000;213
62;2023-01-20;15:39:28.0000000;948
63;2022-05-04;10:30:02.0000000;168
64;2022-01-11;03:35:45.0000000;181
65;2023-06-08;08:44:46.0000000;234
66;2023-11-18;18:19:46.0000000;109
67;2024-05-03;11:08:43.0000000;112
68;2022-01-10;00:43:24.0000000;777
69;2024-08-01;22:25:48.0000000;148
70;2022-02-15;20:41:11.0000000;11
71;2022-04-04;22:27:14.0000000;923
72;2023-07-03;08:55:49.0000000;157
73;2024-10-09;19:35:56.0000000;751
74;2023-08-10;10:57:28.0000000;832
75;2024-07-03;07:20:42.0000000;569
76;2023-03-20;10:35:56.0000000;232
77;2024-04-07;16:10:18.0000000;345
78;2022-12-23;10:03:04.0000000;534
79;2022-02-02;12:06:06.0000000;310
80;2023-02-24;03:46:35.0000000;518
81;2022-03-31;14:00:21.0000000;271
82;2024-08-22;20:44:25.0000000;604
83;2022-10-14;23:20:52.0000000;400
84;2023-06-16;15:48:52.0000000;600
85;2024-08-25;06:45:17.0000000;500
86;2023-09-08;03:15:27.0000000;648
87;2024-12-18;19:47:16.0000000;328
88;2023-08-17;16:25:19.0000000;511
89;2024-12-27;02:23:26.0000000;635
90;2024-12-28;11:59:19.0000000;56
91;2022-11-25;09:23:37.0000000;391
92;2022-09-07;14:16:11.0000000;688
93;2022-02-17;01:56:38.0000000;253
94;2023-08-30;01:13:03.0000000;415
95;2024-10-06;21:44:54.0000000;590
96;2023-07-29;04:21:28.0000000;334
97;2022-07-05;08:54:48.0000000;458
98;2023-01-01;14:54:20.0000000;351
99;2022-07-13;02:03:35.0000000;65
100;2024-08-18;01:23:21.0000000;654
101;2022-08-13;02:24:45.0000000;260
102;2024-09-23;08:22:10.0000000;77
103;2022-04-19;01:27:03.0000000;945
104;2023-07-05;12:51:26.0000000;931
105;2022-04-04;16:05:24.0000000;141
106;2023-05-01;13:34:31.0000000;60
107;2022-02-11;14:19:04.0000000;914
108;2023-11-20;05:46:32.0000000;786
109;2022-09-04;06:00:22.0000000;778
110;2024-10-11;10:41:45.0000000;790
111;2022-10-03;01:30:05.0000000;490
112;2023-09-03;09:05:09.0000000;6
113;2024-07-15;00:13:18.0000000;579
114;2023-04-19;00:25:50.0000000;249
115;2024-03-08;02:51:27.0000000;291
116;2023-12-14;14:40:56.0000000;182
117;2024-06-16;18:55:27.0000000;336
118;2024-11-23;12:21:21.0000000;442
119;2024-05-04;08:57:15.0000000;794
120;2023-02-19;03:21:37.0000000;856
121;2022-05-16;14:07:23.0000000;114
122;2024-04-23;12:30:01.0000000;995
123;2024-12-30;23:49:36.0000000;387
124;2023-06-11;08:56:56.0000000;706
125;2024-04-02;18:34:54.0000000;146
126;2024-12-16;03:50:15.0000000;334
127;2023-12-31;09:53:32.0000000;390
128;2023-12-01;09:59:26.0000000;582
129;2024-11-13;22:20:00.0000000;661
130;2022-03-31;14:15:02.0000000;389
131;2023-10-07;10:53:27.0000000;27
132;2024-11-22;23:26:38.0000000;28
133;2024-09-08;18:27:19.0000000;877
134;2023-01-13;09:49:50.0000000;251
135;2023-11-09;17:57:33.0000000;410
136;2024-01-21;14:16:02.0000000;753
137;2024-01-14;04:35:34.0000000;463
138;2022-08-10;20:50:21.0000000;942
139;2023-05-21;09:42:14.0000000;883
140;2022-10-08;16:44:08.0000000;496
141;2024-10-01;04:03:20.0000000;482
142;2023-08-18;15:07:55.0000000;544
143;2024-01-02;07:14:22.0000000;284
144;2023-06-12;03:33:50.0000000;949
145;2023-09-28;15:49:39.0000000;844
146;2023-07-12;20:02:02.0000000;705
147;2023-04-21;06:33:19.0000000;392
148;2022-06-16;00:25:23.0000000;645
149;2022-12-23;23:34:16.0000000;563
150;2022-07-28;05:16:17.0000000;968
151;2022-10-18;23:36:34.0000000;988
152;2023-10-22;19:39:32.0000000;658
153;2024-11-09;23:49:37.0000000;643
154;2023-03-18;19:47:56.0000000;884
155;2022-09-24;02:12:33.0000000;711
156;2024-11-21;06:28:36.0000000;505
157;2022-09-04;06:20:19.0000000;21
158;2022-11-27;21:35:51.0000000;341
159;2023-07-04;04:42:31.0000000;175
160;2024-05-21;04:01:08.0000000;602
161;2023-03-31;00:41:38.0000000;183
162;2022-03-10;23:35:48.0000000;912
163;2024-01-16;19:55:33.0000000;86
164;2023-11-16;20:06:23.0000000;626
165;2022-11-23;15:11:54.0000000;492
166;2024-12-01;17:08:59.0000000;434
167;2024-02-13;12:45:59.0000000;532
168;2024-04-15;11:20:08.0000000;717
169;2022-04-03;12:39:52.0000000;370
170;2023-05-15;15:50:40.0000000;466
171;2023-03-24;03:29:05.0000000;102
172;2023-12-26;18:46:51.0000000;505
173;2024-06-09;19:12:23.0000000;100
174;2022-03-19;00:51:28.0000000;359
175;2024-11-08;00:07:02.0000000;735
176;2024-02-20;14:54:37.0000000;874
177;2022-04-22;15:17:35.0000000;194
178;2022-05-09;11:26:53.0000000;497
179;2023-05-11;02:42:19.0000000;713
180;2024-11-24;02:18:04.0000000;700
181;2024-02-10;08:17:46.0000000;954
182;2022-08-15;22:56:51.0000000;761
183;2022-01-12;17:08:36.0000000;526
184;2024-05-10;07:21:45.0000000;522
185;2024-11-01;01:27:27.0000000;789
186;2024-09-19;14:47:44.0000000;831
187;2022-08-10;04:58:21.0000000;418
188;2023-08-30;21:41:08.0000000;509
189;2024-05-07;17:32:37.0000000;832
190;2024-10-07;14:45:33.0000000;525
191;2022-04-19;05:16:59.0000000;571
192;2022-12-25;08:29:34.0000000;263
193;2022-08-10;22:41:51.0000000;436
194;2024-12-24;03:41:38.0000000;781
195;2022-01-07;00:40:34.0000000;942
196;2024-01-26;18:50:59.0000000;187
197;2023-08-03;12:08:15.0000000;885
198;2022-10-25;12:05:03.0000000;435
199;2022-06-03;23:45:58.0000000;157
200;2023-04-19;10:32:31.0000000;352
201;2022-02-05;06:13:03.0000000;632
202;2024-02-25;08:26:06.0000000;932
203;2023-06-11;16:44:49.0000000;293
204;2022-07-07;09:42:37.0000000;835
205;2023-10-12;15:58:15.0000000;730
206;2023-12-10;12:28:49.0000000;600
207;2022-11-02;11:29:58.0000000;289
208;2023-09-04;08:45:09.0000000;383
209;2023-03-21;05:54:38.0000000;493
210;2022-07-27;21:37:00.0000000;431
211;2023-09-24;12:51:23.0000000;650
212;2022-07-07;02:41:52.0000000;496
213;2024-01-17;19:31:14.0000000;436
214;2022-07-08;21:31:45.0000000;420
215;2024-11-22;08:30:25.0000000;152
216;2022-11-29;23:49:44.0000000;448
217;2023-04-29;02:44:54.0000000;225
218;2024-10-05;03:46:40.0000000;192
219;2022-09-14;20:22:35.0000000;283
220;2022-06-23;14:41:52.0000000;575
221;2022-07-12;14:06:55.0000000;352
222;2023-07-26;19:29:38.0000000;564
223;2023-01-02;09:12:03.0000000;723
224;2024-05-18;18:46:19.0000000;899
225;2024-08-18;21:12:21.0000000;391
226;2024-03-01;21:32:59.0000000;394
227;2024-10-09;11:52:32.0000000;133
228;2022-08-28;13:44:38.0000000;624
229;2022-01-02;07:12:33.0000000;237
230;2023-08-23;22:21:34.0000000;946
231;2024-01-22;18:33:54.0000000;983
232;2024-10-04;13:37:18.0000000;1003
233;2022-02-07;16:06:01.0000000;386
234;2022-01-10;18:40:19.0000000;445
235;2023-03-02;10:06:21.0000000;242
236;2022-02-10;07:34:39.0000000;317
237;2023-07-18;15:39:07.0000000;866
238;2023-10-30;01:58:34.0000000;674
239;2022-07-22;04:04:27.0000000;453
240;2022-01-29;04:07:08.0000000;978
241;2022-05-30;10:37:39.0000000;268
242;2022-11-17;14:52:04.0000000;68
243;2024-02-17;09:32:44.0000000;324
244;2022-06-10;12:48:51.0000000;356
245;2023-06-23;10:01:21.0000000;301
246;2024-04-04;05:49:17.0000000;323
247;2024-10-14;09:55:31.0000000;955
248;2022-06-02;21:26:54.0000000;144
249;2023-08-21;12:19:45.0000000;944
250;2024-01-16;22:08:28.0000000;259
251;2023-01-15;15:45:20.0000000;51
252;2024-06-13;14:27:02.0000000;591
253;2024-03-18;12:28:14.0000000;684
254;2023-10-09;01:20:59.0000000;727
255;2022-10-20;20:38:46.0000000;249
256;2024-01-06;02:15:57.0000000;740
257;2023-11-27;02:41:19.0000000;962
258;2022-08-11;17:32:17.0000000;76
259;2022-05-12;19:21:46.0000000;473
260;2024-06-23;16:22:07.0000000;600
261;2022-12-16;01:12:47.0000000;645
262;2023-03-19;21:59:24.0000000;933
263;2022-11-24;16:24:14.0000000;805
264;2024-09-22;09:24:07.0000000;426
265;2024-09-30;16:39:45.0000000;385
266;2024-07-15;03:31:11.0000000;859
267;2022-06-11;02:31:12.0000000;1011
268;2023-03-05;07:21:03.0000000;280
269;2024-05-21;05:08:48.0000000;921
270;2022-05-19;11:52:19.0000000;664
271;2024-03-28;19:39:57.0000000;866
272;2023-06-04;17:21:12.0000000;19
273;2022-05-10;01:38:49.0000000;438
274;2023-11-29;05:01:18.0000000;658
275;2024-11-16;10:48:47.0000000;304
276;2022-02-11;15:22:24.0000000;869
277;2022-04-03;10:19:59.0000000;155
278;2022-09-29;08:41:40.0000000;829
279;2023-03-14;19:57:23.0000000;776
280;2023-01-29;12:20:53.0000000;66
281;2024-07-12;23:43:59.0000000;202
282;2023-11-21;19:35:43.0000000;95
283;2023-04-18;10:13:11.0000000;683
284;2023-02-24;03:04:39.0000000;391
285;2022-05-12;16:42:42.0000000;459
286;2024-04-19;14:19:53.0000000;522
287;2023-12-20;07:29:11.0000000;549
288;2023-06-17;06:45:01.0000000;380
289;2023-05-29;03:34:23.0000000;938
290;2024-02-20;18:38:47.0000000;602
291;2024-10-17;06:39:04.0000000;767
292;2022-03-09;20:35:04.0000000;975
293;2022-11-15;00:24:48.0000000;63
294;2022-08-30;11:47:06.0000000;701
295;2022-02-13;23:49:49.0000000;947
296;2022-09-01;04:20:48.0000000;644
297;2023-05-22;13:44:56.0000000;80
298;2024-11-13;10:30:57.0000000;695
299;2024-01-31;07:54:01.0000000;457
300;2022-05-31;19:30:29.0000000;631
301;2024-06-16;03:18:19.0000000;71
302;2024-11-07;03:49:24.0000000;142
303;2022-03-19;11:45:49.0000000;479
304;2023-12-26;05:48:57.0000000;183
305;2023-03-08;17:21:22.0000000;232
306;2024-04-13;13:19:19.0000000;767
307;2022-06-21;02:41:11.0000000;861
308;2024-12-24;13:52:08.0000000;360
309;2023-03-21;03:48:20.0000000;772
310;2024-09-02;00:08:02.0000000;922
311;2023-12-02;01:06:42.0000000;581
312;2022-06-04;08:47:13.0000000;821
313;2024-09-01;20:23:43.0000000;936
314;2022-02-13;04:09:22.0000000;61
315;2024-11-06;20:45:41.0000000;83
316;2022-03-30;03:00:38.0000000;426
317;2023-07-20;18:20:56.0000000;873
318;2023-06-28;19:15:15.0000000;92
319;2024-12-06;16:57:35.0000000;993
320;2022-11-30;13:25:45.0000000;343
321;2022-09-11;21:46:39.0000000;394
322;2023-10-23;11:52:20.0000000;736
323;2023-08-20;17:06:48.0000000;726
324;2022-08-03;07:14:11.0000000;785
325;2022-03-22;21:51:12.0000000;288
326;2022-01-25;21:13:55.0000000;827
327;2024-10-08;21:04:37.0000000;277
328;2022-07-02;23:50:42.0000000;170
329;2022-10-27;09:44:27.0000000;596
330;2023-09-28;05:13:25.0000000;26
331;2024-06-08;05:00:05.0000000;441
332;2024-07-10;10:05:52.0000000;529
333;2022-08-12;19:37:35.0000000;366
334;2024-08-30;00:38:35.0000000;454
335;2023-09-27;20:11:11.0000000;828
336;2024-11-16;00:25:02.0000000;491
337;2024-01-19;09:28:26.0000000;772
338;2022-08-28;04:41:03.0000000;985
339;2024-04-13;05:44:40.0000000;617
340;2023-07-15;20:45:28.0000000;653
341;2022-12-14;12:04:06.0000000;657
342;2023-06-16;11:59:08.0000000;324
343;2024-02-19;14:38:01.0000000;947
344;2024-03-25;22:31:51.0000000;761
345;2023-01-28;15:59:27.0000000;453
346;2022-12-19;23:50:27.0000000;29
347;2022-09-09;03:30:04.0000000;856
348;2024-06-22;17:12:50.0000000;409
349;2024-02-19;04:47:42.0000000;251
350;2023-10-08;20:46:55.0000000;687
351;2022-01-21;01:46:03.0000000;447
352;2024-02-05;03:20:56.0000000;651
353;2024-06-07;09:58:30.0000000;935
354;2022-02-04;05:28:34.0000000;272
355;2022-06-18;09:09:49.0000000;296
356;2022-05-03;22:50:13.0000000;471
357;2024-05-29;20:39:17.0000000;471
358;2023-09-17;15:11:05.0000000;672
359;2023-11-23;13:13:25.0000000;323
360;2024-01-13;07:36:56.0000000;985
361;2024-10-15;13:08:20.0000000;176
362;2024-12-22;11:05:07.0000000;260
363;2022-08-13;04:22:27.0000000;458
364;2022-11-05;08:43:45.0000000;693
365;2022-01-26;04:42:19.0000000;507
366;2024-12-13;20:55:03.0000000;419
367;2024-07-27;20:09:46.0000000;932
368;2023-10-06;05:35:09.0000000;4
369;2022-05-08;11:04:22.0000000;754
370;2022-07-04;03:36:39.0000000;433
371;2024-03-08;19:01:02.0000000;607
372;2023-03-31;23:46:59.0000000;127
373;2022-09-12;22:52:06.0000000;503
374;2024-09-17;06:46:03.0000000;209
375;2024-05-03;00:54:53.0000000;425
376;2022-04-29;19:58:49.0000000;726
377;2024-08-03;17:58:12.0000000;982
378;2024-02-19;17:11:14.0000000;962
379;2024-07-24;22:49:10.0000000;606
380;2022-12-18;20:29:42.0000000;679
381;2022-06-17;13:02:29.0000000;300
382;2022-06-30;18:03:19.0000000;33
383;2022-12-12;11:11:50.0000000;232
384;2024-01-26;00:18:59.0000000;481
385;2022-06-24;22:32:03.0000000;259
386;2023-11-25;09:06:00.0000000;219
387;2024-01-03;14:20:45.0000000;721
388;2023-12-10;03:40:44.0000000;909
389;2022-04-08;10:31:31.0000000;780
390;2024-04-09;08:07:12.0000000;466
391;2024-03-14;01:56:45.0000000;304
392;2023-09-23;01:16:53.0000000;570
393;2023-05-25;03:45:22.0000000;237
394;2024-01-13;14:34:36.0000000;360
395;2024-12-22;04:12:34.0000000;863
396;2022-06-15;12:31:00.0000000;624
397;2024-05-05;09:40:52.0000000;621
398;2023-10-29;18:43:18.0000000;87
399;2022-11-13;12:10:12.0000000;20
400;2023-11-09;09:01:55.0000000;426
401;2024-11-27;21:10:21.0000000;122
402;2022-10-08;10:22:02.0000000;496
403;2022-02-21;20:50:43.0000000;930
404;2022-02-22;16:12:54.0000000;82
405;2024-06-21;02:09:57.0000000;992
406;2022-06-28;00:54:26.0000000;862
407;2023-07-25;01:21:09.0000000;449
408;2024-07-26;07:04:28.0000000;982
409;2022-04-22;19:40:34.0000000;78
410;2022-05-18;00:18:28.0000000;663
411;2023-01-31;16:47:53.0000000;885
412;2023-01-17;15:18:03.0000000;970
413;2022-04-12;00:46:59.0000000;896
414;2022-07-13;23:21:40.0000000;638
415;2024-11-02;22:26:47.0000000;990
416;2024-02-13;02:21:15.0000000;313
417;2022-12-03;14:35:37.0000000;436
418;2022-11-17;20:32:54.0000000;30
419;2023-01-08;07:43:36.0000000;665
420;2023-04-14;00:51:13.0000000;950
421;2022-10-31;14:39:23.0000000;50
422;2022-12-01;19:38:42.0000000;18
423;2023-04-14;14:52:33.0000000;629
424;2024-09-08;06:44:12.0000000;749
425;2022-04-06;00:54:52.0000000;102
426;2023-02-14;04:57:46.0000000;677
427;2023-10-08;23:05:25.0000000;985
428;2022-05-06;14:03:37.0000000;772
429;2024-07-23;17:48:06.0000000;828
430;2024-08-17;04:42:04.0000000;556
431;2022-01-30;01:57:54.0000000;8
432;2022-05-22;22:06:25.0000000;854
433;2022-06-10;19:35:09.0000000;487
434;2024-04-14;04:44:42.0000000;988
435;2022-03-31;12:25:03.0000000;28
436;2022-02-01;07:50:02.0000000;394
437;2023-09-30;18:00:47.0000000;850
438;2023-09-09;03:29:28.0000000;676
439;2024-06-24;09:38:24.0000000;117
440;2023-11-22;06:37:23.0000000;205
441;2024-02-06;13:53:44.0000000;172
442;2024-05-03;20:24:38.0000000;463
443;2024-07-10;18:36:54.0000000;190
444;2023-04-28;11:32:06.0000000;470
445;2023-03-26;05:00:42.0000000;790
446;2023-08-05;19:10:48.0000000;463
447;2023-09-05;11:19:12.0000000;931
448;2024-01-01;01:59:06.0000000;654
449;2022-05-05;07:06:31.0000000;912
450;2024-04-02;18:42:10.0000000;828
451;2023-09-13;12:04:09.0000000;35
452;2023-10-19;16:31:45.0000000;206
453;2023-09-27;20:49:07.0000000;193
454;2023-05-16;21:38:14.0000000;915
455;2022-04-06;20:13:45.0000000;125
456;2024-02-01;11:23:18.0000000;661
457;2022-03-28;13:48:37.0000000;719
458;2024-05-17;20:32:50.0000000;191
459;2023-07-22;14:06:54.0000000;159
460;2022-03-03;23:14:58.0000000;605
461;2024-11-10;14:03:07.0000000;274
462;2022-07-21;05:00:33.0000000;9
463;2024-03-19;03:34:32.0000000;462
464;2024-07-03;14:09:00.0000000;908
465;2022-08-04;17:23:17.0000000;412
466;2023-03-20;10:16:44.0000000;292
467;2024-12-21;14:10:08.0000000;935
468;2023-04-26;07:08:37.0000000;847
469;2023-06-14;14:20:45.0000000;264
470;2023-05-08;02:05:40.0000000;424
471;2023-01-13;03:11:37.0000000;146
472;2024-07-18;22:46:11.0000000;406
473;2023-05-28;19:37:14.0000000;737
474;2024-10-19;14:02:47.0000000;747
475;2022-07-26;02:00:16.0000000;371
476;2024-06-08;15:49:01.0000000;707
477;2023-08-12;17:55:18.0000000;793
478;2022-12-28;05:27:31.0000000;777
479;2023-01-06;18:11:33.0000000;266
480;2023-02-07;16:57:20.0000000;111
481;2023-01-08;10:19:17.0000000;659
482;2023-06-18;14:45:28.0000000;960
483;2022-06-17;19:13:01.0000000;839
484;2024-10-30;03:03:58.0000000;191
485;2023-08-03;23:10:26.0000000;535
486;2022-12-10;10:08:28.0000000;509
487;2024-01-01;16:11:28.0000000;683
488;2024-06-21;16:37:45.0000000;633
489;2024-09-20;12:56:35.0000000;808
490;2023-12-26;21:24:14.0000000;878
491;2022-06-22;12:28:11.0000000;949
492;2022-10-03;16:38:09.0000000;847
493;2022-08-27;23:52:40.0000000;271
494;2024-03-30;23:07:36.0000000;198
495;2022-01-05;14:14:57.0000000;415
496;2022-06-12;20:19:13.0000000;310
497;2024-09-11;16:47:56.0000000;46
498;2024-07-13;19:46:00.0000000;44
499;2023-11-08;15:06:42.0000000;384
500;2022-04-28;08:55:48.0000000;127
501;2024-03-14;15:38:51.0000000;669
502;2022-03-14;02:39:38.0000000;94
503;2022-04-16;08:22:37.0000000;813
504;2023-04-22;03:11:34.0000000;150
505;2024-12-10;22:01:47.0000000;868
506;2023-04-11;05:25:24.0000000;982
507;2023-01-13;12:09:00.0000000;372
508;2022-10-10;19:56:48.0000000;837
509;2022-12-19;04:39:59.0000000;981
510;2023-10-15;13:25:50.0000000;437
511;2024-09-07;14:38:51.0000000;796
512;2024-09-04;09:15:35.0000000;670
513;2023-03-16;17:57:20.0000000;373
514;2024-09-19;13:53:20.0000000;479
515;2022-12-24;11:26:14.0000000;178
516;2023-01-11;04:09:27.0000000;184
517;2022-04-09;00:58:38.0000000;928
518;2024-10-08;06:45:49.0000000;412
519;2024-05-14;04:48:59.0000000;963
520;2022-09-18;23:10:19.0000000;252
521;2023-10-01;15:06:02.0000000;877
522;2024-07-04;01:32:14.0000000;542
523;2024-05-03;11:15:04.0000000;995
524;2023-09-19;18:14:26.0000000;171
525;2022-12-17;19:12:11.0000000;410
526;2023-01-26;09:09:35.0000000;357
527;2022-05-03;05:41:31.0000000;952
528;2023-06-15;15:02:04.0000000;324
529;2022-12-07;00:34:02.0000000;405
530;2022-05-30;16:42:33.0000000;623
531;2022-06-19;01:58:52.0000000;609
532;2022-05-12;21:38:38.0000000;747
533;2024-08-07;12:55:02.0000000;811
534;2022-12-14;20:26:45.0000000;394
535;2022-12-30;14:51:33.0000000;938
536;2022-07-10;23:22:27.0000000;83
537;2024-11-05;05:10:32.0000000;406
538;2023-09-04;04:18:49.0000000;203
539;2022-12-29;19:33:03.0000000;269
540;2023-12-19;10:59:46.0000000;16
541;2024-09-24;22:22:46.0000000;632
542;2024-06-01;02:51:15.0000000;476
543;2023-02-10;02:52:55.0000000;49
544;2024-04-01;07:08:27.0000000;686
545;2022-07-29;20:34:56.0000000;991
546;2024-10-25;05:24:46.0000000;620
547;2023-05-19;00:13:50.0000000;487
548;2022-05-28;09:49:25.0000000;387
549;2022-02-21;16:07:09.0000000;942
550;2022-05-16;07:16:41.0000000;210
551;2023-12-28;17:13:29.0000000;678
552;2024-12-18;23:10:41.0000000;18
553;2024-01-16;04:52:59.0000000;806
554;2022-04-04;20:11:58.0000000;936
555;2022-07-23;02:17:12.0000000;122
556;2023-09-20;23:01:12.0000000;294
557;2023-05-19;19:46:57.0000000;444
558;2023-07-28;11:59:15.0000000;830
559;2024-09-04;02:07:01.0000000;20
560;2024-01-29;22:58:54.0000000;625
561;2022-07-24;17:21:24.0000000;945
562;2022-10-07;22:32:59.0000000;690
563;2024-03-02;08:37:29.0000000;345
564;2023-04-17;18:39:06.0000000;772
565;2024-01-22;03:02:06.0000000;243
566;2022-02-02;16:59:07.0000000;504
567;2023-08-10;09:48:42.0000000;553
568;2024-02-04;04:17:27.0000000;1004
569;2024-02-26;17:58:10.0000000;509
570;2022-02-20;11:21:52.0000000;285
571;2022-12-20;21:16:03.0000000;84
572;2022-09-30;23:54:55.0000000;962
573;2023-11-26;01:20:39.0000000;166
574;2022-12-31;11:09:32.0000000;167
575;2022-07-15;09:37:19.0000000;491
576;2024-09-15;12:55:40.0000000;903
577;2024-05-05;12:49:10.0000000;565
578;2023-05-17;09:21:47.0000000;494
579;2023-04-17;23:11:15.0000000;403
580;2024-01-01;01:46:16.0000000;517
581;2023-10-03;02:59:43.0000000;234
582;2024-11-12;19:43:00.0000000;933
583;2022-10-20;03:54:22.0000000;632
584;2023-10-26;09:51:13.0000000;819
585;2023-06-03;04:05:33.0000000;878
586;2022-11-24;14:56:58.0000000;804
587;2024-10-04;02:22:37.0000000;132
588;2024-07-27;19:39:38.0000000;33
589;2022-03-13;20:03:22.0000000;67
590;2022-05-13;07:37:32.0000000;202
591;2024-10-22;11:10:37.0000000;925
592;2023-09-09;20:46:48.0000000;291
593;2024-04-20;13:35:41.0000000;321
594;2023-08-10;07:15:31.0000000;922
595;2024-04-01;19:48:18.0000000;493
596;2023-06-02;11:37:35.0000000;711
597;2023-08-04;07:58:07.0000000;425
598;2022-12-01;03:33:17.0000000;858
599;2024-06-14;12:57:38.0000000;370
600;2022-05-19;19:38:57.0000000;147
601;2022-12-29;18:31:45.0000000;758
602;2023-06-29;10:35:34.0000000;210
603;2024-03-22;06:17:11.0000000;363
604;2024-09-05;12:41:34.0000000;215
605;2023-09-10;06:11:35.0000000;279
606;2024-06-26;07:16:04.0000000;273
607;2023-12-18;14:38:35.0000000;183
608;2022-11-29;05:04:21.0000000;248
609;2023-05-30;18:16:57.0000000;642
610;2024-10-16;07:44:43.0000000;161
611;2022-11-30;15:24:51.0000000;188
612;2022-05-28;10:11:55.0000000;763
613;2024-04-14;22:04:50.0000000;578
614;2024-01-02;23:21:09.0000000;862
615;2024-04-14;21:35:05.0000000;548
616;2023-07-10;02:37:05.0000000;251
617;2022-03-13;07:11:29.0000000;409
618;2023-04-16;19:03:37.0000000;1002
619;2024-02-09;01:06:50.0000000;517
620;2023-04-22;13:50:45.0000000;669
621;2023-10-15;16:02:24.0000000;40
622;2022-03-18;05:38:30.0000000;16
623;2022-10-04;14:59:54.0000000;766
624;2024-01-23;14:23:06.0000000;369
625;2023-07-06;16:03:11.0000000;996
626;2022-08-26;22:00:55.0000000;900
627;2022-11-04;00:21:16.0000000;886
628;2022-12-23;17:44:11.0000000;228
629;2022-03-15;03:25:04.0000000;720
630;2022-04-12;02:10:56.0000000;715
631;2023-09-06;20:33:08.0000000;393
632;2024-01-16;02:29:02.0000000;266
633;2024-05-13;21:24:12.0000000;441
634;2023-12-03;06:23:10.0000000;497
635;2024-12-02;20:35:11.0000000;227
636;2023-02-21;16:21:58.0000000;769
637;2023-09-28;01:49:28.0000000;699
638;2023-04-30;10:44:50.0000000;328
639;2022-02-07;17:02:32.0000000;653
640;2024-06-21;21:21:35.0000000;237
641;2022-04-24;17:29:38.0000000;710
642;2022-11-15;05:46:48.0000000;65
643;2023-01-11;23:48:08.0000000;227
644;2023-08-29;15:00:18.0000000;102
645;2023-04-02;23:05:08.0000000;413
646;2024-11-03;10:49:53.0000000;89
647;2022-12-05;08:16:04.0000000;303
648;2022-10-21;03:32:47.0000000;380
649;2023-05-24;02:00:45.0000000;910
650;2022-02-13;16:49:30.0000000;261
651;2024-10-03;06:26:28.0000000;165
652;2023-01-27;00:19:01.0000000;434
653;2022-05-30;05:14:45.0000000;136
654;2022-04-24;11:47:29.0000000;95
655;2023-08-16;12:15:17.0000000;680
656;2023-06-28;12:14:17.0000000;670
657;2022-04-10;16:04:12.0000000;405
658;2023-07-08;10:08:10.0000000;360
659;2023-06-27;05:47:59.0000000;556
660;2024-07-19;05:50:44.0000000;250
661;2024-09-02;04:28:37.0000000;627
662;2023-08-11;17:30:26.0000000;873
663;2022-02-28;12:58:00.0000000;206
664;2022-07-18;06:44:18.0000000;545
665;2022-08-20;12:16:05.0000000;271
666;2023-11-02;17:27:09.0000000;144
667;2022-05-26;15:52:51.0000000;631
668;2024-11-12;21:35:24.0000000;617
669;2022-11-10;12:26:41.0000000;1005
670;2023-12-18;03:21:30.0000000;711
671;2023-12-03;22:33:43.0000000;88
672;2023-01-08;05:15:26.0000000;563
673;2024-05-31;06:34:57.0000000;961
674;2023-08-02;20:38:34.0000000;504
675;2024-02-28;05:47:55.0000000;488
676;2024-05-03;02:31:02.0000000;135
677;2023-01-16;04:43:46.0000000;637
678;2024-07-02;16:45:24.0000000;986
679;2024-01-07;22:49:44.0000000;277
680;2022-08-25;15:21:19.0000000;735
681;2022-02-22;13:03:07.0000000;479
682;2023-10-14;06:43:06.0000000;66
683;2024-04-29;23:46:53.0000000;851
684;2022-01-05;02:46:49.0000000;808
685;2023-03-22;16:42:35.0000000;226
686;2023-11-26;16:21:43.0000000;803
687;2023-09-23;15:44:56.0000000;90
688;2022-04-06;12:52:43.0000000;294
689;2022-01-30;20:00:22.0000000;558
690;2023-05-05;22:52:09.0000000;741
691;2023-05-04;05:04:03.0000000;667
692;2024-07-13;13:24:22.0000000;270
693;2022-09-13;05:18:21.0000000;722
694;2024-10-03;01:52:03.0000000;599
695;2024-05-18;22:47:09.0000000;913
696;2022-10-25;13:38:11.0000000;432
697;2023-06-12;07:25:56.0000000;977
698;2024-09-03;15:39:21.0000000;220
699;2022-08-01;04:08:30.0000000;305
700;2023-06-25;21:46:38.0000000;456
701;2024-06-25;01:28:45.0000000;972
702;2022-08-30;08:05:22.0000000;983
703;2024-10-21;21:55:54.0000000;872
704;2024-12-20;23:18:02.0000000;389
705;2023-03-15;20:36:35.0000000;502
706;2023-03-25;04:03:48.0000000;104
707;2024-06-07;09:04:33.0000000;586
708;2024-04-19;14:51:57.0000000;114
709;2024-10-11;18:51:11.0000000;100
710;2022-03-06;13:34:56.0000000;426
711;2024-07-17;00:02:04.0000000;69
712;2022-01-24;16:39:08.0000000;218
713;2022-08-10;12:25:33.0000000;830
714;2022-04-16;16:39:37.0000000;793
715;2023-03-11;01:19:19.0000000;561
716;2023-10-22;20:30:15.0000000;610
717;2023-03-08;22:02:14.0000000;831
718;2022-02-14;04:15:14.0000000;189
719;2024-01-31;19:39:22.0000000;589
720;2023-06-08;06:08:45.0000000;507
721;2024-07-27;05:21:00.0000000;148
722;2023-05-15;23:49:31.0000000;180
723;2024-01-28;23:50:33.0000000;44
724;2022-07-19;12:39:52.0000000;760
725;2023-01-19;14:37:41.0000000;553
726;2022-03-21;04:52:30.0000000;738
727;2022-05-06;20:41:16.0000000;671
728;2023-04-22;21:36:40.0000000;916
729;2024-11-13;05:03:50.0000000;393
730;2023-07-22;18:08:14.0000000;483
731;2024-06-26;02:58:09.0000000;567
732;2024-11-28;21:10:01.0000000;837
733;2024-03-18;05:57:33.0000000;349
734;2022-06-22;20:20:33.0000000;755
735;2024-12-13;10:59:33.0000000;542
736;2024-09-21;22:35:09.0000000;816
737;2022-07-02;16:26:13.0000000;138
738;2023-06-09;10:30:49.0000000;83
739;2022-06-13;10:21:07.0000000;358
740;2024-06-05;01:49:44.0000000;582
741;2024-03-16;16:43:33.0000000;521
742;2022-07-07;16:41:39.0000000;894
743;2024-07-18;07:04:18.0000000;223
744;2022-11-30;18:27:50.0000000;787
745;2022-07-28;23:01:31.0000000;633
746;2023-05-08;20:40:20.0000000;901
747;2024-06-17;14:21:17.0000000;414
748;2023-04-06;13:33:06.0000000;147
749;2023-10-06;10:57:37.0000000;562
750;2024-12-27;06:13:38.0000000;545
751;2022-05-01;10:14:00.0000000;483
752;2022-06-01;22:13:40.0000000;669
753;2024-06-10;06:35:49.0000000;533
754;2023-03-19;06:35:42.0000000;419
755;2022-11-06;10:44:24.0000000;252
756;2024-07-16;18:13:51.0000000;835
757;2023-08-09;13:51:47.0000000;589
758;2023-07-10;18:56:20.0000000;969
759;2022-10-23;19:08:04.0000000;815
760;2022-11-05;18:19:49.0000000;627
761;2024-05-14;20:28:11.0000000;981
762;2023-06-26;09:19:01.0000000;924
763;2022-12-27;16:13:26.0000000;648
764;2024-06-27;00:31:01.0000000;720
765;2024-02-23;05:41:51.0000000;569
766;2023-03-29;06:45:13.0000000;705
767;2023-04-04;15:25:26.0000000;609
768;2022-09-26;08:31:36.0000000;564
769;2023-09-13;22:48:57.0000000;608
770;2024-02-18;07:39:23.0000000;962
771;2022-06-27;04:09:52.0000000;676
772;2023-09-10;09:49:26.0000000;334
773;2022-12-15;14:09:34.0000000;99
774;2024-04-30;18:39:55.0000000;765
775;2023-02-02;16:35:44.0000000;890
776;2024-12-29;02:32:18.0000000;56
777;2022-08-25;21:55:16.0000000;183
778;2022-08-21;11:41:35.0000000;23
779;2024-08-06;04:11:30.0000000;1005
780;2023-11-15;02:30:40.0000000;155
781;2023-04-20;12:53:02.0000000;893
782;2022-11-27;10:34:33.0000000;28
783;2023-07-29;06:10:22.0000000;249
784;2023-09-21;03:13:18.0000000;267
785;2023-06-27;00:59:38.0000000;916
786;2024-09-23;19:11:28.0000000;63
787;2022-07-19;02:10:00.0000000;676
788;2023-06-08;22:22:40.0000000;306
789;2022-07-21;18:06:01.0000000;987
790;2023-10-13;07:54:31.0000000;284
791;2023-11-03;16:35:43.0000000;221
792;2023-04-29;13:21:21.0000000;910
793;2024-03-25;17:59:32.0000000;326
794;2024-09-16;15:28:05.0000000;576
795;2024-04-30;12:26:11.0000000;313
796;2023-04-01;20:11:06.0000000;384
797;2024-08-06;10:26:36.0000000;288
798;2024-03-18;21:42:57.0000000;364
799;2024-10-20;21:11:09.0000000;340
800;2023-05-07;13:02:54.0000000;947
801;2023-08-13;18:13:29.0000000;714
802;2022-10-10;03:12:51.0000000;492
803;2023-07-05;16:56:36.0000000;84
804;2024-04-29;14:54:06.0000000;121
805;2024-12-26;07:08:30.0000000;957
806;2023-12-11;07:34:13.0000000;634
807;2023-09-03;01:48:18.0000000;198
808;2023-06-11;18:22:02.0000000;749
809;2022-08-01;22:29:04.0000000;219
810;2022-12-16;18:51:01.0000000;664
811;2023-01-21;03:42:36.0000000;58
812;2023-05-30;19:24:03.0000000;421
813;2023-08-20;18:17:16.0000000;137
814;2024-12-12;17:32:55.0000000;675
815;2022-11-16;09:30:21.0000000;392
816;2022-10-20;05:56:52.0000000;104
817;2024-12-13;22:58:47.0000000;486
818;2023-10-14;08:27:10.0000000;809
819;2023-11-23;04:57:19.0000000;245
820;2023-06-17;00:09:50.0000000;990
821;2022-06-26;18:17:18.0000000;900
822;2022-03-29;13:36:41.0000000;470
823;2022-05-11;00:42:56.0000000;408
824;2023-09-03;08:08:24.0000000;764
825;2022-09-28;10:47:47.0000000;79
826;2022-10-28;08:00:54.0000000;587
827;2024-11-26;23:35:01.0000000;110
828;2022-04-27;02:13:46.0000000;776
829;2024-06-11;02:41:09.0000000;328
830;2024-01-08;01:28:31.0000000;680
831;2023-07-02;00:02:29.0000000;731
832;2022-08-19;16:28:50.0000000;340
833;2022-04-12;14:16:08.0000000;838
834;2023-06-20;15:20:28.0000000;226
835;2024-05-15;10:41:30.0000000;147
836;2022-05-06;07:38:38.0000000;740
837;2022-02-10;02:20:10.0000000;992
838;2022-04-06;14:27:37.0000000;440
839;2022-05-10;00:06:46.0000000;424
840;2022-06-05;10:45:55.0000000;569
841;2022-04-17;23:34:07.0000000;419
842;2023-04-13;15:29:23.0000000;503
843;2024-12-26;02:25:22.0000000;307
844;2022-12-09;16:57:59.0000000;823
845;2022-07-14;14:36:45.0000000;309
846;2022-04-25;14:55:18.0000000;292
847;2022-06-11;18:42:55.0000000;462
848;2024-03-13;11:31:40.0000000;10
849;2024-06-14;07:40:13.0000000;616
850;2023-09-07;18:30:47.0000000;867
851;2023-02-19;18:39:58.0000000;773
852;2023-09-15;11:55:06.0000000;26
853;2024-06-08;01:04:18.0000000;401
854;2022-07-07;06:11:19.0000000;824
855;2023-07-10;23:20:19.0000000;261
856;2022-01-30;03:48:34.0000000;664
857;2024-06-30;23:41:20.0000000;5
858;2022-02-25;19:46:07.0000000;361
859;2024-01-12;09:27:47.0000000;409
860;2023-05-19;14:56:53.0000000;348
861;2023-09-27;17:07:52.0000000;794
862;2023-02-02;17:57:32.0000000;869
863;2023-07-06;17:53:01.0000000;148
864;2022-09-23;06:28:26.0000000;494
865;2022-05-02;16:36:58.0000000;642
866;2022-04-28;01:57:42.0000000;193
867;2024-11-03;12:30:41.0000000;922
868;2023-11-08;12:28:27.0000000;662
869;2023-05-13;12:03:21.0000000;238
870;2022-11-09;07:27:06.0000000;582
871;2024-04-06;07:49:32.0000000;266
872;2022-12-15;13:51:25.0000000;13
873;2022-05-21;11:30:52.0000000;361
874;2022-12-12;05:46:44.0000000;47
875;2024-03-17;07:18:19.0000000;76
876;2022-02-04;02:33:19.0000000;951
877;2024-04-28;21:22:14.0000000;265
878;2023-09-04;12:06:49.0000000;859
879;2022-06-09;18:24:54.0000000;521
880;2024-11-21;16:45:57.0000000;783
881;2023-02-20;19:04:52.0000000;138
882;2023-07-26;02:24:44.0000000;918
883;2024-08-21;10:13:51.0000000;268
884;2022-05-22;04:56:04.0000000;558
885;2023-06-06;21:56:19.0000000;258
886;2022-08-29;16:21:20.0000000;309
887;2022-09-07;18:59:10.0000000;958
888;2023-04-11;06:55:47.0000000;585
889;2024-03-17;16:02:28.0000000;207
890;2022-10-23;12:30:01.0000000;175
891;2024-09-22;13:15:31.0000000;286
892;2023-08-31;14:48:18.0000000;838
893;2024-07-25;09:40:18.0000000;353
894;2023-02-14;02:57:55.0000000;786
895;2024-12-12;15:25:01.0000000;600
896;2022-07-12;05:31:00.0000000;239
897;2023-09-24;20:53:07.0000000;156
898;2023-09-15;22:17:02.0000000;321
899;2023-05-11;13:48:00.0000000;351
900;2024-07-21;22:14:17.0000000;365
901;2022-02-09;21:28:47.0000000;144
902;2024-07-13;20:01:27.0000000;823
903;2024-11-16;10:19:07.0000000;713
904;2024-07-01;08:38:21.0000000;755
905;2023-12-09;14:27:29.0000000;480
906;2022-03-13;13:00:16.0000000;862
907;2023-01-09;11:37:31.0000000;62
908;2022-02-21;01:44:14.0000000;990
909;2022-07-15;07:38:34.0000000;930
910;2024-01-18;15:49:57.0000000;796
911;2022-12-12;04:32:51.0000000;265
912;2023-06-26;13:21:07.0000000;98
913;2023-12-07;03:43:21.0000000;434
914;2024-11-29;14:02:08.0000000;713
915;2022-11-12;13:30:51.0000000;527
916;2023-06-26;12:01:11.0000000;207
917;2022-08-22;00:25:28.0000000;373
918;2022-08-29;03:14:12.0000000;122
919;2022-06-12;19:23:56.0000000;743
920;2023-09-26;11:59:14.0000000;11
921;2023-11-02;13:11:57.0000000;633
922;2022-10-27;12:43:42.0000000;717
923;2023-09-02;20:35:57.0000000;611
924;2024-02-22;02:34:27.0000000;923
925;2024-01-06;07:26:05.0000000;691
926;2024-08-31;16:36:48.0000000;672
927;2022-04-24;01:48:13.0000000;142
928;2023-08-12;11:12:33.0000000;499
929;2022-07-05;06:37:44.0000000;462
930;2024-04-18;13:49:26.0000000;537
931;2022-03-03;07:43:35.0000000;656
932;2024-06-06;10:52:14.0000000;733
933;2022-01-31;00:54:40.0000000;332
934;2023-06-11;21:57:38.0000000;857
935;2024-11-28;16:49:37.0000000;927
936;2022-09-16;14:48:18.0000000;667
937;2022-12-25;14:16:31.0000000;751
938;2023-04-12;20:58:12.0000000;578
939;2023-07-03;19:17:05.0000000;856
940;2023-11-07;22:10:53.0000000;729
941;2022-09-02;05:27:23.0000000;947
942;2023-04-26;18:15:52.0000000;66
943;2023-05-25;10:49:36.0000000;911
944;2024-03-03;20:43:47.0000000;450
945;2022-02-10;16:25:24.0000000;209
946;2024-03-13;18:18:03.0000000;371
947;2024-01-22;20:52:46.0000000;283
948;2024-09-27;22:21:26.0000000;707
949;2022-05-05;15:26:12.0000000;462
950;2023-06-06;08:04:34.0000000;375
951;2022-01-10;22:54:11.0000000;471
952;2023-10-22;07:01:15.0000000;378
953;2022-01-03;10:42:10.0000000;504
954;2022-07-05;21:10:31.0000000;191
955;2022-03-13;12:03:09.0000000;108
956;2024-05-05;10:32:22.0000000;525
957;2023-06-16;12:34:43.0000000;872
958;2024-06-06;17:39:51.0000000;153
959;2024-03-06;14:48:41.0000000;384
960;2023-01-26;20:18:47.0000000;482
961;2022-04-22;23:29:17.0000000;270
962;2023-11-08;05:19:09.0000000;448
963;2024-06-24;00:37:14.0000000;315
964;2023-11-18;21:24:27.0000000;30
965;2023-04-06;09:53:54.0000000;925
966;2023-04-19;11:41:14.0000000;313
967;2022-10-26;20:00:26.0000000;309
968;2022-08-23;11:22:19.0000000;252
969;2022-09-26;23:58:04.0000000;664
970;2023-07-19;23:40:58.0000000;330
971;2023-10-25;15:07:42.0000000;640
972;2023-06-04;13:21:57.0000000;125
973;2023-04-09;09:38:51.0000000;613
974;2023-09-13;08:44:59.0000000;293
975;2024-03-24;14:14:03.0000000;412
976;2023-07-02;15:00:42.0000000;102
977;2022-07-25;13:30:34.0000000;124
978;2022-01-07;23:15:45.0000000;393
979;2023-06-01;13:13:57.0000000;428
980;2023-10-17;20:21:19.0000000;945
981;2024-05-06;04:02:54.0000000;701
982;2022-05-01;00:19:22.0000000;535
983;2024-03-26;02:23:04.0000000;533
984;2024-06-17;08:27:27.0000000;979
985;2024-05-10;09:24:27.0000000;371
986;2022-08-11;23:03:50.0000000;446
987;2024-04-15;06:28:20.0000000;324
988;2023-08-02;08:38:04.0000000;228
989;2023-05-27;05:27:12.0000000;934
990;2024-10-29;05:26:56.0000000;235
991;2023-12-07;23:20:44.0000000;203
992;2024-11-27;12:55:21.0000000;615
993;2023-11-16;18:02:36.0000000;893
994;2023-01-25;06:48:12.0000000;333
995;2022-01-23;20:53:12.0000000;443
996;2023-08-26;21:35:49.0000000;458
997;2024-04-16;19:41:10.0000000;678
998;2022-11-06;01:01:05.0000000;834
999;2023-05-30;18:11:03.0000000;792
1000;2024-03-31;21:42:02.0000000;474
1001;2023-12-13;04:05:09.0000000;666
1002;2024-01-09;12:57:57.0000000;467
1003;2022-02-17;18:00:23.0000000;561
1004;2022-12-10;22:42:39.0000000;944
1005;2023-07-02;05:56:17.0000000;961
1006;2024-09-12;12:50:10.0000000;101
1007;2024-11-27;10:50:41.0000000;386
1008;2023-11-05;05:02:04.0000000;267
1009;2023-06-11;16:08:43.0000000;867
1010;2022-10-03;09:01:29.0000000;549
1011;2023-02-02;11:24:17.0000000;91
1012;2022-01-31;06:28:58.0000000;55
1013;2024-03-02;06:31:16.0000000;119
1014;2022-05-13;04:06:21.0000000;91
1015;2022-12-06;22:23:07.0000000;936
1016;2023-01-11;05:11:21.0000000;417
1017;2024-10-03;12:45:13.0000000;988
1018;2023-05-06;22:08:08.0000000;778
1019;2024-02-17;21:04:41.0000000;823
1020;2023-05-08;18:38:13.0000000;627
1021;2023-03-27;02:44:55.0000000;187
1022;2022-12-06;22:39:16.0000000;741
1023;2022-02-08;02:18:52.0000000;860
1024;2023-12-02;01:27:55.0000000;187
1025;2023-01-17;16:48:55.0000000;495
1026;2024-07-27;03:32:43.0000000;436
1027;2024-01-20;04:25:52.0000000;895
1028;2022-06-15;14:24:37.0000000;851
1029;2023-01-15;21:11:46.0000000;736
1030;2023-01-07;02:13:15.0000000;149
1031;2022-11-03;20:21:20.0000000;216
1032;2024-07-26;07:34:16.0000000;237
1033;2024-09-07;03:31:08.0000000;810
1034;2022-01-30;18:44:47.0000000;656
1035;2022-05-13;23:36:11.0000000;747
1036;2023-09-18;16:43:04.0000000;532
1037;2022-09-21;12:50:02.0000000;76
1038;2024-02-05;04:13:39.0000000;590
1039;2023-07-04;01:14:37.0000000;389
1040;2023-06-13;03:59:03.0000000;431
1041;2024-07-14;14:12:08.0000000;384
1042;2024-05-12;07:46:06.0000000;369
1043;2023-01-08;09:32:49.0000000;596
1044;2024-05-09;20:38:31.0000000;467
1045;2024-03-25;15:10:32.0000000;262
1046;2022-09-30;10:04:26.0000000;982
1047;2023-01-26;20:50:07.0000000;358
1048;2024-08-01;12:53:18.0000000;811
1049;2024-07-20;03:22:43.0000000;633
1050;2024-04-16;19:45:24.0000000;8
1051;2024-10-06;19:24:23.0000000;842
1052;2023-02-22;15:21:58.0000000;841
1053;2024-06-13;10:41:04.0000000;980
1054;2024-07-07;02:40:40.0000000;895
1055;2023-07-20;07:25:21.0000000;12
1056;2023-09-02;05:07:32.0000000;992
1057;2022-11-05;22:56:49.0000000;16
1058;2024-12-04;15:04:26.0000000;967
1059;2022-09-19;21:18:38.0000000;174
1060;2024-04-25;11:09:35.0000000;81
1061;2023-01-02;20:22:56.0000000;420
1062;2024-10-06;14:05:54.0000000;467
1063;2023-10-05;19:37:34.0000000;940
1064;2023-11-25;03:50:01.0000000;271
1065;2024-01-21;02:30:21.0000000;164
1066;2022-02-11;18:01:45.0000000;202
1067;2023-06-22;05:57:12.0000000;709
1068;2023-05-31;06:38:31.0000000;970
1069;2023-10-24;12:28:44.0000000;562
1070;2022-08-10;15:37:33.0000000;914
1071;2024-12-16;01:16:50.0000000;629
1072;2022-08-01;00:15:56.0000000;120
1073;2023-04-11;14:26:20.0000000;129
1074;2022-01-29;19:41:43.0000000;379
1075;2023-06-14;14:50:43.0000000;639
1076;2023-01-25;23:06:22.0000000;951
1077;2024-10-10;13:58:15.0000000;184
1078;2022-09-12;10:56:14.0000000;233
1079;2023-08-21;16:04:22.0000000;569
1080;2022-09-26;18:57:33.0000000;169
1081;2024-09-14;20:33:21.0000000;627
1082;2023-04-20;04:51:07.0000000;618
1083;2024-09-01;17:39:58.0000000;695
1084;2024-07-20;03:44:04.0000000;969
1085;2023-08-17;18:25:06.0000000;252
1086;2022-03-19;00:17:31.0000000;136
1087;2024-11-23;19:56:58.0000000;298
1088;2023-11-11;23:04:56.0000000;822
1089;2023-05-04;03:31:11.0000000;47
1090;2024-03-12;04:47:35.0000000;176
1091;2023-12-13;16:26:11.0000000;720
1092;2022-09-15;03:43:31.0000000;59
1093;2022-07-11;23:43:52.0000000;242
1094;2024-07-09;23:08:45.0000000;828
1095;2022-04-13;04:17:09.0000000;273
1096;2022-09-01;03:14:20.0000000;19
1097;2024-03-09;23:54:55.0000000;111
1098;2022-02-06;02:18:20.0000000;363
1099;2024-07-20;03:15:29.0000000;189
1100;2024-06-30;22:58:05.0000000;944
1101;2022-07-15;20:23:50.0000000;865
1102;2022-08-08;02:31:28.0000000;47
1103;2023-04-15;07:14:06.0000000;973
1104;2024-10-19;04:55:54.0000000;815
1105;2024-06-06;10:51:12.0000000;403
1106;2023-04-21;04:36:55.0000000;513
1107;2022-11-10;15:46:08.0000000;510
1108;2022-01-08;18:58:21.0000000;240
1109;2024-09-20;02:17:52.0000000;989
1110;2022-11-11;13:16:12.0000000;317
1111;2022-10-04;20:22:46.0000000;589
1112;2023-08-11;20:28:55.0000000;731
1113;2023-04-12;01:14:09.0000000;143
1114;2024-01-17;06:48:21.0000000;615
1115;2024-11-02;02:06:36.0000000;937
1116;2022-02-13;16:20:08.0000000;233
1117;2022-07-06;13:54:52.0000000;733
1118;2023-11-16;03:44:25.0000000;480
1119;2022-09-26;13:50:39.0000000;897
1120;2022-12-09;13:59:50.0000000;424
1121;2024-10-17;14:52:28.0000000;268
1122;2023-02-18;22:29:31.0000000;352
1123;2023-05-14;05:51:46.0000000;756
1124;2024-05-12;22:32:09.0000000;248
1125;2022-10-21;18:03:19.0000000;392
1126;2022-02-10;20:29:58.0000000;183
1127;2023-05-25;22:07:37.0000000;156
1128;2024-03-31;18:27:29.0000000;868
1129;2024-02-02;22:27:13.0000000;506
1130;2022-09-23;19:30:22.0000000;176
1131;2023-09-30;07:20:53.0000000;666
1132;2022-12-25;22:46:52.0000000;736
1133;2023-10-25;13:18:04.0000000;926
1134;2024-09-30;18:32:15.0000000;50
1135;2022-06-14;05:42:49.0000000;418
1136;2024-04-11;06:12:45.0000000;423
1137;2024-05-30;13:31:08.0000000;661
1138;2023-07-18;12:27:38.0000000;110
1139;2022-06-30;20:29:19.0000000;589
1140;2022-12-26;10:49:27.0000000;920
1141;2023-01-30;22:59:50.0000000;645
1142;2024-08-20;11:56:10.0000000;887
1143;2023-05-18;08:17:17.0000000;319
1144;2023-02-13;22:17:25.0000000;414
1145;2022-07-30;10:48:07.0000000;395
1146;2024-10-07;10:22:21.0000000;836
1147;2023-03-05;14:33:49.0000000;321
1148;2024-04-25;03:55:45.0000000;873
1149;2023-09-09;03:50:50.0000000;93
1150;2023-05-06;10:58:41.0000000;278
1151;2022-10-11;09:44:29.0000000;681
1152;2023-08-24;10:28:52.0000000;746
1153;2022-10-24;05:42:50.0000000;486
1154;2023-11-07;09:05:58.0000000;443
1155;2022-02-01;06:19:26.0000000;932
1156;2024-03-13;18:25:41.0000000;304
1157;2023-04-29;17:46:40.0000000;528
1158;2024-07-23;19:23:38.0000000;863
1159;2022-09-06;04:44:02.0000000;722
1160;2024-11-26;10:07:12.0000000;763
1161;2023-02-28;14:28:44.0000000;809
1162;2022-02-03;06:30:00.0000000;751
1163;2022-07-05;05:37:20.0000000;22
1164;2023-04-01;14:23:50.0000000;960
1165;2024-12-23;06:20:38.0000000;263
1166;2023-02-26;00:36:00.0000000;31
1167;2022-08-17;21:27:53.0000000;204
1168;2024-03-31;08:59:39.0000000;889
1169;2023-11-14;08:26:06.0000000;383
1170;2023-11-29;19:08:53.0000000;48
1171;2022-11-15;00:03:53.0000000;415
1172;2024-08-05;17:39:02.0000000;926
1173;2023-05-10;18:09:43.0000000;264
1174;2022-02-22;15:30:30.0000000;944
1175;2023-08-17;08:52:58.0000000;716
1176;2023-02-05;09:42:33.0000000;810
1177;2022-06-20;04:02:03.0000000;895
1178;2023-07-28;11:04:42.0000000;458
1179;2022-02-18;18:26:55.0000000;498
1180;2022-03-18;03:04:31.0000000;753
1181;2023-06-09;09:44:27.0000000;149
1182;2024-10-07;07:59:26.0000000;915
1183;2024-09-09;09:18:46.0000000;348
1184;2024-12-14;20:06:26.0000000;388
1185;2023-12-25;22:25:47.0000000;724
1186;2022-10-08;07:53:44.0000000;534
1187;2022-04-18;17:38:50.0000000;140
1188;2023-10-26;15:52:28.0000000;439
1189;2023-01-21;13:07:44.0000000;518
1190;2022-09-01;11:55:13.0000000;721
1191;2023-12-23;08:44:18.0000000;655
1192;2024-03-09;10:07:22.0000000;406
1193;2022-01-12;08:03:19.0000000;448
1194;2023-05-09;09:32:18.0000000;671
1195;2022-01-19;04:33:00.0000000;203
1196;2024-02-09;04:31:29.0000000;151
1197;2023-12-21;19:49:11.0000000;951
1198;2023-03-30;21:44:06.0000000;355
1199;2023-04-11;21:44:35.0000000;877
1200;2023-09-01;19:53:34.0000000;547
1201;2023-01-20;10:54:32.0000000;960
1202;2024-03-20;06:06:29.0000000;459
1203;2022-08-09;17:42:22.0000000;719
1204;2024-12-16;01:59:07.0000000;663
1205;2023-06-16;13:19:46.0000000;703
1206;2022-08-22;02:18:39.0000000;845
1207;2023-12-11;20:31:18.0000000;1007
1208;2024-12-22;03:32:44.0000000;896
1209;2022-04-28;18:43:13.0000000;719
1210;2024-09-06;14:34:23.0000000;475
1211;2022-09-12;10:22:14.0000000;600
1212;2023-07-22;23:29:01.0000000;137
1213;2024-08-03;05:19:46.0000000;996
1214;2023-01-11;21:27:56.0000000;1003
1215;2023-07-20;18:13:41.0000000;650
1216;2022-01-28;01:31:28.0000000;451
1217;2023-08-15;00:28:53.0000000;20
1218;2023-05-10;03:41:42.0000000;176
1219;2024-09-13;22:47:08.0000000;700
1220;2022-01-08;18:34:14.0000000;734
1221;2022-01-18;02:17:44.0000000;441
1222;2024-04-08;20:20:21.0000000;1000
1223;2024-02-16;04:23:51.0000000;988
1224;2023-01-19;19:40:03.0000000;521
1225;2022-02-15;01:44:03.0000000;862
1226;2023-05-03;02:42:52.0000000;483
1227;2023-07-13;10:10:30.0000000;337
1228;2022-04-17;15:43:14.0000000;54
1229;2023-06-27;22:36:23.0000000;450
1230;2022-03-13;15:59:13.0000000;910
1231;2024-11-03;06:15:48.0000000;516
1232;2023-07-16;21:53:34.0000000;116
1233;2022-11-05;22:59:22.0000000;283
1234;2023-11-18;22:50:50.0000000;945
1235;2024-05-26;21:01:18.0000000;1004
1236;2023-02-09;21:50:49.0000000;59
1237;2023-02-03;08:08:36.0000000;721
1238;2022-05-24;19:25:26.0000000;800
1239;2024-03-05;09:37:09.0000000;123
1240;2022-11-08;17:41:24.0000000;925
1241;2024-10-02;20:01:17.0000000;337
1242;2022-04-29;19:02:38.0000000;883
1243;2024-11-05;17:33:19.0000000;282
1244;2022-01-25;15:05:00.0000000;752
1245;2022-02-26;14:24:05.0000000;459
1246;2024-04-28;21:23:12.0000000;225
1247;2024-07-22;06:19:33.0000000;441
1248;2024-11-21;07:56:09.0000000;694
1249;2022-05-23;12:06:38.0000000;463
1250;2022-09-28;23:51:55.0000000;573
1251;2023-12-06;08:55:09.0000000;422
1252;2023-04-22;16:49:32.0000000;35
1253;2024-08-26;01:58:23.0000000;824
1254;2023-04-06;17:16:18.0000000;689
1255;2024-07-13;02:51:03.0000000;843
1256;2023-11-17;09:02:17.0000000;364
1257;2023-04-26;17:21:07.0000000;768
1258;2022-07-02;15:08:39.0000000;883
1259;2023-11-07;19:30:07.0000000;433
1260;2024-05-23;03:08:06.0000000;975
1261;2023-11-15;18:51:03.0000000;232
1262;2024-09-13;01:21:04.0000000;65
1263;2024-09-11;16:59:59.0000000;899
1264;2023-10-03;11:22:41.0000000;96
1265;2022-07-06;06:10:23.0000000;360
1266;2023-08-02;02:55:32.0000000;672
1267;2024-01-27;16:00:43.0000000;556
1268;2024-01-27;22:21:18.0000000;942
1269;2022-02-17;11:05:09.0000000;49
1270;2024-03-03;02:44:05.0000000;348
1271;2024-05-14;03:04:49.0000000;90
1272;2023-11-07;12:44:57.0000000;404
1273;2024-06-07;23:57:29.0000000;94
1274;2023-08-03;12:43:32.0000000;215
1275;2023-05-05;10:31:54.0000000;201
1276;2024-07-20;23:57:21.0000000;937
1277;2022-05-23;20:44:02.0000000;873
1278;2022-01-25;19:54:18.0000000;673
1279;2022-07-20;22:19:01.0000000;811
1280;2023-01-01;19:59:15.0000000;728
1281;2022-01-21;13:22:14.0000000;38
1282;2024-08-26;07:37:28.0000000;403
1283;2022-08-09;23:28:48.0000000;555
1284;2022-08-17;08:50:29.0000000;826
1285;2023-12-24;06:21:06.0000000;482
1286;2022-10-22;18:16:11.0000000;65
1287;2023-10-08;19:25:11.0000000;809
1288;2023-04-26;12:04:37.0000000;360
1289;2024-12-25;14:18:52.0000000;604
1290;2024-09-29;10:33:51.0000000;866
1291;2024-08-03;09:14:17.0000000;871
1292;2022-09-22;02:25:31.0000000;800
1293;2024-08-28;00:36:59.0000000;833
1294;2022-01-13;02:18:31.0000000;707
1295;2022-11-09;15:53:04.0000000;486
1296;2024-04-30;19:59:31.0000000;732
1297;2024-11-13;15:28:31.0000000;694
1298;2023-05-09;15:56:09.0000000;331
1299;2023-09-06;10:49:29.0000000;269
1300;2023-09-08;22:31:01.0000000;330
1301;2022-02-10;17:56:16.0000000;984
1302;2023-12-19;00:26:42.0000000;425
1303;2022-05-26;23:46:34.0000000;709
1304;2022-12-06;10:52:31.0000000;16
1305;2023-06-06;22:05:30.0000000;502
1306;2023-07-07;18:35:01.0000000;239
1307;2023-06-15;04:54:33.0000000;917
1308;2022-08-18;07:28:08.0000000;824
1309;2022-10-05;00:58:55.0000000;705
1310;2023-09-06;10:48:55.0000000;590
1311;2022-01-25;23:06:09.0000000;550
1312;2024-01-06;09:52:21.0000000;662
1313;2022-02-17;12:06:51.0000000;828
1314;2024-09-19;21:18:11.0000000;918
1315;2022-10-30;09:35:44.0000000;383
1316;2022-02-11;12:32:16.0000000;841
1317;2024-12-15;15:54:35.0000000;3
1318;2022-03-07;10:03:08.0000000;918
1319;2023-09-07;23:33:10.0000000;899
1320;2022-12-26;23:48:24.0000000;147
1321;2023-03-23;20:58:49.0000000;431
1322;2024-09-05;08:43:21.0000000;272
1323;2023-08-11;22:34:23.0000000;693
1324;2024-07-25;17:31:06.0000000;247
1325;2024-02-29;00:32:33.0000000;917
1326;2022-09-16;10:10:16.0000000;251
1327;2023-12-10;17:15:11.0000000;825
1328;2022-01-28;03:51:49.0000000;679
1329;2022-07-29;14:38:26.0000000;722
1330;2023-12-29;12:39:52.0000000;575
1331;2022-04-01;22:47:59.0000000;723
1332;2023-10-19;23:42:04.0000000;749
1333;2023-08-23;15:19:14.0000000;633
1334;2023-05-30;02:12:42.0000000;683
1335;2023-09-01;21:26:20.0000000;368
1336;2023-09-16;03:17:21.0000000;934
1337;2023-04-16;17:30:04.0000000;473
1338;2024-03-31;09:55:48.0000000;163
1339;2024-09-12;17:21:09.0000000;419
1340;2022-07-23;19:30:03.0000000;513
1341;2023-01-16;19:00:02.0000000;12
1342;2023-06-11;06:48:36.0000000;777
1343;2023-03-02;10:12:41.0000000;989
1344;2024-09-18;01:23:48.0000000;352
1345;2023-07-04;20:01:39.0000000;521
1346;2024-03-23;00:11:27.0000000;156
1347;2022-10-29;16:27:57.0000000;331
1348;2023-06-28;00:33:49.0000000;511
1349;2023-12-30;05:19:37.0000000;741
1350;2023-04-07;01:02:22.0000000;616
1351;2024-08-29;22:03:32.0000000;51
1352;2024-04-03;18:09:18.0000000;644
1353;2022-06-26;21:23:08.0000000;117
1354;2024-08-03;02:49:39.0000000;929
1355;2022-10-31;23:47:29.0000000;578
1356;2023-06-29;09:42:26.0000000;61
1357;2023-07-18;09:25:35.0000000;557
1358;2023-04-05;10:13:04.0000000;193
1359;2023-05-26;10:49:49.0000000;431
1360;2024-08-13;21:14:34.0000000;768
1361;2024-02-25;19:18:19.0000000;453
1362;2024-03-27;23:23:26.0000000;400
1363;2024-07-10;22:04:21.0000000;793
1364;2022-01-08;12:30:10.0000000;274
1365;2022-07-17;23:29:31.0000000;176
1366;2023-04-10;23:50:47.0000000;741
1367;2024-02-29;22:34:16.0000000;24
1368;2022-12-01;12:31:27.0000000;748
1369;2022-06-28;11:30:33.0000000;871
1370;2022-10-22;10:31:39.0000000;281
1371;2022-06-07;12:04:20.0000000;926
1372;2022-07-23;23:50:36.0000000;814
1373;2022-07-09;00:26:39.0000000;874
1374;2022-05-03;16:34:31.0000000;524
1375;2024-10-24;03:23:17.0000000;271
1376;2024-02-13;05:58:32.0000000;678
1377;2023-11-10;11:13:08.0000000;603
1378;2024-10-06;08:44:41.0000000;489
1379;2022-12-07;15:06:59.0000000;567
1380;2024-06-07;12:47:17.0000000;961
1381;2022-10-31;20:32:48.0000000;615
1382;2023-10-17;07:36:22.0000000;364
1383;2023-05-21;05:34:43.0000000;892
1384;2023-08-12;10:35:20.0000000;384
1385;2023-01-28;23:16:19.0000000;61
1386;2024-02-19;23:53:10.0000000;249
1387;2024-09-20;12:21:34.0000000;703
1388;2022-08-09;16:21:16.0000000;24
1389;2023-07-25;10:33:24.0000000;798
1390;2024-04-21;02:58:55.0000000;413
1391;2023-09-02;02:55:38.0000000;428
1392;2022-02-24;04:06:03.0000000;410
1393;2023-09-28;02:24:15.0000000;615
1394;2023-11-21;04:17:47.0000000;937
1395;2022-12-16;01:32:02.0000000;162
1396;2023-12-06;09:36:11.0000000;858
1397;2022-02-16;02:07:52.0000000;625
1398;2024-04-05;05:49:44.0000000;498
1399;2023-04-17;05:48:44.0000000;27
1400;2024-10-30;03:35:13.0000000;804
1401;2022-02-22;09:49:09.0000000;31
1402;2023-12-21;00:30:54.0000000;691
1403;2024-06-30;20:41:14.0000000;188
1404;2024-08-17;00:28:47.0000000;796
1405;2023-02-22;07:24:21.0000000;407
1406;2022-04-14;10:59:27.0000000;26
1407;2022-11-01;20:13:53.0000000;646
1408;2023-03-19;18:57:46.0000000;854
1409;2022-05-28;22:26:57.0000000;905
1410;2022-05-11;20:08:22.0000000;776
1411;2024-11-26;09:05:32.0000000;862
1412;2023-01-19;04:24:32.0000000;948
1413;2023-12-09;13:12:14.0000000;735
1414;2022-07-07;23:53:38.0000000;85
1415;2022-10-30;12:36:24.0000000;813
1416;2023-11-12;16:19:43.0000000;489
1417;2022-03-23;12:45:35.0000000;340
1418;2022-01-11;16:59:54.0000000;195
1419;2023-08-23;04:45:00.0000000;791
1420;2024-04-11;08:44:49.0000000;916
1421;2023-04-25;00:05:47.0000000;276
1422;2024-05-05;05:23:24.0000000;433
1423;2024-10-30;01:28:58.0000000;811
1424;2022-03-04;01:39:21.0000000;292
1425;2023-10-13;10:49:12.0000000;311
1426;2022-06-21;15:36:20.0000000;154
1427;2024-03-16;15:29:03.0000000;577
1428;2023-08-11;07:05:11.0000000;394
1429;2024-02-01;20:54:02.0000000;916
1430;2024-12-15;11:25:16.0000000;862
1431;2023-11-30;05:14:54.0000000;286
1432;2024-03-17;11:51:18.0000000;984
1433;2023-07-29;20:55:12.0000000;974
1434;2022-06-15;03:42:04.0000000;146
1435;2023-12-01;09:42:25.0000000;51
1436;2023-04-06;14:24:03.0000000;81
1437;2022-07-29;09:42:42.0000000;1007
1438;2024-03-12;10:59:49.0000000;685
1439;2022-04-12;17:21:59.0000000;804
1440;2024-11-30;04:46:18.0000000;532
1441;2023-09-14;19:55:11.0000000;525
1442;2022-12-19;23:03:43.0000000;408
1443;2024-03-02;05:17:46.0000000;1
1444;2024-09-22;21:50:31.0000000;304
1445;2024-08-22;20:21:52.0000000;442
1446;2024-04-14;18:06:49.0000000;685
1447;2024-10-24;15:45:49.0000000;17
1448;2023-03-07;23:48:38.0000000;60
1449;2023-02-26;08:10:07.0000000;152
1450;2023-03-03;13:36:39.0000000;994
1451;2022-04-28;14:13:42.0000000;634
1452;2023-09-23;03:00:31.0000000;129
1453;2023-09-13;14:21:13.0000000;254
1454;2023-04-14;02:37:05.0000000;687
1455;2022-01-05;07:29:38.0000000;925
1456;2022-09-13;14:47:00.0000000;240
1457;2024-01-19;02:41:45.0000000;347
1458;2024-12-15;08:14:04.0000000;694
1459;2022-09-10;12:22:25.0000000;836
1460;2022-09-26;01:05:29.0000000;856
1461;2022-08-28;21:27:22.0000000;515
1462;2024-01-06;07:51:44.0000000;47
1463;2023-03-28;23:38:31.0000000;54
1464;2022-01-05;16:46:29.0000000;342
1465;2024-04-03;22:56:26.0000000;772
1466;2023-06-28;00:32:40.0000000;866
1467;2023-10-31;16:54:25.0000000;196
1468;2023-03-09;20:41:26.0000000;461
1469;2022-06-07;05:33:17.0000000;790
1470;2024-02-22;01:50:44.0000000;231
1471;2024-09-23;11:17:09.0000000;876
1472;2024-05-25;16:16:40.0000000;784
1473;2023-02-10;21:33:26.0000000;685
1474;2024-05-19;17:02:00.0000000;198
1475;2024-03-05;07:06:48.0000000;908
1476;2022-09-20;12:21:15.0000000;795
1477;2023-09-05;18:46:36.0000000;171
1478;2024-02-02;07:33:07.0000000;110
1479;2022-02-18;04:45:52.0000000;200
1480;2024-07-13;10:45:20.0000000;422
1481;2023-05-23;11:41:33.0000000;978
1482;2023-01-09;00:56:27.0000000;886
1483;2023-10-20;01:47:09.0000000;80
1484;2023-03-18;14:15:25.0000000;519
1485;2023-06-28;14:59:30.0000000;853
1486;2023-09-01;08:50:44.0000000;525
1487;2022-08-18;14:45:40.0000000;363
1488;2022-01-04;22:31:47.0000000;49
1489;2024-01-08;01:49:40.0000000;921
1490;2024-05-24;13:04:58.0000000;523
1491;2024-10-31;20:33:23.0000000;217
1492;2023-12-25;19:57:22.0000000;842
1493;2022-09-17;07:13:36.0000000;92
1494;2023-01-14;17:44:58.0000000;610
1495;2023-11-01;13:57:22.0000000;402
1496;2024-11-28;07:41:20.0000000;847
1497;2023-10-13;16:27:47.0000000;847
1498;2024-12-18;07:03:19.0000000;730
1499;2022-08-03;11:19:43.0000000;838
1500;2024-03-29;08:12:50.0000000;375
1501;2024-05-22;02:06:49.0000000;912
1502;2022-03-26;11:55:01.0000000;718
1503;2023-12-18;00:06:24.0000000;653
1504;2022-11-06;08:42:10.0000000;527
1505;2024-08-27;20:04:01.0000000;40
1506;2023-08-30;23:43:05.0000000;134
1507;2022-11-13;14:32:11.0000000;97
1508;2022-05-08;08:53:13.0000000;958
1509;2024-02-22;21:43:57.0000000;942
1510;2024-09-30;13:13:26.0000000;350
1511;2022-05-14;16:57:52.0000000;536
1512;2023-06-28;12:14:33.0000000;923
1513;2024-12-10;16:45:00.0000000;830
1514;2022-06-04;18:05:57.0000000;132
1515;2023-12-14;06:35:40.0000000;933
1516;2023-07-25;17:29:52.0000000;240
1517;2023-02-01;14:49:50.0000000;18
1518;2022-11-13;06:29:38.0000000;185
1519;2024-03-26;22:44:44.0000000;142
1520;2023-01-08;10:18:14.0000000;6
1521;2023-09-17;11:15:14.0000000;668
1522;2023-10-09;13:03:05.0000000;400
1523;2024-06-11;08:43:43.0000000;735
1524;2023-09-20;22:16:36.0000000;804
1525;2024-05-29;06:12:49.0000000;470
1526;2023-03-19;15:17:08.0000000;463
1527;2024-04-20;03:38:46.0000000;546
1528;2024-09-10;20:00:10.0000000;608
1529;2022-11-14;03:17:20.0000000;616
1530;2022-11-09;09:34:13.0000000;255
1531;2024-06-02;20:38:11.0000000;449
1532;2023-05-10;15:46:26.0000000;11
1533;2024-09-27;12:12:34.0000000;797
1534;2022-11-05;00:11:28.0000000;702
1535;2023-08-24;15:16:48.0000000;687
1536;2023-08-03;12:56:21.0000000;479
1537;2022-06-25;01:56:53.0000000;230
1538;2022-09-30;23:05:20.0000000;861
1539;2024-03-22;08:56:14.0000000;197
1540;2022-10-18;03:42:51.0000000;766
1541;2022-11-01;20:59:03.0000000;10
1542;2024-03-26;00:18:53.0000000;300
1543;2024-01-12;10:44:51.0000000;931
1544;2024-01-24;00:35:40.0000000;35
1545;2022-10-03;19:26:05.0000000;493
1546;2024-07-06;17:10:19.0000000;975
1547;2024-08-19;01:58:53.0000000;60
1548;2023-10-04;14:47:08.0000000;315
1549;2022-11-20;08:15:24.0000000;512
1550;2024-06-08;00:06:30.0000000;35
1551;2022-07-23;09:06:27.0000000;543
1552;2024-11-12;08:25:05.0000000;317
1553;2024-03-24;17:09:10.0000000;78
1554;2023-01-29;12:16:56.0000000;474
1555;2023-08-19;21:01:08.0000000;514
1556;2024-07-14;08:51:29.0000000;377
1557;2024-07-08;00:22:09.0000000;46
1558;2022-07-26;06:51:25.0000000;256
1559;2022-01-26;20:34:57.0000000;979
1560;2023-03-11;01:52:18.0000000;362
1561;2024-09-24;06:39:33.0000000;120
1562;2023-10-19;12:01:05.0000000;569
1563;2023-02-27;08:56:39.0000000;102
1564;2022-07-26;21:15:57.0000000;573
1565;2023-08-07;05:52:53.0000000;463
1566;2022-04-05;05:50:29.0000000;391
1567;2022-04-17;21:53:56.0000000;732
1568;2022-12-23;01:45:56.0000000;119
1569;2022-02-24;07:29:22.0000000;701
1570;2023-12-31;01:52:04.0000000;217
1571;2023-04-26;00:29:01.0000000;763
1572;2023-06-07;16:46:23.0000000;991
1573;2024-08-08;22:20:32.0000000;817
1574;2022-12-01;14:16:59.0000000;328
1575;2023-04-20;07:11:05.0000000;860
1576;2023-02-24;13:19:53.0000000;79
1577;2022-07-14;13:51:16.0000000;310
1578;2023-10-28;08:17:38.0000000;780
1579;2022-06-26;14:20:10.0000000;146
1580;2022-06-16;18:42:10.0000000;955
1581;2024-10-10;23:08:58.0000000;879
1582;2022-03-24;23:01:01.0000000;116
1583;2023-03-06;17:23:24.0000000;372
1584;2023-12-14;16:50:17.0000000;550
1585;2024-03-16;11:47:21.0000000;622
1586;2023-06-26;05:30:48.0000000;142
1587;2023-12-26;09:27:50.0000000;774
1588;2022-07-13;20:42:49.0000000;255
1589;2022-11-20;12:36:30.0000000;294
1590;2022-09-29;02:55:58.0000000;63
1591;2024-03-17;10:19:44.0000000;710
1592;2024-01-06;00:48:12.0000000;310
1593;2023-05-02;07:22:08.0000000;500
1594;2023-05-31;16:59:20.0000000;885
1595;2023-09-23;10:24:03.0000000;232
1596;2023-03-30;18:26:31.0000000;277
1597;2022-09-17;14:22:52.0000000;322
1598;2024-11-19;15:12:06.0000000;849
1599;2022-12-22;17:11:32.0000000;104
1600;2022-09-27;16:11:32.0000000;247
1601;2023-09-08;12:43:24.0000000;987
1602;2023-11-24;22:03:30.0000000;918
1603;2024-06-23;01:38:14.0000000;815
1604;2022-12-10;21:22:08.0000000;604
1605;2023-05-15;02:42:26.0000000;389
1606;2023-05-16;12:35:05.0000000;903
1607;2022-02-25;06:00:33.0000000;514
1608;2023-06-25;11:58:49.0000000;846
1609;2024-08-23;01:41:12.0000000;230
1610;2022-06-13;21:27:24.0000000;284
1611;2024-02-25;14:19:45.0000000;962
1612;2024-09-24;21:09:23.0000000;616
1613;2023-06-29;09:28:29.0000000;678
1614;2023-05-19;01:35:41.0000000;564
1615;2022-01-19;12:02:28.0000000;378
1616;2022-10-23;05:14:17.0000000;812
1617;2023-02-20;16:56:53.0000000;678
1618;2022-08-01;12:35:16.0000000;1006
1619;2022-08-06;21:25:23.0000000;846
1620;2023-08-28;17:27:06.0000000;505
1621;2023-11-21;05:24:08.0000000;651
1622;2023-08-07;21:15:37.0000000;578
1623;2022-11-19;21:19:00.0000000;518
1624;2023-10-26;07:46:02.0000000;804
1625;2023-12-16;20:34:59.0000000;45
1626;2023-01-14;08:02:55.0000000;396
1627;2022-09-19;14:00:22.0000000;374
1628;2024-08-23;23:57:51.0000000;325
1629;2024-05-04;11:52:08.0000000;866
1630;2023-12-30;06:23:25.0000000;825
1631;2023-07-13;20:50:48.0000000;250
1632;2022-07-13;14:40:51.0000000;566
1633;2024-04-01;12:36:04.0000000;329
1634;2022-07-10;21:34:29.0000000;231
1635;2022-03-15;16:09:28.0000000;526
1636;2022-02-08;07:22:24.0000000;69
1637;2023-11-30;15:36:18.0000000;268
1638;2022-12-08;22:08:20.0000000;241
1639;2023-08-24;15:25:51.0000000;675
1640;2024-03-05;05:38:31.0000000;681
1641;2022-07-20;12:30:16.0000000;428
1642;2024-11-23;12:12:51.0000000;285
1643;2024-04-21;07:27:16.0000000;161
1644;2022-01-13;01:16:24.0000000;47
1645;2024-06-26;09:50:49.0000000;788
1646;2022-06-28;12:30:23.0000000;338
1647;2023-03-31;19:05:53.0000000;387
1648;2022-10-11;08:55:14.0000000;824
1649;2022-09-19;06:34:38.0000000;738
1650;2023-02-26;00:48:08.0000000;985
1651;2023-06-24;11:25:09.0000000;346
1652;2023-03-23;16:51:29.0000000;64
1653;2023-08-01;06:41:38.0000000;263
1654;2023-11-23;14:46:19.0000000;648
1655;2023-03-17;18:03:11.0000000;144
1656;2023-08-14;08:52:55.0000000;304
1657;2023-04-28;06:44:04.0000000;982
1658;2023-08-07;14:10:28.0000000;587
1659;2024-08-18;11:56:48.0000000;155
1660;2024-01-20;23:17:36.0000000;58
1661;2022-07-10;02:28:27.0000000;974
1662;2022-10-21;15:31:22.0000000;580
1663;2023-11-26;16:57:41.0000000;569
1664;2022-03-07;16:21:06.0000000;826
1665;2024-09-02;22:22:49.0000000;252
1666;2024-08-18;11:36:41.0000000;493
1667;2022-09-21;08:57:14.0000000;435
1668;2022-10-03;15:07:14.0000000;730
1669;2023-05-14;13:19:09.0000000;470
1670;2022-10-04;05:09:22.0000000;19
1671;2023-11-23;00:09:08.0000000;857
1672;2024-09-27;01:02:50.0000000;779
1673;2024-07-13;18:54:35.0000000;484
1674;2023-10-06;07:56:17.0000000;933
1675;2024-11-03;14:38:18.0000000;461
1676;2024-09-06;12:01:42.0000000;465
1677;2024-02-02;05:25:48.0000000;103
1678;2024-11-01;10:02:28.0000000;996
1679;2022-10-29;21:03:15.0000000;985
1680;2022-03-13;16:40:03.0000000;572
1681;2024-01-05;07:03:49.0000000;775
1682;2022-04-24;09:07:05.0000000;683
1683;2024-04-24;04:24:07.0000000;51
1684;2023-06-29;10:48:59.0000000;990
1685;2022-07-25;00:28:16.0000000;261
1686;2022-11-30;07:30:21.0000000;897
1687;2022-08-05;01:06:24.0000000;860
1688;2022-08-09;02:36:48.0000000;701
1689;2023-02-02;07:46:03.0000000;574
1690;2022-05-17;05:37:38.0000000;23
1691;2023-11-04;14:49:18.0000000;241
1692;2022-05-06;10:29:26.0000000;528
1693;2023-05-31;09:34:33.0000000;382
1694;2022-04-28;02:42:55.0000000;4
1695;2022-01-04;02:04:42.0000000;764
1696;2024-07-09;00:59:55.0000000;882
1697;2023-02-26;05:05:05.0000000;1011
1698;2022-07-05;02:41:21.0000000;237
1699;2024-10-07;15:47:29.0000000;400
1700;2023-04-22;09:41:59.0000000;485
1701;2024-07-12;07:44:08.0000000;595
1702;2024-05-16;03:14:58.0000000;983
1703;2022-04-24;18:24:14.0000000;478
1704;2024-07-25;17:26:42.0000000;713
1705;2022-08-19;12:47:19.0000000;21
1706;2023-02-18;22:37:49.0000000;56
1707;2022-05-19;14:49:01.0000000;234
1708;2022-08-25;08:39:21.0000000;713
1709;2022-02-25;02:11:34.0000000;279
1710;2023-09-26;12:29:32.0000000;57
1711;2023-12-14;01:06:13.0000000;965
1712;2022-09-24;07:13:07.0000000;830
1713;2022-01-05;01:14:16.0000000;647
1714;2024-12-26;00:14:10.0000000;771
1715;2022-01-29;19:45:50.0000000;237
1716;2023-06-19;03:08:30.0000000;48
1717;2023-11-11;07:00:17.0000000;412
1718;2022-02-22;10:59:48.0000000;621
1719;2024-08-21;15:04:52.0000000;966
1720;2023-12-09;10:14:46.0000000;162
1721;2022-10-19;11:45:27.0000000;835
1722;2024-10-14;04:41:44.0000000;500
1723;2024-07-27;01:55:21.0000000;907
1724;2023-06-24;21:43:34.0000000;647
1725;2023-08-06;03:46:56.0000000;974
1726;2022-06-22;10:17:03.0000000;874
1727;2024-03-29;00:20:02.0000000;902
1728;2024-07-22;22:23:58.0000000;545
1729;2024-01-03;21:12:34.0000000;72
1730;2023-02-25;05:44:59.0000000;389
1731;2024-06-06;22:57:43.0000000;672
1732;2022-02-19;02:50:20.0000000;173
1733;2024-12-21;15:00:11.0000000;37
1734;2022-11-19;23:34:38.0000000;185
1735;2024-07-16;08:39:58.0000000;159
1736;2022-02-01;14:36:36.0000000;981
1737;2023-07-08;06:36:52.0000000;284
1738;2022-08-28;18:27:45.0000000;826
1739;2023-03-25;19:20:40.0000000;148
1740;2024-11-04;03:01:09.0000000;28
1741;2024-06-02;17:22:02.0000000;800
1742;2024-01-06;21:49:58.0000000;245
1743;2023-06-05;20:05:43.0000000;143
1744;2022-06-09;14:21:20.0000000;889
1745;2022-01-18;21:36:43.0000000;634
1746;2022-11-23;16:58:01.0000000;724
1747;2024-12-29;21:19:05.0000000;948
1748;2024-10-18;05:04:17.0000000;710
1749;2022-09-14;14:03:03.0000000;191
1750;2022-10-30;07:41:01.0000000;463
1751;2024-10-12;17:54:22.0000000;946
1752;2024-12-06;07:01:41.0000000;811
1753;2024-11-30;07:00:32.0000000;679
1754;2022-10-06;03:08:30.0000000;807
1755;2024-09-28;12:54:58.0000000;995
1756;2024-04-03;06:47:39.0000000;942
1757;2023-11-30;08:55:18.0000000;555
1758;2022-01-22;06:44:08.0000000;399
1759;2023-10-22;22:06:14.0000000;514
1760;2024-04-21;08:17:02.0000000;346
1761;2022-08-07;02:37:02.0000000;270
1762;2022-06-10;00:58:09.0000000;915
1763;2022-05-20;10:22:24.0000000;564
1764;2024-02-07;03:19:41.0000000;600
1765;2022-07-19;17:51:15.0000000;155
1766;2022-02-24;17:57:59.0000000;53
1767;2024-01-22;22:12:28.0000000;263
1768;2022-02-08;07:02:01.0000000;326
1769;2024-11-01;01:55:19.0000000;740
1770;2024-10-26;22:28:13.0000000;692
1771;2024-11-01;11:13:13.0000000;580
1772;2023-10-10;13:03:26.0000000;1
1773;2023-01-21;05:34:14.0000000;827
1774;2022-03-21;01:30:09.0000000;712
1775;2023-08-21;15:02:06.0000000;876
1776;2024-07-22;15:13:41.0000000;585
1777;2023-04-26;12:16:39.0000000;225
1778;2024-07-12;04:48:54.0000000;932
1779;2023-10-27;11:19:13.0000000;304
1780;2023-01-11;09:57:35.0000000;287
1781;2022-02-02;16:15:33.0000000;899
1782;2023-08-20;05:28:15.0000000;302
1783;2022-08-08;10:01:54.0000000;160
1784;2024-05-08;21:58:30.0000000;934
1785;2024-06-14;13:12:11.0000000;939
1786;2022-12-24;04:20:30.0000000;633
1787;2023-09-23;13:32:49.0000000;577
1788;2022-03-05;15:20:46.0000000;986
1789;2022-05-30;17:59:43.0000000;42
1790;2023-01-14;00:01:06.0000000;712
1791;2022-10-09;21:01:40.0000000;634
1792;2022-06-03;06:49:35.0000000;973
1793;2024-02-27;13:55:33.0000000;305
1794;2024-08-15;17:30:53.0000000;394
1795;2023-03-09;09:44:06.0000000;740
1796;2023-08-09;08:15:08.0000000;254
1797;2022-01-04;03:52:45.0000000;614
1798;2023-05-19;16:52:07.0000000;41
1799;2024-12-05;01:01:31.0000000;155
1800;2022-02-22;09:28:43.0000000;167
1801;2022-07-25;12:47:43.0000000;475
1802;2023-10-11;08:25:16.0000000;718
1803;2024-11-28;10:28:44.0000000;573
1804;2023-11-28;18:17:43.0000000;591
1805;2024-01-07;03:57:04.0000000;19
1806;2023-10-21;23:16:08.0000000;123
1807;2024-11-19;05:14:15.0000000;873
1808;2022-07-24;07:32:55.0000000;612
1809;2024-04-13;01:26:48.0000000;930
1810;2024-11-04;05:58:06.0000000;550
1811;2023-07-28;22:44:39.0000000;791
1812;2023-03-29;00:57:17.0000000;968
1813;2022-07-08;16:29:07.0000000;806
1814;2022-05-08;15:05:28.0000000;153
1815;2022-06-23;22:47:01.0000000;438
1816;2022-10-17;07:58:07.0000000;280
1817;2024-12-30;00:50:53.0000000;977
1818;2023-08-05;08:05:52.0000000;721
1819;2022-11-26;03:45:19.0000000;167
1820;2024-07-14;00:59:27.0000000;600
1821;2022-09-07;15:58:21.0000000;118
1822;2024-12-18;16:30:44.0000000;960
1823;2023-07-06;05:31:53.0000000;366
1824;2023-11-02;15:52:31.0000000;14
1825;2024-02-18;05:05:40.0000000;881
1826;2024-01-28;03:58:55.0000000;84
1827;2022-04-26;21:43:40.0000000;820
1828;2024-03-10;18:08:16.0000000;616
1829;2022-07-09;04:35:39.0000000;761
1830;2022-09-17;04:42:07.0000000;391
1831;2024-08-21;07:29:36.0000000;527
1832;2022-03-11;12:06:35.0000000;478
1833;2022-12-21;10:36:18.0000000;73
1834;2022-10-29;05:45:57.0000000;90
1835;2024-12-13;19:39:58.0000000;368
1836;2023-10-22;18:10:41.0000000;930
1837;2023-03-29;20:35:49.0000000;319
1838;2023-08-05;20:37:52.0000000;691
1839;2023-02-22;13:10:43.0000000;161
1840;2022-05-10;13:10:55.0000000;894
1841;2023-02-04;14:42:10.0000000;761
1842;2023-08-09;04:39:24.0000000;675
1843;2024-12-17;17:52:17.0000000;859
1844;2024-11-15;11:50:26.0000000;272
1845;2022-05-18;21:02:09.0000000;564
1846;2023-09-24;14:31:15.0000000;651
1847;2024-06-24;12:24:39.0000000;168
1848;2024-06-14;07:53:02.0000000;761
1849;2023-05-03;13:16:32.0000000;125
1850;2022-08-24;06:54:00.0000000;694
1851;2024-10-03;20:16:12.0000000;606
1852;2024-03-03;08:03:12.0000000;402
1853;2023-11-09;12:01:44.0000000;712
1854;2022-08-31;07:25:14.0000000;451
1855;2024-12-16;05:13:57.0000000;470
1856;2023-12-30;23:25:05.0000000;78
1857;2023-06-12;06:10:56.0000000;1001
1858;2022-08-19;05:55:07.0000000;523
1859;2024-08-17;21:52:22.0000000;633
1860;2024-06-21;17:35:51.0000000;22
1861;2024-05-23;11:53:27.0000000;463
1862;2022-09-05;13:58:48.0000000;87
1863;2024-07-29;17:39:14.0000000;807
1864;2024-05-27;15:23:50.0000000;144
1865;2023-09-03;03:22:56.0000000;5
1866;2023-01-14;18:10:31.0000000;684
1867;2024-11-23;12:45:41.0000000;258
1868;2024-07-28;04:05:25.0000000;335
1869;2023-02-01;19:28:10.0000000;216
1870;2024-10-30;16:28:14.0000000;354
1871;2023-10-14;14:37:57.0000000;540
1872;2024-09-09;16:39:17.0000000;490
1873;2023-10-30;18:34:49.0000000;639
1874;2022-03-13;04:19:40.0000000;846
1875;2023-09-16;13:08:04.0000000;792
1876;2023-09-26;17:10:17.0000000;731
1877;2024-05-23;02:07:05.0000000;788
1878;2022-08-22;01:24:08.0000000;156
1879;2022-09-30;17:34:42.0000000;733
1880;2024-04-27;20:17:22.0000000;935
1881;2024-11-30;00:14:36.0000000;412
1882;2023-10-25;13:41:16.0000000;166
1883;2023-04-10;15:12:45.0000000;441
1884;2024-03-28;04:36:15.0000000;62
1885;2024-02-28;04:55:42.0000000;97
1886;2023-01-01;21:21:42.0000000;926
1887;2023-09-21;17:01:33.0000000;732
1888;2024-02-26;07:31:10.0000000;605
1889;2024-03-16;05:05:00.0000000;373
1890;2024-05-21;16:24:24.0000000;784
1891;2024-05-03;08:03:07.0000000;354
1892;2024-03-18;01:05:19.0000000;985
1893;2022-12-03;03:09:12.0000000;635
1894;2024-06-25;14:32:47.0000000;887
1895;2023-08-28;21:05:17.0000000;391
1896;2022-02-04;12:54:54.0000000;811
1897;2022-12-18;01:47:02.0000000;534
1898;2023-06-18;14:33:20.0000000;664
1899;2024-12-04;13:17:34.0000000;502
1900;2024-06-08;04:25:46.0000000;619
1901;2022-09-29;07:16:07.0000000;409
1902;2023-11-27;16:09:50.0000000;78
1903;2023-03-23;01:18:48.0000000;195
1904;2024-11-10;20:35:51.0000000;188
1905;2024-05-07;13:44:08.0000000;799
1906;2024-07-07;13:57:30.0000000;106
1907;2023-07-06;14:18:29.0000000;211
1908;2023-09-11;12:20:17.0000000;481
1909;2024-02-25;07:43:11.0000000;428
1910;2024-09-25;18:53:22.0000000;877
1911;2024-09-28;14:21:30.0000000;243
1912;2023-10-09;20:14:22.0000000;969
1913;2022-06-08;03:28:21.0000000;1008
1914;2023-12-23;08:13:49.0000000;990
1915;2023-08-09;08:23:48.0000000;358
1916;2024-06-07;13:50:13.0000000;896
1917;2024-06-12;00:27:20.0000000;958
1918;2023-09-07;13:17:12.0000000;142
1919;2022-06-26;11:07:39.0000000;239
1920;2023-10-08;18:44:40.0000000;421
1921;2022-03-09;07:46:38.0000000;326
1922;2022-10-08;00:41:14.0000000;34
1923;2023-11-02;20:40:00.0000000;211
1924;2022-09-29;01:32:21.0000000;465
1925;2023-09-15;02:19:48.0000000;248
1926;2022-08-25;23:56:01.0000000;189
1927;2024-03-15;10:27:02.0000000;113
1928;2022-07-13;03:30:11.0000000;966
1929;2022-02-27;17:58:23.0000000;400
1930;2022-07-09;08:12:25.0000000;532
1931;2023-10-27;13:31:25.0000000;681
1932;2023-01-30;13:01:24.0000000;627
1933;2023-08-03;11:16:24.0000000;536
1934;2022-08-18;03:41:15.0000000;754
1935;2022-04-24;22:24:07.0000000;769
1936;2022-09-29;01:02:56.0000000;103
1937;2023-06-02;02:02:28.0000000;193
1938;2023-11-27;01:40:20.0000000;512
1939;2023-12-11;02:06:06.0000000;701
1940;2024-02-20;07:30:49.0000000;874
1941;2022-03-17;12:29:50.0000000;84
1942;2024-12-30;02:20:39.0000000;315
1943;2023-10-03;11:12:33.0000000;368
1944;2023-02-17;08:45:56.0000000;894
1945;2024-12-25;15:06:23.0000000;973
1946;2024-10-01;10:07:11.0000000;160
1947;2023-06-30;10:29:31.0000000;488
1948;2024-06-23;12:25:53.0000000;148
1949;2022-12-29;12:49:44.0000000;192
1950;2023-03-30;04:22:46.0000000;427
1951;2022-11-14;05:38:56.0000000;1006
1952;2023-04-07;10:21:51.0000000;333
1953;2023-08-28;03:14:23.0000000;555
1954;2023-03-14;07:11:29.0000000;202
1955;2024-08-28;19:31:24.0000000;133
1956;2022-12-14;14:15:13.0000000;265
1957;2022-12-11;01:49:39.0000000;806
1958;2022-03-10;00:29:04.0000000;97
1959;2023-12-26;17:07:46.0000000;991
1960;2022-11-10;08:17:03.0000000;505
1961;2023-11-16;10:20:21.0000000;981
1962;2022-03-14;02:15:30.0000000;911
1963;2022-01-20;06:34:53.0000000;979
1964;2024-09-20;08:59:13.0000000;681
1965;2023-11-06;13:02:46.0000000;649
1966;2024-12-05;20:16:38.0000000;334
1967;2022-04-16;10:33:26.0000000;812
1968;2023-08-05;19:28:53.0000000;864
1969;2023-01-08;16:17:40.0000000;963
1970;2024-04-11;13:16:39.0000000;780
1971;2023-12-15;19:02:59.0000000;60
1972;2024-03-13;21:38:05.0000000;92
1973;2024-07-22;19:39:06.0000000;339
1974;2022-06-09;06:00:21.0000000;569
1975;2022-05-05;07:29:11.0000000;925
1976;2024-04-19;06:31:38.0000000;893
1977;2024-01-23;15:18:00.0000000;450
1978;2022-07-09;12:31:21.0000000;880
1979;2024-09-30;03:11:37.0000000;77
1980;2024-04-20;15:56:37.0000000;932
1981;2024-10-24;21:29:18.0000000;964
1982;2022-12-18;16:48:19.0000000;479
1983;2024-02-26;13:51:29.0000000;1000
1984;2022-10-27;13:53:11.0000000;694
1985;2023-04-25;02:24:32.0000000;458
1986;2024-08-21;15:56:26.0000000;336
1987;2022-10-25;02:00:54.0000000;253
1988;2024-11-13;11:55:10.0000000;414
1989;2022-03-26;21:33:23.0000000;175
1990;2023-02-11;09:02:31.0000000;202
1991;2024-10-31;17:47:57.0000000;159
1992;2024-03-16;15:23:40.0000000;959
1993;2024-12-27;04:53:16.0000000;122
1994;2022-01-11;16:35:54.0000000;444
1995;2022-01-15;07:36:50.0000000;488
1996;2023-09-21;11:39:31.0000000;831
1997;2022-10-25;00:34:22.0000000;533
1998;2023-04-10;04:26:11.0000000;799
1999;2024-04-15;20:27:17.0000000;254
2000;2023-08-02;12:18:43.0000000;333
2001;2024-08-18;06:28:46.0000000;603
2002;2022-08-12;00:39:10.0000000;396
2003;2022-09-25;13:08:34.0000000;47
2004;2022-11-04;05:50:50.0000000;676
2005;2023-08-19;19:48:45.0000000;205
2006;2023-04-20;02:18:58.0000000;305
2007;2022-07-27;08:38:52.0000000;311
2008;2023-06-05;16:48:04.0000000;892
2009;2023-06-14;19:14:27.0000000;77
2010;2022-08-23;11:25:21.0000000;353
2011;2023-11-29;15:32:40.0000000;130
2012;2024-05-23;05:38:41.0000000;607
2013;2023-11-29;08:47:30.0000000;134
2014;2024-07-22;05:16:57.0000000;845
2015;2023-02-04;09:27:49.0000000;612
2016;2024-06-07;05:19:36.0000000;281
2017;2023-11-02;04:54:59.0000000;558
2018;2023-02-03;16:13:01.0000000;692
2019;2024-06-03;02:31:14.0000000;837
2020;2024-06-01;07:42:04.0000000;218
2021;2023-04-28;05:07:58.0000000;863
2022;2024-07-29;00:36:35.0000000;523
2023;2022-07-17;18:10:56.0000000;294
2024;2024-09-05;18:57:22.0000000;118
2025;2023-02-07;20:11:24.0000000;974
2026;2024-06-17;05:00:02.0000000;257
2027;2024-04-05;01:17:47.0000000;110
2028;2022-05-09;18:59:37.0000000;554
2029;2023-02-05;16:29:42.0000000;831
2030;2022-10-30;02:48:56.0000000;650
2031;2024-02-24;18:01:32.0000000;426
2032;2023-04-20;01:08:02.0000000;410
2033;2022-06-01;02:41:16.0000000;748
2034;2024-01-12;04:48:07.0000000;507
2035;2022-02-21;09:40:37.0000000;32
2036;2022-01-04;19:41:10.0000000;209
2037;2023-01-23;20:46:45.0000000;338
2038;2023-05-26;16:58:24.0000000;125
2039;2022-03-01;22:11:38.0000000;319
2040;2024-05-11;21:43:24.0000000;254
2041;2024-06-04;21:51:06.0000000;272
2042;2022-01-01;17:00:53.0000000;629
2043;2024-10-02;10:02:29.0000000;507
2044;2024-09-09;06:54:01.0000000;30
2045;2023-05-05;04:10:05.0000000;299
2046;2024-05-06;04:46:28.0000000;247
2047;2024-01-06;02:41:27.0000000;670
2048;2023-07-20;05:36:15.0000000;726
2049;2022-07-07;13:56:01.0000000;209
2050;2022-01-04;19:03:06.0000000;31
2051;2024-05-06;14:55:44.0000000;745
2052;2022-07-10;02:07:12.0000000;811
2053;2024-12-20;13:07:37.0000000;482
2054;2024-04-01;03:38:30.0000000;4
2055;2024-11-06;03:24:52.0000000;34
2056;2022-07-06;01:30:30.0000000;527
2057;2023-09-26;00:47:35.0000000;160
2058;2022-12-20;18:19:14.0000000;956
2059;2023-07-28;22:52:29.0000000;101
2060;2022-01-12;23:20:29.0000000;312
2061;2024-07-17;08:42:43.0000000;229
2062;2022-09-09;08:43:14.0000000;611
2063;2024-05-13;10:26:19.0000000;711
2064;2023-10-06;06:04:07.0000000;104
2065;2023-02-07;03:13:14.0000000;668
2066;2023-01-05;00:56:56.0000000;888
2067;2023-07-14;17:48:27.0000000;399
2068;2023-12-22;04:24:15.0000000;991
2069;2022-01-24;09:49:08.0000000;831
2070;2023-08-11;05:23:06.0000000;840
2071;2022-09-11;15:47:40.0000000;508
2072;2022-07-15;16:19:59.0000000;44
2073;2024-12-30;05:04:22.0000000;261
2074;2023-06-23;04:35:04.0000000;885
2075;2022-04-13;13:09:07.0000000;410
2076;2022-12-26;08:32:12.0000000;605
2077;2022-01-02;10:43:26.0000000;1006
2078;2022-09-29;03:13:53.0000000;607
2079;2023-05-18;00:23:20.0000000;120
2080;2024-12-08;14:31:15.0000000;796
2081;2023-03-18;11:17:58.0000000;205
2082;2024-09-08;02:08:11.0000000;424
2083;2024-09-28;20:06:54.0000000;978
2084;2023-03-28;11:32:11.0000000;434
2085;2022-02-01;20:40:28.0000000;577
2086;2024-03-08;15:38:06.0000000;722
2087;2024-02-25;17:03:48.0000000;142
2088;2023-12-09;19:09:25.0000000;514
2089;2022-06-01;21:42:05.0000000;303
2090;2022-08-08;01:39:13.0000000;823
2091;2024-01-05;17:36:45.0000000;129
2092;2022-06-29;15:12:25.0000000;352
2093;2023-05-17;00:14:09.0000000;212
2094;2022-11-02;04:51:08.0000000;346
2095;2024-01-28;03:52:40.0000000;39
2096;2023-09-26;21:55:08.0000000;742
2097;2023-05-07;06:22:38.0000000;591
2098;2022-01-06;00:35:28.0000000;367
2099;2022-08-27;07:25:20.0000000;444
2100;2023-12-21;22:04:30.0000000;491
2101;2022-12-01;20:07:54.0000000;301
2102;2022-05-06;19:49:52.0000000;787
2103;2023-07-08;04:22:31.0000000;684
2104;2022-01-09;13:52:57.0000000;899
2105;2024-01-01;06:05:57.0000000;361
2106;2022-04-03;19:48:48.0000000;418
2107;2023-08-20;01:48:58.0000000;826
2108;2022-07-26;19:05:37.0000000;85
2109;2022-01-18;19:09:50.0000000;15
2110;2023-09-15;18:51:52.0000000;15
2111;2024-02-13;21:12:08.0000000;974
2112;2023-10-05;08:56:12.0000000;87
2113;2023-01-22;12:23:38.0000000;132
2114;2023-06-26;18:19:23.0000000;1007
2115;2022-03-31;10:21:51.0000000;438
2116;2022-04-07;23:31:06.0000000;110
2117;2022-12-11;16:44:46.0000000;783
2118;2023-10-15;09:12:23.0000000;571
2119;2022-10-18;09:54:35.0000000;198
2120;2023-11-15;13:15:28.0000000;96
2121;2022-02-23;16:28:47.0000000;751
2122;2023-10-31;02:22:55.0000000;573
2123;2022-09-28;23:28:00.0000000;675
2124;2024-04-15;05:13:08.0000000;69
2125;2022-11-21;22:00:51.0000000;43
2126;2024-12-09;06:31:41.0000000;487
2127;2022-10-27;12:19:53.0000000;115
2128;2023-08-25;09:06:53.0000000;325
2129;2024-12-07;19:10:43.0000000;42
2130;2024-09-13;00:35:06.0000000;267
2131;2024-04-19;14:58:50.0000000;94
2132;2022-05-04;20:43:25.0000000;276
2133;2024-09-04;12:39:34.0000000;371
2134;2024-06-20;16:33:58.0000000;604
2135;2022-03-17;19:50:01.0000000;241
2136;2024-03-14;04:51:13.0000000;72
2137;2023-09-20;17:17:24.0000000;143
2138;2024-09-17;12:09:53.0000000;316
2139;2022-02-20;09:08:40.0000000;786
2140;2024-11-08;02:49:04.0000000;423
2141;2024-11-24;19:37:39.0000000;703
2142;2023-10-14;02:12:11.0000000;688
2143;2022-08-16;21:26:47.0000000;233
2144;2022-08-27;03:57:37.0000000;98
2145;2022-01-22;15:33:30.0000000;212
2146;2022-02-08;18:11:51.0000000;850
2147;2023-12-12;09:13:19.0000000;115
2148;2022-09-27;14:39:54.0000000;578
2149;2023-01-31;15:21:35.0000000;349
2150;2024-07-15;07:24:21.0000000;81
2151;2022-04-14;23:41:17.0000000;503
2152;2022-05-21;17:24:08.0000000;890
2153;2023-10-29;22:56:59.0000000;122
2154;2022-07-27;12:26:18.0000000;642
2155;2022-12-12;03:21:04.0000000;581
2156;2023-07-19;08:50:34.0000000;428
2157;2023-01-19;18:25:28.0000000;203
2158;2023-05-30;07:18:07.0000000;387
2159;2023-01-22;04:44:12.0000000;622
2160;2024-10-04;15:49:42.0000000;217
2161;2022-03-18;15:03:36.0000000;866
2162;2024-05-21;10:26:16.0000000;852
2163;2022-12-18;06:36:03.0000000;716
2164;2024-04-21;14:31:13.0000000;164
2165;2022-03-25;13:59:21.0000000;624
2166;2022-08-10;20:51:56.0000000;978
2167;2022-09-20;18:14:17.0000000;29
2168;2022-08-29;04:32:27.0000000;72
2169;2022-03-27;00:51:44.0000000;50
2170;2022-01-22;22:25:12.0000000;122
2171;2022-07-29;19:01:10.0000000;957
2172;2022-02-24;00:22:37.0000000;20
2173;2023-12-11;21:50:39.0000000;652
2174;2024-03-24;07:30:35.0000000;611
2175;2022-06-24;10:18:47.0000000;609
2176;2024-11-06;11:00:47.0000000;207
2177;2024-06-19;10:36:53.0000000;727
2178;2024-03-08;10:58:17.0000000;392
2179;2023-06-25;09:21:31.0000000;853
2180;2024-08-25;08:52:47.0000000;78
2181;2022-05-02;13:39:29.0000000;626
2182;2022-04-24;00:02:10.0000000;204
2183;2024-02-22;05:48:44.0000000;1009
2184;2023-02-06;11:55:43.0000000;604
2185;2024-04-12;19:44:00.0000000;272
2186;2022-11-14;22:55:52.0000000;301
2187;2024-05-26;19:51:30.0000000;490
2188;2022-09-29;05:40:05.0000000;371
2189;2024-01-30;08:19:17.0000000;929
2190;2022-07-07;04:46:21.0000000;172
2191;2023-08-05;12:22:29.0000000;174
2192;2024-05-31;01:57:11.0000000;294
2193;2024-04-07;05:03:42.0000000;408
2194;2022-11-15;22:18:23.0000000;593
2195;2023-03-15;15:52:27.0000000;554
2196;2022-08-28;22:17:18.0000000;209
2197;2024-06-21;21:15:14.0000000;590
2198;2023-09-13;12:28:22.0000000;678
2199;2022-01-20;18:36:55.0000000;514
2200;2023-03-26;07:59:31.0000000;883
2201;2024-08-11;12:25:03.0000000;990
2202;2024-12-27;02:30:39.0000000;888
2203;2022-02-01;22:32:23.0000000;606
2204;2023-06-03;06:27:30.0000000;887
2205;2022-02-07;06:00:14.0000000;248
2206;2023-01-30;15:44:35.0000000;64
2207;2023-07-15;23:20:42.0000000;315
2208;2024-08-15;01:11:17.0000000;775
2209;2023-10-12;00:04:25.0000000;764
2210;2023-09-05;20:26:50.0000000;313
2211;2022-01-20;17:31:53.0000000;792
2212;2024-12-03;20:58:04.0000000;514
2213;2023-08-30;15:04:27.0000000;617
2214;2024-06-17;08:33:32.0000000;50
2215;2022-03-23;15:49:29.0000000;727
2216;2024-02-08;00:56:21.0000000;262
2217;2024-06-26;11:08:21.0000000;945
2218;2023-09-07;12:10:50.0000000;727
2219;2023-02-01;12:30:03.0000000;326
2220;2023-07-24;16:00:41.0000000;875
2221;2023-11-24;06:47:55.0000000;777
2222;2024-07-28;19:42:37.0000000;107
2223;2022-08-13;16:43:07.0000000;545
2224;2022-07-06;09:35:31.0000000;970
2225;2022-12-13;08:52:38.0000000;403
2226;2024-11-17;01:48:27.0000000;160
2227;2023-02-16;17:15:27.0000000;119
2228;2022-09-04;14:26:37.0000000;39
2229;2024-10-10;11:41:32.0000000;781
2230;2022-04-03;10:46:41.0000000;750
2231;2022-09-15;19:18:38.0000000;604
2232;2022-03-06;23:38:45.0000000;338
2233;2023-12-27;07:25:57.0000000;631
2234;2022-12-09;04:40:12.0000000;305
2235;2024-02-27;21:36:05.0000000;777
2236;2024-01-07;02:05:51.0000000;148
2237;2024-04-15;06:26:28.0000000;975
2238;2024-02-28;07:53:20.0000000;742
2239;2024-11-14;15:47:25.0000000;633
2240;2024-05-01;07:59:09.0000000;621
2241;2022-02-12;08:07:59.0000000;129
2242;2023-09-16;01:48:19.0000000;203
2243;2022-10-20;02:46:18.0000000;80
2244;2024-04-19;07:26:29.0000000;214
2245;2022-07-18;23:29:58.0000000;794
2246;2023-08-30;04:30:18.0000000;385
2247;2022-11-28;12:36:40.0000000;102
2248;2023-03-13;11:02:40.0000000;705
2249;2022-04-27;17:22:19.0000000;865
2250;2022-12-12;21:13:11.0000000;501
2251;2023-02-21;13:47:52.0000000;498
2252;2023-04-22;13:36:06.0000000;121
2253;2023-03-08;06:42:27.0000000;660
2254;2024-04-22;20:52:06.0000000;336
2255;2023-07-11;10:15:37.0000000;261
2256;2023-12-14;18:22:14.0000000;664
2257;2023-09-06;15:35:35.0000000;356
2258;2024-06-17;16:31:13.0000000;130
2259;2022-07-11;19:36:31.0000000;574
2260;2024-08-26;19:03:44.0000000;662
2261;2023-02-04;03:08:26.0000000;461
2262;2024-10-03;19:51:04.0000000;791
2263;2023-12-21;12:51:57.0000000;392
2264;2024-09-20;06:49:32.0000000;116
2265;2022-11-09;10:26:03.0000000;468
2266;2023-05-22;13:28:59.0000000;301
2267;2024-09-06;17:12:55.0000000;273
2268;2022-11-24;03:21:01.0000000;897
2269;2024-10-25;11:46:04.0000000;800
2270;2023-02-10;17:03:36.0000000;565
2271;2024-09-08;15:22:59.0000000;86
2272;2023-04-13;20:20:33.0000000;86
2273;2022-10-15;12:17:18.0000000;777
2274;2023-03-06;19:34:09.0000000;793
2275;2023-01-18;18:34:36.0000000;860
2276;2022-06-25;22:03:17.0000000;576
2277;2023-03-15;11:58:51.0000000;119
2278;2024-06-21;21:35:32.0000000;289
2279;2024-06-08;21:15:06.0000000;54
2280;2024-07-21;11:25:02.0000000;717
2281;2023-03-31;01:27:57.0000000;894
2282;2022-03-26;15:13:45.0000000;600
2283;2023-06-11;21:24:08.0000000;670
2284;2024-01-16;17:46:31.0000000;465
2285;2023-08-24;17:38:39.0000000;378
2286;2024-03-25;04:33:27.0000000;47
2287;2023-11-14;06:28:35.0000000;467
2288;2024-08-24;15:06:43.0000000;804
2289;2022-01-16;08:28:11.0000000;857
2290;2023-05-11;05:41:28.0000000;74
2291;2023-10-11;08:31:13.0000000;394
2292;2022-02-15;02:47:40.0000000;959
2293;2022-05-21;10:26:40.0000000;768
2294;2022-03-29;06:17:48.0000000;289
2295;2023-11-14;01:33:00.0000000;802
2296;2024-08-04;21:48:05.0000000;195
2297;2024-08-01;10:08:05.0000000;586
2298;2022-05-29;08:37:39.0000000;857
2299;2023-11-05;09:24:16.0000000;478
2300;2024-03-21;01:23:04.0000000;235
2301;2024-02-11;13:02:39.0000000;171
2302;2024-12-12;06:43:36.0000000;622
2303;2022-10-28;06:58:36.0000000;729
2304;2022-10-18;17:08:01.0000000;571
2305;2024-08-27;18:21:40.0000000;341
2306;2023-02-01;18:49:16.0000000;477
2307;2022-01-05;10:25:53.0000000;751
2308;2022-07-22;22:03:51.0000000;514
2309;2023-01-31;14:44:17.0000000;929
2310;2024-12-26;17:27:27.0000000;427
2311;2024-05-22;02:19:27.0000000;466
2312;2024-08-06;23:28:38.0000000;469
2313;2024-06-18;23:38:33.0000000;219
2314;2024-06-10;12:13:16.0000000;450
2315;2023-01-15;14:41:31.0000000;499
2316;2024-03-11;09:13:15.0000000;246
2317;2022-11-27;16:21:47.0000000;497
2318;2024-11-07;02:47:02.0000000;679
2319;2024-10-21;00:37:06.0000000;483
2320;2022-01-11;10:26:33.0000000;43
2321;2024-01-04;14:30:01.0000000;143
2322;2024-12-27;12:37:24.0000000;851
2323;2024-09-13;01:24:16.0000000;106
2324;2023-11-06;04:45:12.0000000;968
2325;2023-08-03;07:27:49.0000000;507
2326;2024-08-06;14:33:22.0000000;660
2327;2023-06-28;18:48:29.0000000;914
2328;2023-11-17;18:24:46.0000000;195
2329;2022-12-27;13:07:33.0000000;386
2330;2024-09-18;05:00:43.0000000;189
2331;2024-11-17;06:11:13.0000000;991
2332;2023-08-27;05:12:22.0000000;851
2333;2022-05-13;14:37:16.0000000;946
2334;2023-02-12;20:43:31.0000000;306
2335;2024-07-30;09:22:52.0000000;3
2336;2022-07-20;23:20:01.0000000;782
2337;2023-11-26;02:01:02.0000000;595
2338;2022-03-18;02:43:03.0000000;9
2339;2023-09-16;06:10:20.0000000;123
2340;2024-03-19;05:54:24.0000000;554
2341;2022-01-11;22:27:28.0000000;13
2342;2023-06-23;17:57:24.0000000;484
2343;2023-01-17;03:05:01.0000000;942
2344;2024-02-17;01:01:53.0000000;594
2345;2023-02-10;03:17:33.0000000;735
2346;2023-09-09;21:03:14.0000000;344
2347;2024-08-27;07:08:54.0000000;306
2348;2022-09-18;04:49:17.0000000;49
2349;2024-03-01;03:58:56.0000000;163
2350;2024-12-15;05:59:00.0000000;74
2351;2024-03-14;23:33:00.0000000;137
2352;2024-07-20;06:20:09.0000000;658
2353;2024-11-25;03:23:05.0000000;973
2354;2023-12-27;12:51:38.0000000;175
2355;2023-04-12;16:40:00.0000000;529
2356;2022-11-05;04:12:24.0000000;670
2357;2024-08-29;08:15:15.0000000;546
2358;2023-10-28;07:40:26.0000000;60
2359;2024-05-07;02:47:39.0000000;196
2360;2022-12-01;11:58:15.0000000;140
2361;2024-09-05;13:57:44.0000000;740
2362;2022-05-15;16:32:58.0000000;516
2363;2022-12-16;00:58:36.0000000;638
2364;2023-05-28;03:26:21.0000000;906
2365;2024-08-23;08:44:11.0000000;728
2366;2024-11-21;02:04:58.0000000;927
2367;2023-10-07;22:40:18.0000000;542
2368;2022-11-25;12:18:59.0000000;490
2369;2024-04-11;20:34:01.0000000;719
2370;2024-07-09;18:56:22.0000000;922
2371;2023-08-09;07:31:22.0000000;430
2372;2022-02-07;23:30:49.0000000;416
2373;2022-04-18;23:18:00.0000000;101
2374;2022-11-01;21:34:10.0000000;710
2375;2023-10-17;15:45:41.0000000;407
2376;2024-12-09;06:52:44.0000000;934
2377;2024-02-02;14:28:23.0000000;864
2378;2024-10-10;21:08:26.0000000;120
2379;2023-01-16;20:21:50.0000000;834
2380;2024-03-15;08:08:02.0000000;139
2381;2024-04-24;12:46:17.0000000;588
2382;2024-12-15;18:36:02.0000000;806
2383;2023-06-09;16:02:43.0000000;478
2384;2024-08-02;02:38:55.0000000;845
2385;2023-05-25;12:17:27.0000000;785
2386;2023-05-09;17:33:44.0000000;465
2387;2023-05-08;16:09:16.0000000;189
2388;2022-05-30;10:41:52.0000000;15
2389;2022-01-06;00:00:18.0000000;169
2390;2023-01-26;14:00:51.0000000;14
2391;2022-10-22;22:04:44.0000000;277
2392;2024-04-06;18:56:20.0000000;1005
2393;2024-11-29;13:09:26.0000000;996
2394;2023-10-08;07:19:45.0000000;952
2395;2023-02-20;09:58:10.0000000;589
2396;2022-03-03;10:57:45.0000000;410
2397;2024-06-27;01:47:17.0000000;725
2398;2023-07-24;17:54:02.0000000;158
2399;2022-07-08;23:37:11.0000000;907
2400;2024-07-30;21:19:14.0000000;589
2401;2023-12-02;09:00:44.0000000;182
2402;2022-09-12;05:15:34.0000000;846
2403;2022-10-27;22:57:46.0000000;992
2404;2023-03-26;16:26:59.0000000;172
2405;2023-02-13;10:35:11.0000000;7
2406;2023-05-06;04:34:28.0000000;602
2407;2024-09-27;18:21:47.0000000;78
2408;2024-04-18;20:58:37.0000000;277
2409;2024-02-01;13:45:00.0000000;556
2410;2024-10-07;10:43:59.0000000;395
2411;2022-04-29;12:07:17.0000000;989
2412;2022-04-29;21:30:52.0000000;862
2413;2024-05-18;03:06:24.0000000;280
2414;2022-10-14;00:02:34.0000000;244
2415;2024-06-19;17:11:49.0000000;472
2416;2024-02-01;18:25:51.0000000;982
2417;2023-07-04;17:26:01.0000000;780
2418;2022-05-30;08:46:43.0000000;253
2419;2023-09-11;01:00:51.0000000;320
2420;2022-05-11;18:00:06.0000000;474
2421;2023-11-27;19:41:13.0000000;449
2422;2022-11-28;11:55:46.0000000;141
2423;2022-08-06;17:22:33.0000000;123
2424;2023-03-20;17:53:37.0000000;325
2425;2022-07-18;11:00:16.0000000;92
2426;2023-12-13;20:01:12.0000000;837
2427;2022-04-24;20:18:04.0000000;1004
2428;2024-01-08;00:29:50.0000000;505
2429;2022-10-11;01:17:20.0000000;387
2430;2022-06-13;05:18:05.0000000;96
2431;2024-01-20;17:22:40.0000000;844
2432;2024-12-10;19:35:01.0000000;667
2433;2022-01-03;22:13:56.0000000;53
2434;2024-01-07;08:31:27.0000000;465
2435;2024-03-01;06:21:04.0000000;874
2436;2024-12-18;04:03:54.0000000;951
2437;2024-04-13;19:25:33.0000000;141
2438;2024-09-01;00:51:17.0000000;934
2439;2023-04-28;13:56:22.0000000;94
2440;2024-05-21;00:05:31.0000000;878
2441;2024-10-19;09:43:11.0000000;663
2442;2023-11-08;05:10:52.0000000;525
2443;2022-05-23;18:46:22.0000000;807
2444;2022-10-02;07:14:18.0000000;912
2445;2023-09-26;07:22:00.0000000;758
2446;2022-04-19;11:50:13.0000000;253
2447;2022-11-29;17:14:51.0000000;254
2448;2023-01-01;19:24:12.0000000;184
2449;2022-11-01;17:01:59.0000000;940
2450;2023-02-14;12:34:30.0000000;511
2451;2024-01-18;09:37:14.0000000;343
2452;2023-11-22;04:47:11.0000000;209
2453;2023-02-23;08:13:38.0000000;887
2454;2022-05-26;00:02:25.0000000;620
2455;2024-10-15;10:25:51.0000000;322
2456;2022-11-21;08:06:07.0000000;186
2457;2022-10-22;05:41:07.0000000;576
2458;2022-07-29;18:10:09.0000000;419
2459;2023-05-16;02:06:39.0000000;337
2460;2023-06-05;00:28:58.0000000;556
2461;2024-02-18;02:10:33.0000000;672
2462;2023-09-03;17:04:29.0000000;295
2463;2024-07-11;17:07:12.0000000;128
2464;2024-06-28;03:18:25.0000000;290
2465;2024-06-01;23:25:57.0000000;936
2466;2023-09-07;19:02:15.0000000;605
2467;2023-05-08;19:44:47.0000000;352
2468;2023-05-29;02:19:54.0000000;580
2469;2023-02-03;20:09:58.0000000;342
2470;2023-06-25;21:42:44.0000000;478
2471;2023-06-11;20:37:47.0000000;440
2472;2024-02-03;14:03:08.0000000;172
2473;2023-06-13;03:35:46.0000000;531
2474;2023-08-30;23:30:19.0000000;895
2475;2024-02-05;18:44:08.0000000;824
2476;2023-12-13;21:37:46.0000000;167
2477;2023-04-24;17:19:00.0000000;717
2478;2023-08-08;04:35:15.0000000;829
2479;2024-05-18;05:30:14.0000000;176
2480;2023-05-18;10:19:39.0000000;287
2481;2023-09-18;15:09:29.0000000;180
2482;2022-12-11;10:17:19.0000000;983
2483;2023-03-18;04:53:16.0000000;393
2484;2022-03-22;06:29:29.0000000;492
2485;2023-06-19;18:52:40.0000000;694
2486;2024-07-01;23:46:44.0000000;146
2487;2024-02-21;09:21:46.0000000;536
2488;2024-12-24;23:05:00.0000000;301
2489;2023-05-17;08:41:00.0000000;972
2490;2022-10-14;11:45:33.0000000;108
2491;2023-11-20;13:04:42.0000000;922
2492;2022-08-14;11:44:57.0000000;975
2493;2024-07-28;13:11:12.0000000;416
2494;2022-02-01;12:38:19.0000000;355
2495;2022-09-04;15:38:39.0000000;297
2496;2022-10-30;03:24:16.0000000;761
2497;2023-09-13;04:16:26.0000000;44
2498;2023-02-09;11:11:39.0000000;415
2499;2024-02-05;07:06:33.0000000;922
2500;2024-06-01;01:45:46.0000000;742
2501;2022-06-07;18:16:41.0000000;719
2502;2022-08-18;23:11:56.0000000;14
2503;2022-09-05;14:15:14.0000000;849
2504;2024-08-26;23:22:35.0000000;153
2505;2024-04-14;08:27:05.0000000;337
2506;2023-05-02;05:24:34.0000000;889
2507;2022-07-26;09:49:44.0000000;870
2508;2022-03-29;11:41:33.0000000;753
2509;2022-01-17;05:41:55.0000000;34
2510;2024-11-28;15:30:01.0000000;249
2511;2023-04-02;15:26:29.0000000;480
2512;2023-06-06;02:59:44.0000000;380
2513;2024-01-22;21:48:00.0000000;465
2514;2024-07-01;14:07:18.0000000;781
2515;2023-07-12;14:34:57.0000000;880
2516;2023-03-05;13:40:56.0000000;80
2517;2023-06-15;10:29:32.0000000;740
2518;2022-12-14;07:15:41.0000000;696
2519;2023-09-21;20:11:23.0000000;85
2520;2023-07-12;13:22:23.0000000;250
2521;2023-01-24;21:23:48.0000000;910
2522;2023-04-12;13:12:38.0000000;684
2523;2024-11-13;09:03:44.0000000;881
2524;2023-06-06;17:43:14.0000000;340
2525;2022-08-15;15:52:58.0000000;888
2526;2024-09-01;17:25:28.0000000;417
2527;2024-04-12;02:34:29.0000000;449
2528;2023-12-04;09:04:54.0000000;534
2529;2022-10-07;02:24:25.0000000;1006
2530;2022-05-03;07:24:28.0000000;150
2531;2024-06-28;11:06:05.0000000;975
2532;2024-10-31;13:04:45.0000000;753
2533;2022-10-15;15:07:30.0000000;1000
2534;2024-04-20;20:41:15.0000000;284
2535;2023-12-02;03:29:29.0000000;501
2536;2024-11-14;20:37:47.0000000;43
2537;2023-10-17;18:30:07.0000000;680
2538;2024-07-12;01:26:03.0000000;794
2539;2022-11-12;14:54:09.0000000;719
2540;2024-10-02;09:23:09.0000000;709
2541;2022-01-22;16:38:50.0000000;307
2542;2022-12-16;10:41:38.0000000;874
2543;2024-10-06;23:36:59.0000000;14
2544;2024-02-23;18:49:00.0000000;377
2545;2023-03-10;08:23:31.0000000;37
2546;2024-10-04;06:41:51.0000000;603
2547;2022-10-24;13:45:26.0000000;323
2548;2023-12-31;08:25:31.0000000;248
2549;2024-12-22;13:23:58.0000000;803
2550;2022-09-22;11:22:54.0000000;707
2551;2024-04-17;17:57:44.0000000;42
2552;2023-01-26;04:55:45.0000000;961
2553;2023-11-21;18:03:21.0000000;498
2554;2023-08-02;12:42:02.0000000;471
2555;2022-05-13;15:41:12.0000000;583
2556;2023-05-14;22:33:33.0000000;782
2557;2024-07-07;04:57:23.0000000;512
2558;2024-07-16;02:52:19.0000000;420
2559;2023-10-02;11:15:32.0000000;30
2560;2024-10-18;11:23:51.0000000;391
2561;2023-07-03;10:59:46.0000000;758
2562;2022-01-03;19:44:37.0000000;601
2563;2022-12-03;06:53:22.0000000;538
2564;2024-02-05;20:05:59.0000000;475
2565;2023-10-22;16:46:25.0000000;871
2566;2024-05-13;10:14:12.0000000;572
2567;2022-06-30;23:20:35.0000000;441
2568;2024-02-21;19:07:52.0000000;644
2569;2024-02-18;22:37:04.0000000;942
2570;2024-04-11;11:49:40.0000000;617
2571;2022-12-27;12:57:01.0000000;530
2572;2023-01-02;05:07:33.0000000;590
2573;2022-09-21;06:13:25.0000000;909
2574;2022-03-07;14:59:35.0000000;253
2575;2023-08-15;01:58:25.0000000;761
2576;2024-03-20;20:56:19.0000000;188
2577;2023-01-17;23:13:48.0000000;369
2578;2023-08-28;23:42:52.0000000;864
2579;2024-05-05;11:21:56.0000000;691
2580;2024-07-03;04:28:56.0000000;764
2581;2022-09-29;11:57:22.0000000;597
2582;2024-04-16;22:54:40.0000000;596
2583;2024-06-10;14:36:55.0000000;153
2584;2024-10-03;18:16:33.0000000;970
2585;2022-10-23;06:36:05.0000000;713
2586;2022-01-15;11:24:58.0000000;640
2587;2022-07-17;10:24:37.0000000;644
2588;2024-08-02;21:03:23.0000000;122
2589;2024-06-15;14:38:27.0000000;259
2590;2022-05-22;07:17:23.0000000;891
2591;2024-05-26;05:23:57.0000000;677
2592;2024-10-09;14:59:26.0000000;704
2593;2022-04-01;08:43:17.0000000;859
2594;2024-05-28;10:31:42.0000000;317
2595;2024-01-30;03:08:37.0000000;999
2596;2024-11-24;05:04:06.0000000;545
2597;2022-01-08;04:40:20.0000000;354
2598;2024-06-17;01:26:56.0000000;875
2599;2022-07-20;04:35:38.0000000;750
2600;2022-04-10;20:37:15.0000000;636
2601;2022-06-15;00:03:05.0000000;320
2602;2024-06-16;03:01:20.0000000;275
2603;2024-08-20;10:13:57.0000000;526
2604;2023-01-13;07:20:48.0000000;403
2605;2022-08-17;18:29:43.0000000;237
2606;2024-05-11;11:14:20.0000000;734
2607;2023-12-03;06:26:20.0000000;674
2608;2022-09-25;17:10:05.0000000;956
2609;2022-01-31;12:00:31.0000000;103
2610;2024-06-18;12:31:17.0000000;981
2611;2023-03-20;11:14:34.0000000;111
2612;2024-11-16;06:39:12.0000000;534
2613;2024-06-11;04:54:19.0000000;418
2614;2024-07-24;22:48:44.0000000;611
2615;2024-11-18;15:11:02.0000000;428
2616;2024-02-08;10:34:50.0000000;75
2617;2022-07-09;04:39:08.0000000;259
2618;2024-01-07;10:29:04.0000000;600
2619;2022-03-17;14:37:30.0000000;530
2620;2022-02-21;19:30:06.0000000;155
2621;2022-06-24;22:10:50.0000000;59
2622;2022-06-18;09:54:40.0000000;449
2623;2022-07-07;21:20:42.0000000;99
2624;2023-10-22;18:11:14.0000000;645
2625;2023-08-21;05:43:15.0000000;281
2626;2024-07-02;07:30:27.0000000;708
2627;2024-04-13;12:21:19.0000000;821
2628;2022-10-07;18:33:22.0000000;638
2629;2023-02-16;01:20:09.0000000;556
2630;2023-02-09;11:00:07.0000000;555
2631;2024-05-14;18:46:09.0000000;490
2632;2022-07-10;09:50:30.0000000;49
2633;2024-03-31;06:19:43.0000000;166
2634;2024-07-28;00:01:48.0000000;16
2635;2022-06-04;17:07:04.0000000;210
2636;2023-08-11;17:32:30.0000000;314
2637;2022-06-26;08:21:39.0000000;159
2638;2023-10-13;10:41:56.0000000;531
2639;2023-04-02;00:42:27.0000000;481
2640;2022-11-01;08:23:20.0000000;112
2641;2024-10-17;17:20:08.0000000;211
2642;2024-07-14;18:17:05.0000000;473
2643;2024-03-14;06:05:04.0000000;238
2644;2024-02-10;09:12:04.0000000;365
2645;2022-11-21;15:22:33.0000000;990
2646;2022-04-09;00:37:54.0000000;793
2647;2022-05-05;11:15:17.0000000;465
2648;2024-10-19;20:08:50.0000000;574
2649;2022-06-11;02:45:03.0000000;692
2650;2024-03-24;12:40:34.0000000;909
2651;2022-10-25;23:12:53.0000000;861
2652;2022-06-03;08:01:39.0000000;738
2653;2022-08-29;16:40:59.0000000;727
2654;2022-06-19;18:37:50.0000000;349
2655;2024-01-03;00:51:20.0000000;210
2656;2023-09-24;00:17:26.0000000;401
2657;2022-12-28;06:49:50.0000000;643
2658;2023-03-28;04:54:27.0000000;339
2659;2023-03-21;18:10:04.0000000;985
2660;2022-10-05;06:20:33.0000000;564
2661;2023-12-31;23:53:29.0000000;739
2662;2023-07-02;07:33:50.0000000;737
2663;2024-12-19;06:05:02.0000000;126
2664;2023-08-05;01:49:40.0000000;321
2665;2023-10-21;08:03:31.0000000;718
2666;2022-01-22;12:41:31.0000000;67
2667;2022-08-19;17:45:44.0000000;674
2668;2022-06-19;05:02:41.0000000;620
2669;2023-08-03;11:26:17.0000000;49
2670;2022-09-01;08:40:38.0000000;975
2671;2024-09-29;15:35:37.0000000;330
2672;2022-07-20;21:01:50.0000000;235
2673;2022-07-29;11:02:39.0000000;769
2674;2022-05-16;18:36:21.0000000;637
2675;2024-12-04;09:54:56.0000000;193
2676;2024-08-15;14:51:04.0000000;951
2677;2022-03-24;12:51:15.0000000;1008
2678;2023-02-13;05:13:11.0000000;945
2679;2024-11-26;14:08:59.0000000;216
2680;2023-11-27;00:36:33.0000000;477
2681;2022-01-30;10:58:39.0000000;672
2682;2023-02-16;16:44:28.0000000;531
2683;2024-12-01;15:22:41.0000000;848
2684;2024-02-24;23:10:13.0000000;62
2685;2024-09-25;08:07:48.0000000;460
2686;2022-09-05;16:51:49.0000000;148
2687;2024-04-16;08:28:19.0000000;240
2688;2023-07-09;10:18:49.0000000;618
2689;2022-01-20;04:26:35.0000000;262
2690;2022-04-07;12:54:59.0000000;130
2691;2024-11-27;21:30:48.0000000;582
2692;2024-10-16;00:05:58.0000000;970
2693;2024-08-18;04:06:50.0000000;56
2694;2022-11-10;07:38:02.0000000;724
2695;2023-07-05;10:46:54.0000000;225
2696;2022-03-12;01:43:00.0000000;808
2697;2024-11-21;01:01:06.0000000;649
2698;2023-12-17;20:11:16.0000000;823
2699;2024-12-06;08:08:10.0000000;941
2700;2022-10-29;15:22:21.0000000;587
2701;2023-02-13;13:32:23.0000000;854
2702;2024-09-28;01:17:24.0000000;951
2703;2024-08-08;01:19:03.0000000;246
2704;2022-12-12;23:40:36.0000000;293
2705;2022-11-24;18:14:16.0000000;775
2706;2024-07-06;02:02:36.0000000;786
2707;2024-11-15;19:43:11.0000000;973
2708;2024-02-19;20:00:56.0000000;371
2709;2023-05-09;01:13:20.0000000;938
2710;2023-07-11;08:39:39.0000000;510
2711;2023-10-07;16:26:49.0000000;14
2712;2023-11-13;11:12:34.0000000;726
2713;2023-08-04;02:08:40.0000000;1009
2714;2024-01-06;22:18:57.0000000;199
2715;2024-06-16;17:40:40.0000000;326
2716;2023-01-01;03:40:08.0000000;645
2717;2023-09-30;06:40:55.0000000;172
2718;2024-11-16;19:52:21.0000000;343
2719;2023-10-28;14:37:00.0000000;122
2720;2022-01-23;14:13:10.0000000;293
2721;2022-11-30;12:24:07.0000000;319
2722;2022-08-13;01:57:29.0000000;649
2723;2024-07-04;17:51:39.0000000;867
2724;2023-10-10;19:48:43.0000000;219
2725;2023-06-09;23:40:15.0000000;702
2726;2023-12-16;20:31:38.0000000;909
2727;2022-05-28;01:17:12.0000000;846
2728;2023-07-26;17:30:53.0000000;147
2729;2022-07-24;14:26:05.0000000;163
2730;2024-06-29;20:26:25.0000000;319
2731;2024-06-16;05:06:18.0000000;344
2732;2022-03-24;04:05:26.0000000;715
2733;2024-11-28;15:28:05.0000000;871
2734;2024-08-10;23:12:23.0000000;49
2735;2022-06-27;06:47:50.0000000;8
2736;2022-10-21;11:13:06.0000000;239
2737;2023-06-13;23:13:37.0000000;195
2738;2022-12-11;12:29:18.0000000;437
2739;2022-04-17;10:54:30.0000000;569
2740;2024-06-14;11:16:54.0000000;678
2741;2023-06-06;07:59:59.0000000;64
2742;2024-06-09;03:27:50.0000000;387
2743;2022-10-22;07:46:13.0000000;720
2744;2022-10-01;17:43:55.0000000;252
2745;2022-04-13;04:28:46.0000000;261
2746;2024-12-24;04:30:06.0000000;345
2747;2024-11-16;01:18:49.0000000;770
2748;2024-06-04;20:09:46.0000000;230
2749;2024-07-15;13:18:34.0000000;221
2750;2022-07-22;10:21:53.0000000;945
2751;2024-03-31;22:26:00.0000000;730
2752;2022-04-26;12:36:57.0000000;959
2753;2024-07-06;02:32:20.0000000;279
2754;2022-07-02;17:51:42.0000000;969
2755;2024-12-19;07:47:32.0000000;296
2756;2023-06-03;22:38:56.0000000;428
2757;2022-01-30;12:18:39.0000000;913
2758;2023-10-01;07:41:07.0000000;454
2759;2022-07-01;22:33:35.0000000;526
2760;2024-10-23;08:31:14.0000000;996
2761;2022-06-11;19:12:46.0000000;556
2762;2023-06-30;15:22:42.0000000;761
2763;2022-12-16;10:08:18.0000000;381
2764;2023-12-19;09:14:46.0000000;929
2765;2022-06-04;00:30:26.0000000;110
2766;2024-02-28;11:20:34.0000000;936
2767;2022-09-10;12:32:58.0000000;382
2768;2022-09-30;22:11:22.0000000;986
2769;2024-09-22;09:04:12.0000000;588
2770;2024-03-04;19:19:50.0000000;333
2771;2022-06-21;06:07:33.0000000;21
2772;2023-12-24;11:59:43.0000000;426
2773;2022-12-30;02:16:50.0000000;506
2774;2022-05-07;09:09:16.0000000;137
2775;2023-06-13;06:16:01.0000000;589
2776;2024-07-21;05:30:51.0000000;387
2777;2024-05-12;14:21:09.0000000;620
2778;2023-07-15;18:38:43.0000000;946
2779;2024-06-29;21:41:44.0000000;647
2780;2023-03-24;01:25:01.0000000;793
2781;2024-05-03;14:57:55.0000000;614
2782;2022-04-14;14:12:59.0000000;168
2783;2022-10-24;04:44:36.0000000;290
2784;2024-01-30;00:57:02.0000000;31
2785;2024-01-18;15:49:53.0000000;985
2786;2022-05-08;00:37:42.0000000;253
2787;2024-04-18;18:40:56.0000000;994
2788;2022-08-13;04:40:17.0000000;426
2789;2023-09-22;05:45:21.0000000;596
2790;2022-04-24;10:41:45.0000000;63
2791;2024-02-13;09:37:23.0000000;823
2792;2024-08-31;03:48:10.0000000;212
2793;2024-10-15;04:06:45.0000000;561
2794;2024-12-05;11:40:06.0000000;421
2795;2023-02-25;06:25:04.0000000;105
2796;2022-11-09;10:37:10.0000000;743
2797;2024-06-06;05:11:37.0000000;597
2798;2024-03-27;12:58:29.0000000;403
2799;2023-02-25;21:22:42.0000000;531
2800;2024-03-01;18:52:56.0000000;212
2801;2023-11-11;04:57:05.0000000;371
2802;2023-08-06;21:15:47.0000000;176
2803;2023-09-21;20:00:00.0000000;387
2804;2023-04-08;05:25:35.0000000;23
2805;2023-08-01;18:22:52.0000000;431
2806;2024-08-12;12:50:43.0000000;28
2807;2023-03-01;20:05:49.0000000;849
2808;2024-09-23;23:30:17.0000000;516
2809;2024-04-27;10:16:15.0000000;306
2810;2024-03-01;20:31:07.0000000;216
2811;2023-10-25;01:40:31.0000000;156
2812;2022-08-11;05:12:38.0000000;899
2813;2022-03-28;03:27:26.0000000;143
2814;2024-05-06;04:27:59.0000000;304
2815;2023-12-29;20:37:18.0000000;79
2816;2024-05-07;18:02:06.0000000;42
2817;2022-07-05;00:56:49.0000000;290
2818;2024-07-06;08:14:16.0000000;167
2819;2024-05-19;14:24:47.0000000;599
2820;2022-11-11;15:03:30.0000000;288
2821;2023-11-19;17:44:57.0000000;203
2822;2022-01-17;01:53:29.0000000;385
2823;2022-08-21;03:30:14.0000000;274
2824;2022-02-16;00:26:08.0000000;874
2825;2022-12-27;00:32:58.0000000;72
2826;2024-09-10;12:38:47.0000000;313
2827;2023-04-17;15:48:46.0000000;402
2828;2022-01-30;12:39:20.0000000;959
2829;2022-04-20;09:02:57.0000000;660
2830;2022-03-23;05:24:08.0000000;462
2831;2024-06-26;09:37:57.0000000;271
2832;2022-04-19;18:38:07.0000000;724
2833;2024-04-11;06:50:01.0000000;88
2834;2024-04-02;15:18:50.0000000;791
2835;2024-03-30;05:40:06.0000000;577
2836;2022-07-12;03:58:17.0000000;645
2837;2022-09-01;02:16:23.0000000;525
2838;2022-06-08;07:15:11.0000000;684
2839;2024-04-08;08:51:38.0000000;937
2840;2022-03-01;10:38:53.0000000;70
2841;2023-06-17;08:24:49.0000000;822
2842;2024-04-10;02:28:30.0000000;63
2843;2023-10-08;21:07:36.0000000;4
2844;2022-06-11;15:34:27.0000000;405
2845;2023-12-30;13:38:02.0000000;105
2846;2023-10-13;13:35:26.0000000;813
2847;2024-04-11;06:40:29.0000000;286
2848;2022-07-04;21:45:36.0000000;738
2849;2022-08-26;13:30:44.0000000;697
2850;2023-08-06;19:31:20.0000000;828
2851;2022-02-23;05:15:11.0000000;153
2852;2023-09-19;08:13:59.0000000;25
2853;2022-01-25;19:54:41.0000000;307
2854;2023-10-04;00:19:26.0000000;131
2855;2023-02-09;07:52:17.0000000;467
2856;2022-01-20;20:50:49.0000000;698
2857;2022-10-04;12:45:33.0000000;990
2858;2024-04-24;05:03:22.0000000;919
2859;2023-06-08;20:55:20.0000000;978
2860;2022-10-01;12:06:06.0000000;901
2861;2022-09-15;18:27:51.0000000;469
2862;2022-02-07;04:24:35.0000000;859
2863;2022-04-03;01:46:15.0000000;255
2864;2024-05-24;08:35:24.0000000;457
2865;2024-06-27;19:22:57.0000000;581
2866;2022-12-05;22:58:27.0000000;663
2867;2023-12-26;21:26:24.0000000;827
2868;2022-12-15;01:17:16.0000000;230
2869;2023-03-18;22:48:05.0000000;59
2870;2023-10-23;22:11:35.0000000;38
2871;2022-02-09;14:38:18.0000000;639
2872;2024-05-26;12:47:57.0000000;955
2873;2024-06-14;08:08:06.0000000;432
2874;2023-12-19;17:10:41.0000000;384
2875;2022-12-23;10:48:51.0000000;526
2876;2022-12-05;06:57:05.0000000;11
2877;2024-02-17;16:16:56.0000000;813
2878;2023-09-03;21:32:01.0000000;317
2879;2023-02-20;19:57:16.0000000;282
2880;2023-08-29;06:58:06.0000000;122
2881;2023-10-09;20:52:44.0000000;749
2882;2024-09-18;17:31:08.0000000;977
2883;2022-04-13;06:09:59.0000000;287
2884;2024-12-27;17:02:51.0000000;210
2885;2023-10-12;10:29:30.0000000;431
2886;2022-11-07;03:43:03.0000000;319
2887;2024-11-13;05:33:31.0000000;582
2888;2024-02-05;14:28:44.0000000;911
2889;2022-11-04;06:37:55.0000000;972
2890;2024-04-19;04:07:17.0000000;698
2891;2024-10-19;12:39:46.0000000;90
2892;2022-08-23;19:48:11.0000000;651
2893;2024-09-24;15:45:49.0000000;39
2894;2023-10-12;10:22:02.0000000;174
2895;2023-08-02;19:35:59.0000000;881
2896;2024-12-27;00:58:52.0000000;723
2897;2022-04-25;01:50:57.0000000;197
2898;2023-08-31;20:03:34.0000000;244
2899;2024-11-23;19:53:30.0000000;882
2900;2022-11-23;14:38:04.0000000;707
2901;2024-04-09;09:23:40.0000000;730
2902;2023-07-26;09:32:42.0000000;485
2903;2022-08-06;00:26:54.0000000;471
2904;2023-11-06;13:31:03.0000000;847
2905;2022-02-09;14:55:51.0000000;804
2906;2024-06-06;20:35:41.0000000;453
2907;2024-04-14;05:59:12.0000000;521
2908;2023-10-27;11:22:06.0000000;842
2909;2024-08-04;09:39:05.0000000;103
2910;2023-03-01;07:59:09.0000000;677
2911;2022-12-25;20:11:19.0000000;696
2912;2024-11-25;16:02:33.0000000;211
2913;2023-12-18;02:53:30.0000000;605
2914;2023-08-31;22:37:04.0000000;872
2915;2023-08-09;10:35:48.0000000;705
2916;2022-03-31;23:46:21.0000000;397
2917;2022-12-28;21:30:33.0000000;428
2918;2024-12-19;22:54:10.0000000;464
2919;2024-01-05;23:53:40.0000000;888
2920;2022-12-04;15:41:00.0000000;616
2921;2024-06-22;05:18:12.0000000;312
2922;2024-03-05;14:28:06.0000000;970
2923;2024-06-12;08:28:58.0000000;848
2924;2023-04-18;22:48:08.0000000;509
2925;2024-04-07;17:31:44.0000000;604
2926;2022-06-23;22:50:00.0000000;722
2927;2022-02-07;03:32:25.0000000;30
2928;2022-07-26;14:49:42.0000000;937
2929;2024-02-22;17:08:15.0000000;443
2930;2023-06-25;09:32:27.0000000;538
2931;2024-08-16;02:58:52.0000000;40
2932;2022-08-08;23:53:02.0000000;979
2933;2023-10-07;17:02:12.0000000;237
2934;2024-11-20;18:26:03.0000000;612
2935;2023-11-16;18:21:31.0000000;85
2936;2024-04-22;03:16:10.0000000;639
2937;2022-11-04;04:56:29.0000000;128
2938;2024-11-20;17:42:33.0000000;232
2939;2024-08-16;07:33:43.0000000;621
2940;2023-12-24;07:45:20.0000000;63
2941;2022-07-18;19:38:29.0000000;362
2942;2023-03-17;06:44:50.0000000;335
2943;2022-11-18;03:53:18.0000000;735
2944;2024-11-14;22:11:13.0000000;273
2945;2024-07-20;00:58:36.0000000;597
2946;2022-02-08;02:52:01.0000000;907
2947;2022-04-14;23:30:34.0000000;704
2948;2024-02-26;06:19:56.0000000;44
2949;2024-04-15;02:29:54.0000000;244
2950;2023-09-24;19:18:00.0000000;686
2951;2022-03-06;00:43:21.0000000;773
2952;2022-12-28;15:14:12.0000000;357
2953;2023-09-15;21:51:38.0000000;395
2954;2023-10-23;12:13:15.0000000;295
2955;2024-10-25;18:18:25.0000000;245
2956;2022-07-15;11:04:50.0000000;92
2957;2022-12-09;23:37:09.0000000;141
2958;2023-11-05;11:53:42.0000000;855
2959;2023-10-30;07:01:00.0000000;410
2960;2024-11-08;15:06:07.0000000;437
2961;2022-09-08;10:04:18.0000000;991
2962;2022-07-21;00:20:38.0000000;132
2963;2023-10-14;05:30:24.0000000;999
2964;2022-11-26;18:39:06.0000000;267
2965;2022-05-21;00:12:33.0000000;932
2966;2022-07-24;17:03:10.0000000;164
2967;2023-05-29;05:43:43.0000000;693
2968;2024-10-24;09:52:47.0000000;93
2969;2022-02-23;17:20:27.0000000;276
2970;2022-05-08;16:32:25.0000000;754
2971;2024-08-24;20:13:14.0000000;804
2972;2023-11-02;11:48:50.0000000;693
2973;2022-01-27;08:26:22.0000000;353
2974;2022-06-07;04:54:20.0000000;320
2975;2024-05-15;06:11:37.0000000;652
2976;2022-03-27;14:18:18.0000000;153
2977;2024-12-18;15:54:13.0000000;76
2978;2024-07-01;00:06:04.0000000;280
2979;2023-11-03;03:03:53.0000000;643
2980;2023-12-01;21:40:35.0000000;765
2981;2024-01-26;01:29:58.0000000;643
2982;2024-08-28;14:33:16.0000000;407
2983;2023-12-07;15:29:12.0000000;16
2984;2024-08-06;09:07:32.0000000;428
2985;2024-04-21;12:47:44.0000000;973
2986;2022-01-12;09:41:51.0000000;105
2987;2024-05-24;14:27:37.0000000;283
2988;2024-05-20;18:01:00.0000000;313
2989;2024-11-16;07:59:16.0000000;814
2990;2024-05-07;01:58:41.0000000;315
2991;2023-11-17;16:27:51.0000000;209
2992;2022-09-02;05:36:53.0000000;923
2993;2022-06-06;04:29:19.0000000;658
2994;2023-09-18;06:29:47.0000000;924
2995;2024-11-03;12:56:56.0000000;219
2996;2024-04-03;07:25:58.0000000;534
2997;2024-10-07;15:08:38.0000000;495
2998;2024-06-19;07:46:27.0000000;230
2999;2024-01-21;02:34:41.0000000;409
3000;2022-01-18;11:58:48.0000000;383
